SQUARE,PLOT,ANO,PH,LOI,C_CONC_LOI,C_STOCK_LOI,BULK_DENSITY,MOISTURE,N_PERCENT,N_STOCK,PO4_OLSEN,LC07,LC07_NUM,COUNTRY,COUNTY07,EZ_DESC_07,STATE_PH,STATE_NUMBER
AZFZMV,JQWCHLFHEI,2007,4.31,93.98097,516.895335,78.47172523,0.101209046,86.39689559,,,,31s,39,SCO,Shetland Islands,Intermediate uplands and Islands (Scotland),Fuertemenete Ácido,2
AZFZMV,TBVIDVQSYN,2007,4.26,95.67244,526.19842,105.3531998,0.133477152,83.97785808,,,,31s,39,SCO,Shetland Islands,Intermediate uplands and Islands (Scotland),Fuertemenete Ácido,2
AZFZMV,UIQCIDIIWP,2007,5.14,87.1792,479.4856,154.0449977,0.214180916,67.54845293,,,,31s,39,SCO,Shetland Islands,Intermediate uplands and Islands (Scotland),Moderadamente Ácido,3
BBIJIG,HJOMAUMGGT,2007,4.8,59.37095,326.540225,123.9156635,0.252987032,70.13814276,1.62,6.147584879,10.3,31s,39,SCO,Shetland Islands,Intermediate uplands and Islands (Scotland),Fuertemenete Ácido,2
BBIJIG,HVBFNPCNXS,2007,5.03,22.86194,125.74067,128.2465775,0.679952782,28.15402337,0.81,8.261426298,119,31s,39,SCO,Shetland Islands,Intermediate uplands and Islands (Scotland),Moderadamente Ácido,3
BBIJIG,OPMJBPTFOU,2007,4.68,86.16865,473.927575,85.97038272,0.120933222,83.48404546,,,52,31s,39,SCO,Shetland Islands,Intermediate uplands and Islands (Scotland),Fuertemenete Ácido,2
BBIJIG,TOCAAYKWIC,2007,5.18,26.40156,145.20858,74.81219388,0.343470034,58.12663722,1.05,5.409653037,21.4,31s,39,SCO,Shetland Islands,Intermediate uplands and Islands (Scotland),Moderadamente Ácido,3
BBIJIG,YRRYXGNVCQ,2007,5.24,56.92997,313.114835,83.45979742,0.177697952,79.12136513,,,10,31s,39,SCO,Shetland Islands,Intermediate uplands and Islands (Scotland),Moderadamente Ácido,3
BBYZZW,HORAQAYXRV,2007,5.98,9.703429,53.3688595,68.87004552,0.860302508,40.0717048,,,,27s,35,SCO,Scottish Borders,Lowlands (Scotland),Moderadamente Ácido,3
BBYZZW,ORUXDJHJJR,2007,6.32,15.05123,82.781765,82.02375559,0.660562187,45.85370574,,,,27s,35,SCO,Scottish Borders,Lowlands (Scotland),Levemenete Ácido,4
BBYZZW,PZXJAQNOCD,2007,4.21,16.89708,92.93394,65.13356049,0.467239134,54.58777598,,,,27s,35,SCO,Scottish Borders,Lowlands (Scotland),Fuertemenete Ácido,2
BBYZZW,QZJHLGDTRJ,2007,3.8,12.92421,71.083155,53.1570458,0.498543298,50.43796389,,,,27s,35,SCO,Scottish Borders,Lowlands (Scotland),Extremadamente Ácido,1
BBYZZW,RGAPVRQVCJ,2007,5.16,21.13009,116.215495,87.08603807,0.499566419,59.61312295,,,,27s,35,SCO,Scottish Borders,Lowlands (Scotland),Moderadamente Ácido,3
BCEQHP,CNJTUUFAID,2007,6.67,5.536706,30.451883,45.88526749,1.004541438,17.04164129,,,,16e,15,ENG,Northumberland,Westerly lowlands (England),Neutro,5
BCEQHP,DLTGBZDUYV,2007,7.17,7.004084,38.522462,62.23037046,1.076953847,23.60514524,,,,16e,15,ENG,Northumberland,Westerly lowlands (England),Neutro,5
BCEQHP,EHYQYIJDTF,2007,6.88,50.33717,276.854435,120.966563,0.291288002,72.72193086,,,,16e,15,ENG,Northumberland,Westerly lowlands (England),Neutro,5
BCEQHP,GUZSVYKHAC,2007,6.9,3.652564,20.089102,42.26997479,1.402749769,17.09061323,,,,16e,15,ENG,Northumberland,Westerly lowlands (England),Neutro,5
BCEQHP,YPZKSMLXSU,2007,7.57,5.672164,31.196902,59.04503088,1.261771246,24.02813797,,,,16e,15,ENG,Northumberland,Westerly lowlands (England),Levemenete Alcalino,6
BFRWQY,FYAIPNWBPG,2007,6.95,2.517272,13.844996,28.11401651,1.353751035,12.06761848,,,,3e,3,ENG,Norfolk,Easterly lowlands (England),Neutro,5
BFRWQY,PDKRRETOAE,2007,4.41,5.145917,28.3025435,57.6834704,1.358734664,15.1120746,,,,3e,3,ENG,Norfolk,Easterly lowlands (England),Fuertemenete Ácido,2
BFRWQY,SREDGYUYUK,2007,4.59,1.916235,10.5392925,25.62647022,1.621011418,13.2360269,,,,3e,3,ENG,Norfolk,Easterly lowlands (England),Fuertemenete Ácido,2
BFRWQY,VSIBGOETJY,2007,7.05,2.435035,13.3926925,20.62604728,1.02673142,11.32912245,,,,3e,3,ENG,Norfolk,Easterly lowlands (England),Neutro,5
BGLCUJ,OICFVOXEON,2007,7.01,5.524735,30.3860425,56.19246247,1.232856883,26.57602099,,,,11e,11,ENG,Gloucestershire,Easterly lowlands (England),Neutro,5
BGLCUJ,PTMSMHQBKS,2007,7.86,6.0095,33.05225,62.16865204,1.253946948,27.78859153,,,,11e,11,ENG,Gloucestershire,Easterly lowlands (England),Levemenete Alcalino,6
BGLCUJ,PUIYLTBEJF,2007,6.7,8.331022,45.820621,78.36461149,1.140165131,31.28446327,,,,11e,11,ENG,Gloucestershire,Easterly lowlands (England),Neutro,5
BGLCUJ,YNFAQXQMZB,2007,5.26,16.38479,90.116345,83.44010732,0.617276901,44.16155261,,,,11e,11,ENG,Gloucestershire,Easterly lowlands (England),Moderadamente Ácido,3
BHNAKW,ERCGCSFBSU,2007,6.55,12.10161,66.558855,79.11217285,0.792403183,26.98890844,0.6,7.131628648,9.96,7s,25,SCO,Dumfries & Galloway,Lowlands (Scotland),Neutro,5
BHNAKW,MERLHQFYEK,2007,6.53,10.0231,55.12705,59.07347602,0.714391888,25.15461906,0.47,5.036462813,51.4,7s,25,SCO,Dumfries & Galloway,Lowlands (Scotland),Neutro,5
BIHYSL,ASYTZGATTM,2007,8.46,2.464077,13.5524235,30.57957956,1.504261313,12.94364916,,,,3e,3,ENG,Norfolk,Easterly lowlands (England),Moderadamente Alcalino,7
BIHYSL,BYAYTWTWMZ,2007,6.78,5.435445,29.8949475,45.83527783,1.022141012,20.32877146,,,,3e,3,ENG,Norfolk,Easterly lowlands (England),Neutro,5
BIHYSL,DKWHJNOFLK,2007,8.4,2.453744,13.495592,30.89269562,1.526063504,11.66661727,,,,3e,3,ENG,Norfolk,Easterly lowlands (England),Moderadamente Alcalino,7
BIHYSL,KYDQMFFLID,2007,8.15,1.864396,10.254178,25.78304954,1.67626305,10.56431937,,,,3e,3,ENG,Norfolk,Easterly lowlands (England),Moderadamente Alcalino,7
BIHYSL,YGEGWMGRZB,2007,8.67,2.230279,12.2665345,24.98871572,1.358097009,12.3898491,,,,3e,3,ENG,Norfolk,Easterly lowlands (England),Moderadamente Alcalino,7
BIQGKG,BUUHSLYGAG,2007,4,35.25218,193.88699,77.54487688,0.26663256,60.0481747,,,,7w,43,WAL,Gwynedd,Lowlands (Wales),Fuertemenete Ácido,2
BIQGKG,ETJTFQALJQ,2007,5.16,3.542386,19.483123,41.4276638,1.417557264,15.74666317,,,,7w,43,WAL,Gwynedd,Lowlands (Wales),Moderadamente Ácido,3
BIQGKG,UXBVWGFRUG,2007,6.76,2.939147,16.1653085,30.167731,1.244134664,18.29856468,,,,7w,43,WAL,Gwynedd,Lowlands (Wales),Neutro,5
BIQGKG,ZUHTMNXDTN,2007,6.36,22.44614,123.45377,116.7514153,0.630473066,51.83945086,,,,7w,43,WAL,Gwynedd,Lowlands (Wales),Levemenete Ácido,4
BIQGKG,ZXBIADYMSJ,2007,4.88,17.81622,97.98921,95.95963841,0.652858537,45.10388705,,,,7w,43,WAL,Gwynedd,Lowlands (Wales),Fuertemenete Ácido,2
BJUBLC,DDCIZYATBC,2007,6.44,6.926528,38.095904,68.28571252,1.194979081,29.27175713,0.28,5.018912139,35.7,32s,40,SCO,Orkney Islands,Intermediate uplands and Islands (Scotland),Levemenete Ácido,4
BJUBLC,EUTGZPKEHY,2007,5.71,8.949665,49.2231575,74.39399837,1.007574512,30.17412505,0.34,5.138630013,99.6,32s,40,SCO,Orkney Islands,Intermediate uplands and Islands (Scotland),Moderadamente Ácido,3
BJUBLC,EYWRYYUHNG,2007,5.9,8.085505,44.4702775,71.74883047,1.075607267,31.03688068,0.33,5.324255972,61.9,32s,40,SCO,Orkney Islands,Intermediate uplands and Islands (Scotland),Moderadamente Ácido,3
BJUBLC,NQHXDIOCWM,2007,6.68,10.00288,55.01584,68.54350119,0.830591107,38.37135794,0.41,5.10813531,15.1,32s,40,SCO,Orkney Islands,Intermediate uplands and Islands (Scotland),Neutro,5
BJUBLC,PVDZKHBJZQ,2007,6.21,5.607398,30.840689,46.94471706,1.014778821,29.40189324,0.26,3.957637404,30.7,32s,40,SCO,Orkney Islands,Intermediate uplands and Islands (Scotland),Levemenete Ácido,4
BKRDLI,BMWXWEVKRL,2007,5.95,30.08016,165.44088,83.85725708,0.337914293,65.51634225,,,,30s,38,SCO,Argyll & Bute,Intermediate uplands and Islands (Scotland),Moderadamente Ácido,3
BKRDLI,FMDVWDJJKN,2007,5.21,33.7485,185.61675,123.3111919,0.442888162,59.03307488,,,,30s,38,SCO,Argyll & Bute,Intermediate uplands and Islands (Scotland),Moderadamente Ácido,3
BKRDLI,OJTPZKXNBS,2007,5.51,29.05332,159.79326,105.3907149,0.439696121,61.64313238,,,,30s,38,SCO,Argyll & Bute,Intermediate uplands and Islands (Scotland),Moderadamente Ácido,3
BKRDLI,QSELEPESJX,2007,6.23,21.77706,119.77383,97.75221179,0.544093323,53.64036178,,,,30s,38,SCO,Argyll & Bute,Intermediate uplands and Islands (Scotland),Levemenete Ácido,4
BKRDLI,ZKFMTPGMJP,2007,5.9,24.60375,135.320625,81.31700106,0.400613979,57.69188473,,,,30s,38,SCO,Argyll & Bute,Intermediate uplands and Islands (Scotland),Moderadamente Ácido,3
BLRZDJ,CWBUNNVMZC,2007,5.72,27.34125,150.376875,61.20129541,0.271324056,74.99417133,,,,25s,33,SCO,Argyll & Bute,Lowlands (Scotland),Moderadamente Ácido,3
BLRZDJ,GFIQTPVEXT,2007,4.37,93.7676,515.7218,58.8371769,0.076058031,92.80246842,,,,25s,33,SCO,Argyll & Bute,Lowlands (Scotland),Fuertemenete Ácido,2
BLRZDJ,LPESCVWNGD,2007,4.12,94.82258,521.52419,46.41650512,0.059334423,93.37607859,,,,25s,33,SCO,Argyll & Bute,Lowlands (Scotland),Fuertemenete Ácido,2
BLRZDJ,POVVGRQVMX,2007,4.76,65.19461,358.570355,71.66948647,0.13325044,86.73933016,,,,25s,33,SCO,Argyll & Bute,Lowlands (Scotland),Fuertemenete Ácido,2
BLRZDJ,SFYTGAQTUY,2007,5.08,95.1758,523.4669,32.58584525,0.041500039,94.90331145,,,,25s,33,SCO,Argyll & Bute,Lowlands (Scotland),Moderadamente Ácido,3
BOONVD,OGJFMRMYLJ,2007,7,3.036593,16.7012615,38.92138666,1.553630611,9.971818062,,,,10e,10,ENG,North Yorkshire,Westerly lowlands (England),Neutro,5
BOONVD,OUFHLLOQPV,2007,7.35,4.3673,24.02015,47.99272556,1.33201293,19.42382384,,,,10e,10,ENG,North Yorkshire,Westerly lowlands (England),Neutro,5
BOONVD,PRKBDWKWZK,2007,7.18,4.649841,25.5741255,57.22851802,1.49183382,17.65385737,,,,10e,10,ENG,North Yorkshire,Westerly lowlands (England),Neutro,5
BOONVD,VMGBELFZYG,2007,7.06,3.951261,21.7319355,52.74883796,1.61816659,13.75567961,,,,10e,10,ENG,North Yorkshire,Westerly lowlands (England),Neutro,5
CRWYWA,CSGQNHZDQP,2007,4.73,78.44412,431.44266,47.13563578,0.072834145,91.57470626,,,,21s,29,SCO,Highland,True uplands (Scotland),Fuertemenete Ácido,2
CRWYWA,JJVUYKELMF,2007,4.8,35.33057,194.318135,106.2223397,0.364427608,69.35633597,,,,21s,29,SCO,Highland,True uplands (Scotland),Fuertemenete Ácido,2
CRWYWA,VWCGWKKTCE,2007,5.09,5.08982,27.99401,44.93772306,1.070174728,33.50031521,,,,21s,29,SCO,Highland,True uplands (Scotland),Moderadamente Ácido,3
CRWYWA,XUCYYYDPGN,2007,4.56,88.37853,486.081915,103.8954312,0.142493721,85.6131886,,,,21s,29,SCO,Highland,True uplands (Scotland),Fuertemenete Ácido,2
CRWYWA,ZCFPEEDDYB,2007,4.34,94.50591,519.782505,52.43178084,0.067248359,92.17331038,,,,21s,29,SCO,Highland,True uplands (Scotland),Fuertemenete Ácido,2
CTERRY,LUKQONGWPN,2007,5.97,30.06819,165.375045,45.56265282,0.183674035,58.40205037,,,,29s,37,SCO,Highland,Intermediate uplands and Islands (Scotland),Moderadamente Ácido,3
CTERRY,NHHHOZPOTW,2007,5.59,29.38873,161.638015,69.21156726,0.285459116,61.67976455,,,,29s,37,SCO,Highland,Intermediate uplands and Islands (Scotland),Moderadamente Ácido,3
CTERRY,VHYJQKRCDG,2007,5.26,37.42686,205.84773,74.91206347,0.242613196,75.44622054,,,,29s,37,SCO,Highland,Intermediate uplands and Islands (Scotland),Moderadamente Ácido,3
CTERRY,XRVERDLYEZ,2007,6.35,9.345276,51.399018,57.25541369,0.742626557,36.22291828,,,,29s,37,SCO,Highland,Intermediate uplands and Islands (Scotland),Levemenete Ácido,4
CTERRY,YYFLHGCZUK,2007,4.87,83.52032,459.36176,37.50443948,0.05442978,91.50728868,,,,29s,37,SCO,Highland,Intermediate uplands and Islands (Scotland),Fuertemenete Ácido,2
CTFSTL,CRCUZMDOKM,2007,4.47,96.46895,530.579225,63.57105688,0.079876299,91.36969374,,,,30s,38,SCO,Argyll & Bute,Intermediate uplands and Islands (Scotland),Fuertemenete Ácido,2
CTFSTL,KULCZEGJII,2007,4.35,94.31272,518.71996,61.34011057,0.078835229,89.85333825,,,,30s,38,SCO,Argyll & Bute,Intermediate uplands and Islands (Scotland),Fuertemenete Ácido,2
CTFSTL,PGOEKGBWZR,2007,4.53,95.89996,527.44978,75.1466195,0.094981074,90.03403563,,,,30s,38,SCO,Argyll & Bute,Intermediate uplands and Islands (Scotland),Fuertemenete Ácido,2
CTFSTL,WBJWVGLAAE,2007,4.26,95.43378,524.88579,64.74893329,0.082238758,87.86383156,,,,30s,38,SCO,Argyll & Bute,Intermediate uplands and Islands (Scotland),Fuertemenete Ácido,2
DDNTIC,EWWQNBVWGR,2007,4.36,49.54443,272.494365,159.8840244,0.391161665,64.30760138,,,,19e,21,ENG,North Yorkshire,Uplands (England),Fuertemenete Ácido,2
DDNTIC,IXVGRMVNLO,2007,4.05,69.78867,383.837685,76.0426814,0.132074371,59.33083165,,,,19e,21,ENG,North Yorkshire,Uplands (England),Fuertemenete Ácido,2
DDNTIC,WSLYUOJMQG,2007,3.83,85.24345,468.838975,51.90068115,0.073800294,85.68698653,,,,19e,21,ENG,North Yorkshire,Uplands (England),Extremadamente Ácido,1
DEJBBK,AHEQVLACCK,2007,7.87,10.08098,55.44539,83.45870005,1.00349431,34.93930043,0.53,7.977779762,9,1e,1,ENG,South Gloucestershire Unitary Authority,Westerly lowlands (England),Levemenete Alcalino,6
DEJBBK,PEWAAMPVWT,2007,8.45,9.228206,50.755133,54.068099,0.710182344,33.21256667,0.49,5.21984023,,1e,1,ENG,South Gloucestershire Unitary Authority,Westerly lowlands (England),Moderadamente Alcalino,7
DEJBBK,TYHWFHGKHE,2007,6.34,9.051412,49.782766,80.16148349,1.073483723,31.66106613,0.45,7.246015131,6,1e,1,ENG,South Gloucestershire Unitary Authority,Westerly lowlands (England),Levemenete Ácido,4
DEJBBK,UZRSMIJFHV,2007,6.92,17.88187,98.350285,72.46786835,0.4912229,57.33065646,0.88,6.484142282,15,1e,1,ENG,South Gloucestershire Unitary Authority,Westerly lowlands (England),Neutro,5
DEOWTI,CLWNNTVLOD,2007,5.13,13.73654,75.55097,93.44577302,0.824571571,43.42514075,,,,23e,23,ENG,North Yorkshire,Uplands (England),Moderadamente Ácido,3
DEOWTI,DGYHKLLNHC,2007,3.47,87.78476,482.81618,91.51628925,0.126364571,87.46526987,,,,23e,23,ENG,North Yorkshire,Uplands (England),Extremadamente Ácido,1
DEOWTI,PZSMLVTQAK,2007,6.48,12.81226,70.46743,78.35565363,0.741294275,47.47234439,,,,23e,23,ENG,North Yorkshire,Uplands (England),Levemenete Ácido,4
DEOWTI,RQWWKMMWSF,2007,7.02,16.90712,92.98916,89.44105679,0.64122927,46.71983792,,,,23e,23,ENG,North Yorkshire,Uplands (England),Neutro,5
DEOWTI,ZAUIJUDNKX,2007,5.07,21.90341379,120.4687758,96.10170385,0.531820815,56.28907505,,,,23e,23,ENG,North Yorkshire,Uplands (England),Moderadamente Ácido,3
DETEQU,IWCIBMYNSV,2007,4.24,15.1824,83.5032,87.35038632,0.697381548,49.38997306,,,,17w2,18,WAL,Powys,Uplands (Wales),Fuertemenete Ácido,2
DETEQU,JDIFXKOGPP,2007,4.38,44.98569,247.421295,113.7916182,0.30660691,71.93997103,,,,17w2,18,WAL,Powys,Uplands (Wales),Fuertemenete Ácido,2
DETEQU,KMJQSGSMHT,2007,4.43,19.522,107.371,76.27477132,0.473590146,61.67547547,,,,17w2,18,WAL,Powys,Uplands (Wales),Fuertemenete Ácido,2
DETEQU,QYHYWODCWA,2007,5.05,12.40577,68.231735,72.66198321,0.709952959,46.50011705,,,,17w2,18,WAL,Powys,Uplands (Wales),Moderadamente Ácido,3
DETEQU,YZSBJDJSEG,2007,5.09,83.83662,461.10141,39.8496843,0.057615214,91.22774887,,,,17w2,18,WAL,Powys,Uplands (Wales),Moderadamente Ácido,3
DEYVMW,GFVMQJZWJY,2007,7.77,3.589359,19.7414745,42.89414463,1.448528904,19.34859666,,,,13e,13,ENG,Redcar and Cleveland Unitary Authority,Westerly lowlands (England),Levemenete Alcalino,6
DEYVMW,NGVTZSKOWT,2007,7.39,3.725825,20.4920375,42.87154445,1.394738304,18.20690618,,,,13e,13,ENG,Redcar and Cleveland Unitary Authority,Westerly lowlands (England),Neutro,5
DEYVMW,TMKSPQIMYR,2007,7.48,4.354047,23.9472585,56.36666321,1.569189036,19.26077359,,,,13e,13,ENG,Redcar and Cleveland Unitary Authority,Westerly lowlands (England),Neutro,5
DEYVMW,WJAILAKEFL,2007,7.52,4.487724,24.682482,50.2109779,1.356183923,23.19935635,,,,13e,13,ENG,Redcar and Cleveland Unitary Authority,Westerly lowlands (England),Levemenete Alcalino,6
DEYVMW,YTPQZXPBNR,2007,7.71,6.390569,35.1481295,,,,,,,13e,13,ENG,Redcar and Cleveland Unitary Authority,Westerly lowlands (England),Levemenete Alcalino,6
DJNWLT,CQSNOVMMWW,2007,3.95,20.68154,113.74847,68.90336145,0.403834656,50.17424838,,,,17w3,19,WAL,Mid Glamorgan,Uplands (Wales),Extremadamente Ácido,1
DJNWLT,GEAABGSONL,2007,6.91,13.64874,75.06807,76.61304344,0.680387311,48.25221727,,,,17w3,19,WAL,Mid Glamorgan,Uplands (Wales),Neutro,5
DJNWLT,MSBKBMBTCW,2007,6.56,17.6938,97.3159,57.60922167,0.394654396,38.38157935,,,,17w3,19,WAL,Mid Glamorgan,Uplands (Wales),Neutro,5
DJNWLT,QRMRIYGXVI,2007,3.71,12.0991,66.54505,70.66633326,0.707954819,45.70484281,,,,17w3,19,WAL,Mid Glamorgan,Uplands (Wales),Extremadamente Ácido,1
DJNWLT,WLZFBPCCEY,2007,5.45,10.98834,60.43587,75.75394592,0.835640003,38.30892602,,,,17w3,19,WAL,Mid Glamorgan,Uplands (Wales),Moderadamente Ácido,3
DJYEXM,GBENXKBXWH,2007,4.04,91.80457,504.925135,86.02618348,0.113582757,88.61379523,,,,18s,27,SCO,Argyll & Bute,Intermediate uplands and Islands (Scotland),Fuertemenete Ácido,2
DJYEXM,ODFDHWRIBQ,2007,5.1,18.59856,102.29208,74.38980532,0.484819583,56.08951194,,,,18s,27,SCO,Argyll & Bute,Intermediate uplands and Islands (Scotland),Moderadamente Ácido,3
DJYEXM,RXHFXAWEYU,2007,4.15,84.95577,467.256735,46.25303151,0.065992316,92.31977287,,,,18s,27,SCO,Argyll & Bute,Intermediate uplands and Islands (Scotland),Fuertemenete Ácido,2
DJYEXM,TSAMKOHFPD,2007,4.3,51.02969,280.663295,116.1840673,0.275974971,73.92858157,,,,18s,27,SCO,Argyll & Bute,Intermediate uplands and Islands (Scotland),Fuertemenete Ácido,2
DJYEXM,WQEHCIWBGW,2007,4.24,90.64873,498.568015,76.51567443,0.102313923,89.63288342,,,,18s,27,SCO,Argyll & Bute,Intermediate uplands and Islands (Scotland),Fuertemenete Ácido,2
DKFVKM,CTSLNOJWYJ,2007,7.99,3.132009,17.2260495,40.54838682,1.569266237,16.61040404,0.15,3.530849034,93.2,8e,8,ENG,Medway Unitary Authority,Westerly lowlands (England),Levemenete Alcalino,6
DKFVKM,KHSLPUBEKG,2007,8.1,3.129598,17.212789,37.48208574,1.451714603,19.10040851,0.15,3.266357858,80.9,8e,8,ENG,Medway Unitary Authority,Westerly lowlands (England),Moderadamente Alcalino,7
DKFVKM,NSFWBSDROT,2007,7.39,2.998317,16.4907435,36.2356957,1.464890316,16.64739822,0.15,3.296003212,95.9,8e,8,ENG,Medway Unitary Authority,Westerly lowlands (England),Neutro,5
DKFVKM,WRUAMDLXVR,2007,7.64,3.283875,18.0613125,35.47945773,1.309593188,18.55353889,0.15,2.946584673,126,8e,8,ENG,Medway Unitary Authority,Westerly lowlands (England),Levemenete Alcalino,6
DKPKMO,CPICXGAGEA,2007,5.6,3.13237,17.228035,38.72794674,1.49864051,16.72730272,0.16,3.596737224,11.7,3e,3,ENG,Kent,Easterly lowlands (England),Moderadamente Ácido,3
DKPKMO,CPPGNJWWMC,2007,6.02,6.23249,34.278695,59.17736341,1.150906579,20.41366612,0.31,5.351715594,4.41,3e,3,ENG,Kent,Easterly lowlands (England),Levemenete Ácido,4
BQBGBD,ENVJMTAQIJ,2007,5.79,3.699501,20.3472555,32.44898978,1.063173353,20.34497047,0.18,2.870568053,34,3e,3,ENG,West Sussex,Easterly lowlands (England),Moderadamente Ácido,3
BQBGBD,NQVLKIQIQG,2007,5.96,2.811515,15.4633325,28.01801587,1.207933493,20.45884949,0.12,2.174280288,42,3e,3,ENG,West Sussex,Easterly lowlands (England),Moderadamente Ácido,3
BQBGBD,XLKKOMQYWL,2007,6.53,3.524045,19.3822475,42.46328084,1.460555794,19.35218523,0.17,3.724417276,23,3e,3,ENG,West Sussex,Easterly lowlands (England),Neutro,5
BQZPSZ,BQUPBSFKCL,2007,4.85,21.15051585,116.3278372,71.57242577,0.410176546,59.86548045,,,,17w1,17,WAL,Gwynedd,Uplands (Wales),Fuertemenete Ácido,2
BQZPSZ,NTGWNSUSIE,2007,4.68,36.12099454,198.66547,82.57945061,0.27711392,68.63826001,,,,17w1,17,WAL,Gwynedd,Uplands (Wales),Fuertemenete Ácido,2
BQZPSZ,QOMMRMQQHW,2007,4.72,63.7695078,350.7322929,107.7897604,0.204885155,81.22595438,,,,17w1,17,WAL,Gwynedd,Uplands (Wales),Fuertemenete Ácido,2
BQZPSZ,SKTKDQQENL,2007,3.93,,,,,,,,,17w1,17,WAL,Gwynedd,Uplands (Wales),Extremadamente Ácido,1
BQZPSZ,SMTAHFFWNV,2007,4.99,50.29785881,276.6382234,82.78692431,0.199507075,77.42166378,,,,17w1,17,WAL,Gwynedd,Uplands (Wales),Fuertemenete Ácido,2
BRBWRZ,ENTOLQJLKB,2007,5.69,12.84971,70.673405,90.84435371,0.856940492,37.06520534,,,,19e,21,ENG,North Yorkshire,Uplands (England),Moderadamente Ácido,3
BRBWRZ,JCRCPXDQYR,2007,6.75,13.391,73.6505,100.2199728,0.907167164,24.75440887,,,,19e,21,ENG,North Yorkshire,Uplands (England),Neutro,5
BRBWRZ,OODZXGUVYZ,2007,4.93,7.123037,39.1767035,66.05604909,1.124070229,23.96993176,,,,19e,21,ENG,North Yorkshire,Uplands (England),Fuertemenete Ácido,2
BRBWRZ,YMLMUYQCOY,2007,5.71,7.749781,42.6237955,73.87603327,1.155474032,20.76790551,,,,19e,21,ENG,North Yorkshire,Uplands (England),Moderadamente Ácido,3
BRBWRZ,ZOFUESNTJP,2007,5.57,7.527926,41.403593,64.14456076,1.032834047,25.53911318,,,,19e,21,ENG,North Yorkshire,Uplands (England),Moderadamente Ácido,3
BRKIBT,GGXABUENFH,2007,4.02,92.49072,508.69896,60.62954923,0.079457012,91.60905144,,,,28s,36,SCO,Argyll & Bute,Intermediate uplands and Islands (Scotland),Fuertemenete Ácido,2
BRKIBT,GMBGPBXHTY,2007,5.22,11.54474,63.49607,68.01075415,0.714067859,47.92536077,,,,28s,36,SCO,Argyll & Bute,Intermediate uplands and Islands (Scotland),Moderadamente Ácido,3
BRKIBT,JPGDBKOMVV,2007,4.53,14.78109,81.295995,85.55939781,0.701628642,44.36390471,,,,28s,36,SCO,Argyll & Bute,Intermediate uplands and Islands (Scotland),Fuertemenete Ácido,2
BRKIBT,YUHHLTWSNE,2007,5.72,34.38733,189.130315,62.45417277,0.220145116,78.68983244,,,,28s,36,SCO,Argyll & Bute,Intermediate uplands and Islands (Scotland),Moderadamente Ácido,3
BRKIBT,ZXSDAPZRRZ,2007,4.56,66.9072,367.9896,90.66400975,0.164251036,83.80945736,,,,28s,36,SCO,Argyll & Bute,Intermediate uplands and Islands (Scotland),Fuertemenete Ácido,2
BSARIT,BZXJHMMIAG,2007,5.17,5.395353,29.6744415,52.82497813,1.186767141,27.22579961,,,,6e,6,ENG,Devon,Westerly lowlands (England),Moderadamente Ácido,3
BSARIT,FSXJYHSBLF,2007,5.63,4.073596,22.404778,43.27256796,1.287599397,24.50428306,,,,6e,6,ENG,Devon,Westerly lowlands (England),Moderadamente Ácido,3
BSIDQZ,HCNJJUFTEF,2007,8.52,12.08269,66.454795,,,16.42144905,0.7,,20,2e,2,ENG,Hampshire,Easterly lowlands (England),Moderadamente Alcalino,7
BSIDQZ,IZBREXJLNF,2007,8.34,8.231896,45.275428,35.04763924,0.516065642,14.40711503,0.44,3.406033239,43,2e,2,ENG,Hampshire,Easterly lowlands (England),Moderadamente Alcalino,7
BSIDQZ,SYVBPQGPMK,2007,8.19,8.541108,46.976094,67.52100069,0.958232084,16.82899573,0.47,6.755536193,97,2e,2,ENG,Hampshire,Easterly lowlands (England),Moderadamente Alcalino,7
BSIDQZ,ZKVPGAAAFR,2007,8.09,9.095629,50.0259595,,,20.79609158,0.37,,60,2e,2,ENG,Hampshire,Easterly lowlands (England),Moderadamente Alcalino,7
BUITKA,BICMUWAEZQ,2007,5.65,23.9982,131.9901,74.8866899,0.378243974,69.75138052,1.11,6.297762164,25,15w,44,WAL,Dyfed,Lowlands (Wales),Moderadamente Ácido,3
BUITKA,DPLDRLIDCU,2007,5.84,10.68435,58.763925,69.14753392,0.784466932,41.49086152,0.47,5.53049187,8,15w,44,WAL,Dyfed,Lowlands (Wales),Moderadamente Ácido,3
BUITKA,EYQRDGUYBL,2007,6.05,9.555583,52.5557065,77.52336514,0.983380243,36.71524742,0.49,7.227844786,13,15w,44,WAL,Dyfed,Lowlands (Wales),Levemenete Ácido,4
BUITKA,KFLTVFDSVG,2007,5.01,9.272536,50.998948,57.90150116,0.756897981,32.53993267,0.38,4.314318492,31,15w,44,WAL,Dyfed,Lowlands (Wales),Moderadamente Ácido,3
BUITKA,UMXAQFKTJO,2007,5.99,11.41018,62.75599,81.10964742,0.861640431,37.72478134,0.58,7.49627175,11,15w,44,WAL,Dyfed,Lowlands (Wales),Moderadamente Ácido,3
BVHYKF,FCHLEQSQQW,2007,4.05,61.91393,340.526615,81.36559892,0.159293665,81.08569296,,,,22s,30,SCO,Dumfries & Galloway,True uplands (Scotland),Fuertemenete Ácido,2
BVHYKF,OILUJXMSHK,2007,4.14,95.77895,526.784225,47.10210866,0.059609617,94.83730314,,,,22s,30,SCO,Dumfries & Galloway,True uplands (Scotland),Fuertemenete Ácido,2
BVHYKF,REYGBBXHZL,2007,4.82,10.88791,59.883505,73.34407029,0.816519455,36.16032633,,,,22s,30,SCO,Dumfries & Galloway,True uplands (Scotland),Fuertemenete Ácido,2
BVHYKF,RGZQMXKDMX,2007,3.75,94.6008,520.3044,64.91795956,0.083179461,92.06970966,,,,22s,30,SCO,Dumfries & Galloway,True uplands (Scotland),Extremadamente Ácido,1
BVHYKF,VMBGKQRRFS,2007,4.23,94.86455,521.755025,46.31989195,0.059184726,90.51272399,,,,22s,30,SCO,Dumfries & Galloway,True uplands (Scotland),Fuertemenete Ácido,2
BXXDRJ,FENJQJPOAI,2007,8.58,3.510497,19.3077335,37.16122215,1.283120471,15.95435369,,,,1e,1,ENG,Oxfordshire,Westerly lowlands (England),Moderadamente Alcalino,7
BXXDRJ,OFKXYTHRRQ,2007,6.73,19.56614,107.61377,106.6212354,0.660517921,49.0469504,,,,1e,1,ENG,Oxfordshire,Westerly lowlands (England),Neutro,5
BXXDRJ,WFEEQQWOOJ,2007,8.97,2.531039,13.9207145,25.74551038,1.232959241,9.35699714,,,,1e,1,ENG,Oxfordshire,Westerly lowlands (England),Moderadamente Alcalino,7
BYEGRE,BZMKQABGHC,2007,5.47,13.49204,74.20622,110.8890329,0.996224062,25.37038156,,,,19s,28,SCO,Scottish Borders,Intermediate uplands and Islands (Scotland),Moderadamente Ácido,3
BYEGRE,ENKQBHRYIE,2007,5.74,32.28471,177.565905,119.7730877,0.449685006,39.57414102,,,,19s,28,SCO,Scottish Borders,Intermediate uplands and Islands (Scotland),Moderadamente Ácido,3
BYEGRE,TMHNBNHDEC,2007,4.17,34.95818,192.26999,120.5737687,0.418071028,56.18473596,,,,19s,28,SCO,Scottish Borders,Intermediate uplands and Islands (Scotland),Fuertemenete Ácido,2
BYEGRE,TYPKUBTAAL,2007,4.68,9.128049,50.2042695,71.74818239,0.952750076,30.15237942,,,,19s,28,SCO,Scottish Borders,Intermediate uplands and Islands (Scotland),Fuertemenete Ácido,2
BYEGRE,WJCRMXTLAQ,2007,5.59,14.1682,77.9251,103.1532737,0.882499337,29.67328315,,,,19s,28,SCO,Scottish Borders,Intermediate uplands and Islands (Scotland),Moderadamente Ácido,3
BYSENQ,AIZCVACRHH,2007,8.48,3.733615,20.5348825,35.61535883,1.156255584,18.52818485,,,,2e,2,ENG,Oxfordshire,Easterly lowlands (England),Moderadamente Alcalino,7
BYSENQ,ASZDRUFJFB,2007,8.66,5.249354,28.871447,42.65106267,0.984849903,11.83112405,,,,2e,2,ENG,Oxfordshire,Easterly lowlands (England),Moderadamente Alcalino,7
BYSENQ,GXXRWFSAQS,2007,8.33,3.364672,18.505696,38.55589173,1.38897385,12.02405345,,,,2e,2,ENG,Oxfordshire,Easterly lowlands (England),Moderadamente Alcalino,7
BZJANF,GUIXIAYQHA,2007,7.98,8.893928,48.916604,58.07795607,0.791523414,31.43925466,,,,2e,2,ENG,Wiltshire,Easterly lowlands (England),Levemenete Alcalino,6
BZJANF,QWFRVWYYUS,2007,8.44,7.754806,42.651433,68.03928611,1.063493554,25.69751982,,,,2e,2,ENG,Wiltshire,Easterly lowlands (England),Moderadamente Alcalino,7
BZJANF,SOTYAAJKUV,2007,8.34,7.144969,39.2973295,68.45547228,1.161325263,27.80664974,,,,2e,2,ENG,Wiltshire,Easterly lowlands (England),Moderadamente Alcalino,7
BZJANF,ZDFMYACSMF,2007,6.49,11.37377,62.555735,,,,,,,2e,2,ENG,Wiltshire,Easterly lowlands (England),Levemenete Ácido,4
CDHIYE,CHXCMZZWFS,2007,5.68,33.27819,183.030045,91.37616224,0.33282755,74.61703252,0.85,4.243551265,5,21s,29,SCO,Argyll & Bute,True uplands (Scotland),Moderadamente Ácido,3
CDHIYE,QDIGHSNHSP,2007,4.91,92.76128,510.18704,51.78494375,0.06766792,93.49709982,1.89,1.918385533,95,21s,29,SCO,Argyll & Bute,True uplands (Scotland),Fuertemenete Ácido,2
CDHIYE,RQOHZPZVQM,2007,5.76,77.93265,428.629575,102.2836333,0.15908629,85.94564197,2.32,5.536202894,4,21s,29,SCO,Argyll & Bute,True uplands (Scotland),Moderadamente Ácido,3
CDHIYE,TPYHCOZMMK,2007,3.48,40.6263,223.44465,98.51326011,0.293922932,75.16306975,1.08,4.761551504,,21s,29,SCO,Argyll & Bute,True uplands (Scotland),Extremadamente Ácido,1
CDHIYE,ZPJXXZBDLX,2007,4.3,45.76789,251.723395,85.4292595,0.226251675,78.47576141,1.65,5.599728947,6,21s,29,SCO,Argyll & Bute,True uplands (Scotland),Fuertemenete Ácido,2
CEXQGA,EKQQBZGWUP,2007,5.99,4.546126,25.003693,49.35179923,1.315853602,28.3025598,,,,25e,24,ENG,Cumbria,Easterly lowlands (England),Moderadamente Ácido,3
CEXQGA,QUCPAUOUKN,2007,5.32,8.381213,46.0966715,60.11355509,0.869383886,30.7597142,,,,25e,24,ENG,Cumbria,Easterly lowlands (England),Moderadamente Ácido,3
CHQQXO,CRVXFBTJCJ,2007,6.25,7.731889,42.5253895,63.35403647,0.993195472,28.18005423,0.41,6.108152156,29,1e,1,ENG,Worcestershire,Westerly lowlands (England),Levemenete Ácido,4
CHQQXO,DNUUCJUBNS,2007,6.32,14.30325,78.667875,95.56286078,0.809842313,33.73484181,0.77,9.353678716,80,1e,1,ENG,Worcestershire,Westerly lowlands (England),Levemenete Ácido,4
CHQQXO,HUJGBRCQGQ,2007,5.08,8.203758,45.120669,64.90411102,0.958970873,16.1482092,0.36,5.178442715,17,1e,1,ENG,Worcestershire,Westerly lowlands (England),Moderadamente Ácido,3
CHQQXO,IZGULQBVBP,2007,6.47,7.367714,40.522427,54.33379449,0.893888455,35.53186779,0.4,5.363330729,57,1e,1,ENG,Worcestershire,Westerly lowlands (England),Levemenete Ácido,4
CHQQXO,VKJVVEYCJT,2007,6.09,9.010374,49.557057,60.61045046,0.815362522,33.72961107,0.45,5.503697023,20,1e,1,ENG,Worcestershire,Westerly lowlands (England),Levemenete Ácido,4
CHTONI,AYFFTNOTPJ,2007,4.5,28.5771912,157.1745516,77.88022453,0.330334327,61.06722097,,,,23s,31,SCO,Aberdeenshire,True uplands (Scotland),Fuertemenete Ácido,2
CHTONI,CBWZPUDGVR,2007,3.7,96.94191,533.180505,93.24413163,0.116588573,88.40315895,,,,23s,31,SCO,Aberdeenshire,True uplands (Scotland),Extremadamente Ácido,1
CHTONI,FJZOHGTCVA,2007,4.4,31.65249089,174.0886999,123.8115921,0.474132218,61.0508118,,,,23s,31,SCO,Aberdeenshire,True uplands (Scotland),Fuertemenete Ácido,2
CHTONI,IUDPXDOBFP,2007,4.01,98.51847,541.851585,47.59281868,0.058555787,91.54795463,,,,23s,31,SCO,Aberdeenshire,True uplands (Scotland),Fuertemenete Ácido,2
CHTONI,WTFYTHIAJB,2007,4.3,87.72405169,482.4822843,86.48515205,0.11950028,84.83585302,,,,23s,31,SCO,Aberdeenshire,True uplands (Scotland),Fuertemenete Ácido,2
CIHYIY,INTCWSUZYY,2007,8.41,2.521955,13.8707525,33.3906403,1.604846375,19.8825247,,,,4e,4,ENG,Lincolnshire,Easterly lowlands (England),Moderadamente Alcalino,7
CIHYIY,QONHPENBLU,2007,7.92,3.076241,16.9193255,39.89303683,1.571892324,20.4328553,,,,4e,4,ENG,Lincolnshire,Easterly lowlands (England),Levemenete Alcalino,6
CIHYIY,SVZVJREJQX,2007,8.29,3.498448,19.241464,38.38886235,1.330074203,23.88706181,,,,4e,4,ENG,Lincolnshire,Easterly lowlands (England),Moderadamente Alcalino,7
CIHYIY,VYVVDGEPZM,2007,8.38,2.420746,13.314103,33.0130896,1.653038616,18.91456338,,,,4e,4,ENG,Lincolnshire,Easterly lowlands (England),Moderadamente Alcalino,7
CIOSPC,APRPJXKDQH,2007,4.73,21.95014883,120.7258185,124.4879536,0.687441759,50.64739827,0.82,8.455533634,8.66,6e,6,ENG,Cornwall and Isles of Scilly,Westerly lowlands (England),Fuertemenete Ácido,2
CIOSPC,EGKQYDCLLM,2007,4.48,21.17684614,116.4726538,109.359402,0.625951806,55.73240934,0.72,6.760279507,7.14,6e,6,ENG,Cornwall and Isles of Scilly,Westerly lowlands (England),Fuertemenete Ácido,2
CIOSPC,HFNSUAMZIE,2007,5.26,15.55997732,85.57987526,103.9263621,0.809585678,42.47495722,0.59,7.164833254,10.1,6e,6,ENG,Cornwall and Isles of Scilly,Westerly lowlands (England),Moderadamente Ácido,3
CIOSPC,RCNCKOWXRC,2007,4.27,19.39694064,106.6831735,77.2294139,0.482609152,49.13939018,0.87,6.298049437,10.8,6e,6,ENG,Cornwall and Isles of Scilly,Westerly lowlands (England),Fuertemenete Ácido,2
CIOSPC,WCBZBIRLPD,2007,5.66,8.762845535,48.19565044,72.40408387,1.001529989,30.27605921,0.44,6.610097926,21.9,6e,6,ENG,Cornwall and Isles of Scilly,Westerly lowlands (England),Moderadamente Ácido,3
CIPHOQ,FGADLJOOAI,2007,4.35,96.81583,532.487065,76.60891762,0.095913338,88.19862535,1.09,1.568183073,12,32s,40,SCO,Eilean Siar,Intermediate uplands and Islands (Scotland),Fuertemenete Ácido,2
CIPHOQ,HZLOXFBLCS,2007,4.36,96.16414,528.90277,54.9013403,0.069201554,92.40243429,1.52,1.577795428,29,32s,40,SCO,Eilean Siar,Intermediate uplands and Islands (Scotland),Fuertemenete Ácido,2
CIPHOQ,KBFCDJYYVJ,2007,4.31,94.35412,518.94766,62.63240074,0.080460781,91.75747813,2.18,2.631067526,11,32s,40,SCO,Eilean Siar,Intermediate uplands and Islands (Scotland),Fuertemenete Ácido,2
CIPHOQ,PKWLHQBTIC,2007,4.39,95.58059,525.693245,100.4312328,0.127363545,87.05898904,1.68,3.20956133,11,32s,40,SCO,Eilean Siar,Intermediate uplands and Islands (Scotland),Fuertemenete Ácido,2
CIPHOQ,QMCXDMCJON,2007,4.48,96.85707,532.713885,71.96427279,0.090059943,90.30223235,1.29,1.742659888,23,32s,40,SCO,Eilean Siar,Intermediate uplands and Islands (Scotland),Fuertemenete Ácido,2
CKLUFF,ALUVXWLWOI,2007,6.4,45.9575,252.76625,93.53919742,0.246708035,75.22741742,1.5,5.550930796,20,26s,34,SCO,Fife,Lowlands (Scotland),Levemenete Ácido,4
CKLUFF,PHVNWCTSGV,2007,7.4,7.733563,42.5345965,57.83000005,0.906399415,27.93727484,0.32,4.35071719,57,26s,34,SCO,Fife,Lowlands (Scotland),Neutro,5
CKLUFF,QMXTTHUREU,2007,6.91,7.275389,40.0146395,49.12203288,0.818401023,27.0304353,0.33,4.051085066,62.1,26s,34,SCO,Fife,Lowlands (Scotland),Neutro,5
CKLUFF,RHUAKUSTAN,2007,5.97,4.338366,23.861013,38.71636931,1.081719073,24.12834641,0.2,3.24515722,37.3,26s,34,SCO,Fife,Lowlands (Scotland),Moderadamente Ácido,3
CKLUFF,WECTKKGDLE,2007,6.27,7.778134,42.779737,84.39056453,1.315117397,28.61762153,0.35,6.904366332,57,26s,34,SCO,Fife,Lowlands (Scotland),Levemenete Ácido,4
CKQTZQ,LLLDDUQESH,2007,6.87,7.735675,42.5462125,70.27366273,1.101134642,29.23757861,,,,7e,7,ENG,East Riding of Yorkshire Unitary Authority,Westerly lowlands (England),Neutro,5
CLLBKV,EYOKVOICJT,2007,5.48,14.32567,78.791185,77.20206121,0.653220799,46.28245482,0.61,5.976970309,37,15w,44,WAL,Dyfed,Lowlands (Wales),Moderadamente Ácido,3
CLLBKV,QJGJMHPDNQ,2007,6.13,7.264957,39.9572635,55.55414342,0.926892694,30.69579521,0.37,5.144254452,15,15w,44,WAL,Dyfed,Lowlands (Wales),Levemenete Ácido,4
CLLBKV,RIPWZDPULP,2007,5.58,9.497035,52.2336925,63.23252749,0.807046493,36.40970411,0.43,5.205449877,7,15w,44,WAL,Dyfed,Lowlands (Wales),Moderadamente Ácido,3
CLLBKV,WSNVBQYDUM,2007,5.47,9.727905,53.5034775,71.4937663,0.89083015,37.50572347,0.46,6.146728032,11,15w,44,WAL,Dyfed,Lowlands (Wales),Moderadamente Ácido,3
CMBROG,EFNYSLKNQL,2007,4.79,,,,,,,,12,22s,30,SCO,Aberdeenshire,True uplands (Scotland),Fuertemenete Ácido,2
CMBROG,GKJBQBOQTB,2007,4.25,28.55189,157.035395,99.2010876,0.421141096,59.06441535,0.55,3.474414044,4.08,22s,30,SCO,Aberdeenshire,True uplands (Scotland),Fuertemenete Ácido,2
CMBROG,RJWXXGLQHM,2007,4.01,,,,,,,,32,22s,30,SCO,Aberdeenshire,True uplands (Scotland),Fuertemenete Ácido,2
CMBROG,WEZKEAIYMU,2007,3.89,,,,,,0.48,,11,22s,30,SCO,Aberdeenshire,True uplands (Scotland),Extremadamente Ácido,1
CMBROG,XWBWDIAZMB,2007,3.59,83.72808,460.50444,95.37180819,0.138068605,77.72748414,1.07,2.216001104,32,22s,30,SCO,Aberdeenshire,True uplands (Scotland),Extremadamente Ácido,1
CNXIPS,AHBDYKAQIH,2007,6.25,4.267768,23.472724,46.16710925,1.311227143,25.17586235,,,,26s,34,SCO,Perth & Kinross,Lowlands (Scotland),Levemenete Ácido,4
CNXIPS,LRKOMRPHDK,2007,6.47,3.576659,19.6716245,45.5019541,1.542050381,17.08859083,,,,26s,34,SCO,Perth & Kinross,Lowlands (Scotland),Levemenete Ácido,4
CNXIPS,RDXSAJTXFI,2007,6.99,4.958765,27.2732075,54.93165179,1.342750067,15.91216061,,,,26s,34,SCO,Perth & Kinross,Lowlands (Scotland),Neutro,5
CNXIPS,SLKWZYQHWZ,2007,5.61,5.876808,32.322444,54.62100317,1.126585666,25.94774104,,,,26s,34,SCO,Perth & Kinross,Lowlands (Scotland),Moderadamente Ácido,3
COCEEQ,CDKQJBKNYS,2007,5.06,27.74368,152.59024,103.4304356,0.451887511,65.30741609,,,,19e,21,ENG,Lancashire,Uplands (England),Moderadamente Ácido,3
COCEEQ,JGIJBFJDHG,2007,6.02,8.757517,48.1663435,77.02434296,1.066088024,31.49988703,,,,19e,21,ENG,Lancashire,Uplands (England),Levemenete Ácido,4
COCEEQ,TGJDRDDKNR,2007,5.65,7.016867,38.5927685,65.99034357,1.139943157,30.59569156,,,,19e,21,ENG,Lancashire,Uplands (England),Moderadamente Ácido,3
COCEEQ,VGOXIVYZWC,2007,4.71,7.684536,42.264948,63.43321446,1.000564573,27.99812298,,,,19e,21,ENG,Lancashire,Uplands (England),Fuertemenete Ácido,2
COCEEQ,XFTNPVYAYX,2007,4.97,15.44561,84.950855,79.08785203,0.620655727,51.41949123,,,,19e,21,ENG,Lancashire,Uplands (England),Fuertemenete Ácido,2
COIKIP,BAWEZPZBGL,2007,6.38,9.695004,53.322522,69.83442387,0.873107288,38.90817356,0.37,4.845745449,12,27s,35,SCO,Aberdeenshire,Lowlands (Scotland),Levemenete Ácido,4
COIKIP,GSMBGTMQNH,2007,6.23,5.095088,28.022984,38.16786301,0.908013294,25.22977382,0.21,2.860241876,28,27s,35,SCO,Aberdeenshire,Lowlands (Scotland),Levemenete Ácido,4
COIKIP,PHYETRQYWX,2007,5.37,12.00443,66.024365,64.60962901,0.652381678,37.69688626,0.5,4.892862582,70,27s,35,SCO,Aberdeenshire,Lowlands (Scotland),Moderadamente Ácido,3
CRIEFB,IVWDHEAZSD,2007,4.83,7.724521,42.4848655,51.21175083,0.803607751,15.76276508,,,,5w,41,WAL,Clwyd,Lowlands (Wales),Fuertemenete Ácido,2
CRIEFB,JXBGYXLPCC,2007,6.56,7.243504,39.839272,65.63366822,1.09830769,24.77165437,,,,5w,41,WAL,Clwyd,Lowlands (Wales),Neutro,5
CRIEFB,ZCSCFCMKDV,2007,6.53,8.094238,44.518309,73.85534654,1.105992092,23.9487396,,,,5w,41,WAL,Clwyd,Lowlands (Wales),Neutro,5
AZFZMV,CLMKYEREMB,2007,4.35,95.76205,526.691275,167.4688027,0.211975922,73.98625259,,,,31s,39,SCO,Shetland Islands,Intermediate uplands and Islands (Scotland),Fuertemenete Ácido,2
AAVJXT,FBVWJWQKSK,2007,5.66,7.332437,40.3284035,65.83797543,1.088364027,26.61395346,,,,4e,4,ENG,Thurrock Unitary Authority,Easterly lowlands (England),Moderadamente Ácido,3
AAVJXT,FSYQRVOCEX,2007,7.57,4.943987,27.1919285,55.75842776,1.367033794,22.31788406,,,,4e,4,ENG,Thurrock Unitary Authority,Easterly lowlands (England),Levemenete Alcalino,6
AAVJXT,HBXIZXUNBJ,2007,7.01,11.3811,62.59605,83.57889459,0.890140241,34.51220536,,,,4e,4,ENG,Thurrock Unitary Authority,Easterly lowlands (England),Neutro,5
AAVJXT,PAGUWNSGMX,2007,6.39,9.10867,50.097685,72.81904036,0.969027349,34.36770185,,,,4e,4,ENG,Thurrock Unitary Authority,Easterly lowlands (England),Levemenete Ácido,4
ABOBUL,IURBDUKLQY,2007,6.57,6.058346,33.320903,50.17055041,1.00378533,21.99918492,,,,1e,1,ENG,Dorset,Westerly lowlands (England),Neutro,5
ABOBUL,ODGVWTXDSM,2007,6,5.452377,29.9880735,,,,,,,1e,1,ENG,Dorset,Westerly lowlands (England),Levemenete Ácido,4
ABOBUL,PWRXSEAWWY,2007,6.59,5.949805,32.7239275,62.36012195,1.270428638,21.10915462,,,,1e,1,ENG,Dorset,Westerly lowlands (England),Neutro,5
ABOBUL,VAHSBZKRPB,2007,7.39,10.85531,59.704205,80.48148007,0.898669031,25.43978467,,,,1e,1,ENG,Dorset,Westerly lowlands (England),Neutro,5
ABOBUL,WCPYLAGOVH,2007,5.84,6.597673,36.2872015,68.12717286,1.251629042,27.75199793,,,,1e,1,ENG,Dorset,Westerly lowlands (England),Moderadamente Ácido,3
ADHCCF,AOXLNQUQFQ,2007,4.68,46.14721,253.809655,99.93252853,0.262486806,77.59137965,,,,13s,26,SCO,Argyll & Bute,Lowlands (Scotland),Fuertemenete Ácido,2
ADHCCF,CDHSIECQTY,2007,5.96,7.004244,38.523342,51.20846492,0.886189381,41.06116489,,,,13s,26,SCO,Argyll & Bute,Lowlands (Scotland),Moderadamente Ácido,3
ADHCCF,CMVGSWADHW,2007,5.37,6.164588,33.905234,51.97895524,1.022043878,34.52933815,,,,13s,26,SCO,Argyll & Bute,Lowlands (Scotland),Moderadamente Ácido,3
ADHCCF,DPOIMRKRBF,2007,4.82,8.182313,45.0027215,49.50783841,0.733405103,41.75675387,,,,13s,26,SCO,Argyll & Bute,Lowlands (Scotland),Fuertemenete Ácido,2
ADHCCF,YNHLHXAUXC,2007,5.73,7.955502,43.755261,50.96616493,0.776533896,43.72112829,,,,13s,26,SCO,Argyll & Bute,Lowlands (Scotland),Moderadamente Ácido,3
AHIACC,CSZSSVIFFN,2007,5.89,3.775959,20.7677745,37.87979112,1.21597979,18.43133186,,,,26s,34,SCO,Dumfries & Galloway,Lowlands (Scotland),Moderadamente Ácido,3
AHIACC,QXFPRWCVWC,2007,7.51,4.296871,23.6327905,41.75863825,1.177985823,30.36038981,,,,26s,34,SCO,Dumfries & Galloway,Lowlands (Scotland),Levemenete Alcalino,6
AHIACC,UYCTSDXBAZ,2007,5.42,5.360588,29.483234,56.52404283,1.278105896,24.47716907,,,,26s,34,SCO,Dumfries & Galloway,Lowlands (Scotland),Moderadamente Ácido,3
AHIACC,VRBEQHNEXE,2007,7.24,3.465172,19.058446,30.12569845,1.05380045,19.10634373,,,,26s,34,SCO,Dumfries & Galloway,Lowlands (Scotland),Neutro,5
AHKTWX,LGFJFIJNYT,2007,8.71,4.188756,23.038158,47.93921851,1.387241072,19.27427809,0.2,4.161723216,33.1,3e,3,ENG,Norfolk,Easterly lowlands (England),Moderadamente Alcalino,7
AHKTWX,LWIDBTYTKS,2007,7.9,3.919541,21.5574755,57.27812251,1.771330553,17.13032555,0.18,4.782592494,30.1,3e,3,ENG,Norfolk,Easterly lowlands (England),Levemenete Alcalino,6
AHKTWX,XTTFUOOZND,2007,7.91,4.121659,22.6691245,56.62283269,1.665196869,18.50838091,0.2,4.995590606,30.2,3e,3,ENG,Norfolk,Easterly lowlands (England),Levemenete Alcalino,6
AKOMXO,PQXYJJAXRF,2007,6.91,4.833631,26.5849705,42.91594141,1.076195575,20.44955861,,,,13e,13,ENG,Cumbria,Westerly lowlands (England),Neutro,5
AKOMXO,SKFMLPKGSV,2007,7.06,7.290335,40.0968425,64.1953009,1.067337591,24.56253077,,,,13e,13,ENG,Cumbria,Westerly lowlands (England),Neutro,5
AKYQNY,DBXMHAMRNT,2007,4.42,74.54403,409.992165,128.4834385,0.208920153,76.48817678,1.98,6.204928532,57,21s,29,SCO,Highland,True uplands (Scotland),Fuertemenete Ácido,2
AKYQNY,EMZPMCJPNW,2007,4.52,11.4145,62.77975,58.41233943,0.620288542,40.43273227,0.31,2.884341722,11,21s,29,SCO,Highland,True uplands (Scotland),Fuertemenete Ácido,2
AKYQNY,FYYYUIWDFK,2007,5.12,12.23673,67.302015,52.25698301,0.517636637,38.52874857,0.25,1.941137387,5,21s,29,SCO,Highland,True uplands (Scotland),Moderadamente Ácido,3
AKYQNY,PDIAPFYMVL,2007,5.55,7.809776,42.953768,43.79529858,0.679727695,32.96790978,0.2,2.039183086,10,21s,29,SCO,Highland,True uplands (Scotland),Moderadamente Ácido,3
AKYQNY,PDKJKTYOKP,2007,4.17,28.35588,155.95734,86.27370212,0.368791885,55.86330244,0.67,3.706358445,27,21s,29,SCO,Highland,True uplands (Scotland),Fuertemenete Ácido,2
ALXYRC,CKSRUXGBVM,2007,6.9,3.879359,21.3364745,26.99726956,0.843540469,14.52894343,,,,15e,14,ENG,Shropshire,Westerly lowlands (England),Neutro,5
ANHJGW,BBUPVRUFNM,2007,4.68,95.70677,526.387235,60.99036289,0.077243974,90.95364617,1.5,1.737989416,61,29s,37,SCO,Eilean Siar,Intermediate uplands and Islands (Scotland),Fuertemenete Ácido,2
ANHJGW,FUVJXHNONS,2007,4.67,94.91309,522.021995,71.62831711,0.091475478,90.92334188,1.74,2.38750997,34,29s,37,SCO,Eilean Siar,Intermediate uplands and Islands (Scotland),Fuertemenete Ácido,2
ANHJGW,OVKVNBBMJS,2007,4.67,93.14816,512.31488,98.27521151,0.127883866,86.68816561,1.65,3.165125694,36,29s,37,SCO,Eilean Siar,Intermediate uplands and Islands (Scotland),Fuertemenete Ácido,2
ANHJGW,RLPKXMYDLU,2007,5.67,49.73354,273.53447,70.24859546,0.171212049,85.0823984,1.66,4.26318001,10,29s,37,SCO,Eilean Siar,Intermediate uplands and Islands (Scotland),Moderadamente Ácido,3
ANHJGW,WLXIUNBDCB,2007,5.91,54.86236,301.74298,59.68553286,0.131868371,87.81451864,2.1,4.153853687,124,29s,37,SCO,Eilean Siar,Intermediate uplands and Islands (Scotland),Moderadamente Ácido,3
AQLJEH,FSMALDSDHS,2007,3.94,95.17123,523.441765,99.81554751,0.127127224,64.64440873,1.76,3.356158705,63,28s,36,SCO,Highland,Intermediate uplands and Islands (Scotland),Extremadamente Ácido,1
AQLJEH,SEYYCSGSHU,2007,4.28,10.15272,55.83996,53.59901746,0.639912319,29.52183351,0.19,1.82375011,8,28s,36,SCO,Highland,Intermediate uplands and Islands (Scotland),Fuertemenete Ácido,2
AQLJEH,UDCAQQHKYG,2007,4.01,24.6212,135.4166,94.88098102,0.467106598,47.40723402,0.58,4.063827403,11,28s,36,SCO,Highland,Intermediate uplands and Islands (Scotland),Fuertemenete Ácido,2
AQLJEH,WNCWBHNADC,2007,4.66,9.555051,52.5527805,59.62226122,0.75634769,26.46711697,0.26,2.949755992,5,28s,36,SCO,Highland,Intermediate uplands and Islands (Scotland),Fuertemenete Ácido,2
AQUVFY,EOZORLORVX,2007,4.69,11.72842,64.50631,79.62390877,0.822905633,27.66290195,,,,17w2,18,WAL,Powys,Uplands (Wales),Fuertemenete Ácido,2
AQUVFY,JAWTFJUNGV,2007,5.11,3.79547,20.875085,32.33684256,1.03270933,21.9128827,,,,17w2,18,WAL,Powys,Uplands (Wales),Moderadamente Ácido,3
AQUVFY,JLZNJZBIEI,2007,5.83,7.688994,42.289467,61.46591687,0.968971255,27.99862127,,,,17w2,18,WAL,Powys,Uplands (Wales),Moderadamente Ácido,3
ARCCVB,LSNSAMHIDJ,2007,4.3,11.27211,61.996605,68.94245436,0.741357309,20.81484775,,,,6w,42,WAL,Dyfed,Lowlands (Wales),Fuertemenete Ácido,2
ARCCVB,SOIVDBRVSR,2007,5.36,10.35318,56.94249,71.64288379,0.838774745,26.92795924,,,,6w,42,WAL,Dyfed,Lowlands (Wales),Moderadamente Ácido,3
ARCCVB,VSQKSXBZJA,2007,5.83,9.282201,51.0521055,71.79399473,0.937525743,32.62951513,,,,6w,42,WAL,Dyfed,Lowlands (Wales),Moderadamente Ácido,3
ARCCVB,XVILLNNIHX,2007,4.9,12.49626,68.72943,98.60702131,0.956475475,24.82423209,,,,6w,42,WAL,Dyfed,Lowlands (Wales),Fuertemenete Ácido,2
AUMEYK,FETDIXFKXA,2007,3.68,90.75814,499.16977,102.5108639,0.136908483,82.95948477,2.03,4.168863307,81,22e,22,ENG,Northumberland,Uplands (England),Extremadamente Ácido,1
AUMEYK,HKXWMBFEJQ,2007,3.74,92.70101,509.855555,71.513859,0.093508653,85.76712212,2.24,3.141890729,,22e,22,ENG,Northumberland,Uplands (England),Extremadamente Ácido,1
AUMEYK,VXMIJGPGUV,2007,3.99,91.91694,505.54317,106.9313277,0.141011799,82.52738659,2.23,4.716844671,51,22e,22,ENG,Northumberland,Uplands (England),Extremadamente Ácido,1
AXIHWL,JELRHZOGPN,2007,8.43,3.867338,21.270359,50.24846121,1.574913434,17.26037924,,,,3e,3,ENG,Cambridgeshire,Easterly lowlands (England),Moderadamente Alcalino,7
AXIHWL,NMVXHDRHBX,2007,7.86,4.790397,26.3471835,56.51527986,1.430014454,19.91589007,,,,3e,3,ENG,Cambridgeshire,Easterly lowlands (England),Levemenete Alcalino,6
AXIHWL,QLQTSDQYWJ,2007,8.45,5.624531,30.9349205,49.38121975,1.064195823,24.97285714,,,,3e,3,ENG,Cambridgeshire,Easterly lowlands (England),Moderadamente Alcalino,7
AXIHWL,SFCNCEZZQK,2007,8.44,3.103186,17.067523,40.45511014,1.580198452,18.28942165,,,,3e,3,ENG,Cambridgeshire,Easterly lowlands (England),Moderadamente Alcalino,7
AXIHWL,XBLMPHEKKD,2007,8.07,6.38943,35.141865,63.06366097,1.196363387,31.78781602,,,,3e,3,ENG,Cambridgeshire,Easterly lowlands (England),Moderadamente Alcalino,7
AZFZMV,CDNIKOOKQX,2007,4.99,39.03173,214.674515,151.3174899,0.469912913,46.68623646,,,,31s,39,SCO,Shetland Islands,Intermediate uplands and Islands (Scotland),Fuertemenete Ácido,2
HGBYWJ,JXYJQROAFP,2007,7.56,3.963751,21.8006305,53.05513055,1.622434132,19.18832647,0.23,5.597397757,21.5,7e,7,ENG,East Riding of Yorkshire Unitary Authority,Westerly lowlands (England),Levemenete Alcalino,6
HGBYWJ,MPRXQQTUWT,2007,7.43,3.884811,21.3664605,42.99200549,1.341417171,18.03122774,0.22,4.426676663,28.2,7e,7,ENG,East Riding of Yorkshire Unitary Authority,Westerly lowlands (England),Neutro,5
HGBYWJ,WWMJYCVYVV,2007,7.9,4.502617,24.7643935,49.41655757,1.330312075,22.28083379,0.31,6.18595115,52.4,7e,7,ENG,East Riding of Yorkshire Unitary Authority,Westerly lowlands (England),Levemenete Alcalino,6
HGRQWJ,FVGDLUDTEB,2007,6.37,9.73097,53.520335,64.52614495,0.803758608,30.63610516,,,,27s,35,SCO,Angus,Lowlands (Scotland),Levemenete Ácido,4
HGRQWJ,HBUIHORYUP,2007,6.27,7.135441,39.2449255,63.85637831,1.084749642,26.41719287,,,,27s,35,SCO,Angus,Lowlands (Scotland),Levemenete Ácido,4
HGRQWJ,OUQGFKKLSZ,2007,6.16,,,,,,,,,27s,35,SCO,Angus,Lowlands (Scotland),Levemenete Ácido,4
HGRQWJ,RBNVFWDHQO,2007,6.38,,,,,,,,,27s,35,SCO,Angus,Lowlands (Scotland),Levemenete Ácido,4
HGRQWJ,ZYGMLYHCIW,2007,6.12,9.519669,52.3581795,53.98215511,0.687344437,27.51787738,,,,27s,35,SCO,Angus,Lowlands (Scotland),Levemenete Ácido,4
HGUOAH,BJTZAHSYEW,2007,4.97,19.512,107.316,68.27007504,0.424106222,45.125836,0.77,4.898426869,11,23e,23,ENG,Northumberland,Uplands (England),Fuertemenete Ácido,2
HGUOAH,DVCVLSKRXQ,2007,5.54,54.9796,302.3878,48.54776339,0.107032015,89.07958934,1.82,2.921974014,44,23e,23,ENG,Northumberland,Uplands (England),Moderadamente Ácido,3
HGUOAH,JGDYVIJEFH,2007,3.6,74.90566,411.98113,51.88198169,0.083955272,71.51669068,2.16,2.72015081,,23e,23,ENG,Northumberland,Uplands (England),Extremadamente Ácido,1
HGUOAH,KHPBKZHIZP,2007,4,87.95482,483.75151,131.3740038,0.18104888,81.27166226,2.46,6.68070368,37,23e,23,ENG,Northumberland,Uplands (England),Fuertemenete Ácido,2
HGUOAH,STAFWPRWTS,2007,4.39,70.13224,385.72732,73.38077992,0.126826692,74.29472511,2,3.804800755,,23e,23,ENG,Northumberland,Uplands (England),Fuertemenete Ácido,2
HGYGDM,HYIZWOZHRE,2007,6.24,3.530996,19.420478,42.6559587,1.464294844,16.65735511,,,,10e,10,ENG,Shropshire,Westerly lowlands (England),Levemenete Ácido,4
HGYGDM,NHQWOGODVJ,2007,8.12,2.339579,12.8676845,27.94744222,1.44793946,15.36231565,,,,10e,10,ENG,Shropshire,Westerly lowlands (England),Moderadamente Alcalino,7
HGYGDM,YDAJDWVGKA,2007,7.8,3.256574,17.911157,35.00402677,1.30287607,16.95179549,,,,10e,10,ENG,Shropshire,Westerly lowlands (England),Levemenete Alcalino,6
HGYGDM,YNSDTWDZZI,2007,6.21,2.726174,14.993957,36.38625445,1.617818629,15.07337393,,,,10e,10,ENG,Shropshire,Westerly lowlands (England),Levemenete Ácido,4
HHGYVR,IJVIBAMGDX,2007,4.62,92.67693,509.723115,72.85046324,0.095281093,89.76630349,1.54,2.200993247,,21s,29,SCO,Highland,True uplands (Scotland),Fuertemenete Ácido,2
HHGYVR,KTAULQBBWB,2007,4.51,94.0826,517.4543,75.91375173,0.09780413,91.00220299,,,22,21s,29,SCO,Highland,True uplands (Scotland),Fuertemenete Ácido,2
HHGYVR,XYRBFNPXEX,2007,4.4,91.53976,503.46868,61.51166019,0.081450496,91.45007409,,,59,21s,29,SCO,Highland,True uplands (Scotland),Fuertemenete Ácido,2
HHGYVR,ZJWMQSFJMJ,2007,4.58,95.31017,524.205935,133.5638057,0.169861749,84.59102748,,,23,21s,29,SCO,Highland,True uplands (Scotland),Fuertemenete Ácido,2
HHGYVR,ZNJJXETRVG,2007,3.98,94.87063,521.788465,58.74497697,0.075055929,90.59118064,,,,21s,29,SCO,Highland,True uplands (Scotland),Extremadamente Ácido,1
HHNXYQ,AEKBNOHPXQ,2007,4.85,55.04074,302.72407,150.7958824,0.332086538,67.36747978,2,9.962596133,17.4,18e,20,ENG,Lancashire,Uplands (England),Fuertemenete Ácido,2
HHNXYQ,APNANACPHI,2007,4.25,11.47572,63.11646,77.33652492,0.81686589,40.68872606,0.45,5.513844758,6.2,18e,20,ENG,Lancashire,Uplands (England),Fuertemenete Ácido,2
HHNXYQ,CHKOSAKVMN,2007,6.48,15.04419,82.743045,96.93231295,0.780990619,34.77956741,0.46,5.388835274,6.25,18e,20,ENG,Lancashire,Uplands (England),Levemenete Ácido,4
HHNXYQ,EGFEAUXERF,2007,5.8,13.76157,75.688635,104.6112599,0.921417593,32.18261675,0.47,6.495994034,13.5,18e,20,ENG,Lancashire,Uplands (England),Moderadamente Ácido,3
HHNXYQ,HLLCMVATVQ,2007,5.2,17.55248,96.53864,100.0547763,0.690948041,33.84573348,0.71,7.358596636,17.1,18e,20,ENG,Lancashire,Uplands (England),Moderadamente Ácido,3
HIMIWW,VAAJBHDMFR,2007,6.75,3.044403,16.7442165,32.96837388,1.312627313,19.84668647,0.15,2.953411455,20,9e,9,ENG,County of Herefordshire Unitary Authority,Easterly lowlands (England),Neutro,5
HIZWNL,BXIBNSQZBJ,2007,3.81,79.22029,435.711595,112.5766932,0.172249556,78.07488465,,,,19e,21,ENG,Northumberland,Uplands (England),Extremadamente Ácido,1
HIZWNL,GBPKAVGBVG,2007,3.61,11.01308,60.57194,64.47865727,0.709664764,22.12423115,,,,19e,21,ENG,Northumberland,Uplands (England),Extremadamente Ácido,1
HIZWNL,MIOUKRJLOG,2007,3.31,89.36192,491.49056,95.759693,0.129890176,84.9642897,,,,19e,21,ENG,Northumberland,Uplands (England),Extremadamente Ácido,1
HIZWNL,PDUZAIRLKP,2007,5.87,7.785696,42.821328,54.2528287,0.844638739,37.66344562,,,,19e,21,ENG,Northumberland,Uplands (England),Moderadamente Ácido,3
HIZWNL,SDBOEZQNZH,2007,6.03,9.449301,51.9711555,78.25635312,1.003843412,34.00253904,,,,19e,21,ENG,Northumberland,Uplands (England),Levemenete Ácido,4
HKPNTT,AYRCCNURDM,2007,5.96,9.70829,53.395595,77.36019357,0.965874851,17.84092613,,,,1e,1,ENG,Somerset,Westerly lowlands (England),Moderadamente Ácido,3
HKPNTT,CBGUPNRBDI,2007,6.42,3.665997,20.1629835,39.0206357,1.290174003,18.59109709,,,,1e,1,ENG,Somerset,Westerly lowlands (England),Levemenete Ácido,4
HKPNTT,HPRCVVXWWI,2007,5.64,4.344902,23.896961,37.66485354,1.050757139,22.57266426,,,,1e,1,ENG,Somerset,Westerly lowlands (England),Moderadamente Ácido,3
HKPNTT,RSRFPBCOBE,2007,5.68,3.895597,21.4257835,35.76961351,1.112977222,20.15608273,,,,1e,1,ENG,Somerset,Westerly lowlands (England),Moderadamente Ácido,3
HLJEQY,ALGXNNECWK,2007,8.48,5.339447,29.3669585,39.89061483,0.90556682,30.23870037,,,,2e,2,ENG,Wiltshire,Easterly lowlands (England),Moderadamente Alcalino,7
HLJEQY,HNISAYJVNW,2007,8.53,19.51342,107.32381,81.66062888,0.507253882,50.56395456,,,,2e,2,ENG,Wiltshire,Easterly lowlands (England),Moderadamente Alcalino,7
HLJEQY,JGVPIVPHCU,2007,8.4,6.384688,35.115784,36.51339233,0.693200002,30.44464484,,,,2e,2,ENG,Wiltshire,Easterly lowlands (England),Moderadamente Alcalino,7
HLPOPT,DRWGCWZJLW,2007,6.81,1.20734,6.64037,15.6116791,1.567350323,12.88493208,0.07,1.64571784,28,10e,10,ENG,Telford and Wrekin Unitary Authority,Westerly lowlands (England),Neutro,5
HLPOPT,OFXXJTQSEX,2007,3.7,15.01094,82.56017,59.82461615,0.483078916,39.90190391,0.36,2.608626147,9,10e,10,ENG,Telford and Wrekin Unitary Authority,Westerly lowlands (England),Extremadamente Ácido,1
HLPOPT,PCMFJNTQYN,2007,6.39,4.510548,24.808014,40.11136058,1.077914058,18.18618367,0.29,4.688926154,54,10e,10,ENG,Telford and Wrekin Unitary Authority,Westerly lowlands (England),Levemenete Ácido,4
HLPOPT,WZSZMPVFQX,2007,6.49,3.658992,20.124456,37.24782433,1.233915733,20.03296207,0.19,3.51665984,47,10e,10,ENG,Telford and Wrekin Unitary Authority,Westerly lowlands (England),Levemenete Ácido,4
HMGNQJ,DBMTFUFYGQ,2007,6.64,14.34059,78.873245,101.5641049,0.858458445,40.45954253,,,,15e,14,ENG,North Yorkshire,Westerly lowlands (England),Neutro,5
HMGNQJ,FPLQUDDDVK,2007,6.29,8.436432,46.400376,70.54757548,1.013606377,35.22299814,,,,15e,14,ENG,North Yorkshire,Westerly lowlands (England),Levemenete Ácido,4
HMGNQJ,JQPQAEXTHF,2007,6.43,6.765464,37.210052,63.56299167,1.13881399,25.83882785,,,,15e,14,ENG,North Yorkshire,Westerly lowlands (England),Levemenete Ácido,4
HMPTVZ,EZBJUKSUYF,2007,7.59,2.465538,13.560459,30.11524132,1.480541886,13.77732716,,,,3e,3,ENG,Cambridgeshire,Easterly lowlands (England),Levemenete Alcalino,6
HMPTVZ,SOKGRJIYAX,2007,7.39,6.413173,35.2724515,57.51870018,1.087131699,24.23832661,,,,3e,3,ENG,Cambridgeshire,Easterly lowlands (England),Neutro,5
HMPTVZ,SRXFYNYONM,2007,7.9,2.955778,16.256779,31.7721016,1.302927294,13.45827042,,,,3e,3,ENG,Cambridgeshire,Easterly lowlands (England),Levemenete Alcalino,6
HMPTVZ,TLPBXLFZPI,2007,8.29,3.636136,19.998748,48.60111167,1.620138476,14.87342411,,,,3e,3,ENG,Cambridgeshire,Easterly lowlands (England),Moderadamente Alcalino,7
HNKUSP,EDFWTGFUVY,2007,5.69,8.022815,44.1254825,74.29982025,1.12255347,27.55068017,,,,1e,1,ENG,Somerset,Westerly lowlands (England),Moderadamente Ácido,3
HNKUSP,GQTGPDUGWW,2007,4.93,9.735306,53.544183,76.25024851,0.949374818,31.75620257,,,,1e,1,ENG,Somerset,Westerly lowlands (England),Fuertemenete Ácido,2
HNKUSP,LBCYXNGWXY,2007,5.72,8.741063,48.0758465,69.21550304,0.959809802,28.75353341,,,,1e,1,ENG,Somerset,Westerly lowlands (England),Moderadamente Ácido,3
HNKUSP,SWOSDLWXTV,2007,5.42,6.497799,35.7378945,64.50494477,1.203296868,24.23839073,,,,1e,1,ENG,Somerset,Westerly lowlands (England),Moderadamente Ácido,3
DKPKMO,TAPEXIGPRM,2007,6.35,8.324315,45.7837325,77.36993591,1.126600093,24.35961353,0.43,7.266570597,34.1,3e,3,ENG,Kent,Easterly lowlands (England),Levemenete Ácido,4
DKPKMO,XPAKOAQVNW,2007,6.66,7.963299,43.7981445,64.0434139,0.974826896,26.90516502,0.43,6.287633481,15,3e,3,ENG,Kent,Easterly lowlands (England),Neutro,5
DKPKMO,YMOALLMZYK,2007,6.12,4.168184,22.925012,47.94675478,1.394306934,19.86182668,0.21,4.392066841,14.1,3e,3,ENG,Kent,Easterly lowlands (England),Levemenete Ácido,4
DKUMUJ,AVXXCFMAPB,2007,6.47,7.046589,38.7562395,64.09109231,1.10246493,31.36331725,0.35,5.787940883,58.9,27s,35,SCO,Scottish Borders,Lowlands (Scotland),Levemenete Ácido,4
DKUMUJ,IRUKREFWYC,2007,6.77,4.758107,26.1695885,46.14632761,1.175571347,29.9276936,0.25,4.408392552,39.2,27s,35,SCO,Scottish Borders,Lowlands (Scotland),Neutro,5
DKUMUJ,JGCBEUDPUE,2007,6.85,8.450269,46.4764795,66.82183907,0.958504026,34.49956275,0.39,5.607248552,59,27s,35,SCO,Scottish Borders,Lowlands (Scotland),Neutro,5
DKUMUJ,NMWTPSCIJQ,2007,6.16,7.72302,42.47661,64.29384957,1.009086327,35.09357667,0.41,6.205880913,88.8,27s,35,SCO,Scottish Borders,Lowlands (Scotland),Levemenete Ácido,4
DKUMUJ,TMUHGBRGIF,2007,7.06,5.23498,28.79239,49.79888629,1.153056677,31.0691535,0.25,4.323962538,32.8,27s,35,SCO,Scottish Borders,Lowlands (Scotland),Neutro,5
DOASNU,KEOJIJNAKV,2007,7.94,5.5686,30.6273,55.18090413,1.201126753,20.90238583,,,,11e,11,ENG,Lincolnshire,Easterly lowlands (England),Levemenete Alcalino,6
DOASNU,VRPTBKGTXD,2007,7.44,7.614028,41.877154,63.36810047,1.008793489,23.18651412,,,,11e,11,ENG,Lincolnshire,Easterly lowlands (England),Neutro,5
DOASNU,VYVFRUSNQP,2007,7.91,2.899733,15.9485315,27.82339724,1.163049494,12.58914534,,,,11e,11,ENG,Lincolnshire,Easterly lowlands (England),Levemenete Alcalino,6
DOASNU,XIGYSCZDSV,2007,7.85,3.057268,16.814974,36.30939171,1.439565779,10.96771603,,,,11e,11,ENG,Lincolnshire,Easterly lowlands (England),Levemenete Alcalino,6
DOCHFG,DMZURICOKF,2007,6.2,5.703371,31.3685405,49.35666629,1.048963186,28.52953661,,,,28s,36,SCO,Moray,Intermediate uplands and Islands (Scotland),Levemenete Ácido,4
DOCHFG,GWLWDRJNHE,2007,6.37,5.788551,31.8370305,55.31375368,1.158268695,24.42516931,,,,28s,36,SCO,Moray,Intermediate uplands and Islands (Scotland),Levemenete Ácido,4
DOCHFG,NPVWDFXDNH,2007,5.28,6.393843,35.1661365,41.05570914,0.778319016,25.36315395,,,,28s,36,SCO,Moray,Intermediate uplands and Islands (Scotland),Moderadamente Ácido,3
DOCHFG,PEWKABLIFU,2007,4.85,5.12857,28.207135,58.65390857,1.386266479,23.47395015,,,,28s,36,SCO,Moray,Intermediate uplands and Islands (Scotland),Fuertemenete Ácido,2
DOCHFG,UYYBQUUCFA,2007,6.55,3.43163,18.873965,35.01287093,1.236725508,26.97409524,,,,28s,36,SCO,Moray,Intermediate uplands and Islands (Scotland),Neutro,5
DSZCQV,AEWZZSWOSF,2007,5.6,11.48127,63.146985,63.26824499,0.667946854,39.65016425,,,,17w1,17,WAL,Clwyd,Uplands (Wales),Moderadamente Ácido,3
DSZCQV,AYIDYNBJAP,2007,5.55,8.322944,45.776192,63.10174335,0.918989262,37.42747231,,,,17w1,17,WAL,Clwyd,Uplands (Wales),Moderadamente Ácido,3
DSZCQV,GJKGORNMQN,2007,5.57,79.11666,435.14163,43.13333915,0.066083219,93.09074995,,,,17w1,17,WAL,Clwyd,Uplands (Wales),Moderadamente Ácido,3
DSZCQV,QHGRCYUTLY,2007,4.89,5.450472,29.977596,24.94465662,0.554739982,37.49708645,,,,17w1,17,WAL,Clwyd,Uplands (Wales),Fuertemenete Ácido,2
DSZCQV,RBYOPANYWB,2007,4.78,8.6738,47.7059,40.60020907,0.567368104,38.67396311,,,,17w1,17,WAL,Clwyd,Uplands (Wales),Fuertemenete Ácido,2
DTXAJY,FIBOUPIFOF,2007,6.89,16.32074,89.76407,133.6049718,0.992267632,38.29304021,0.78,11.60953129,12,17e,16,ENG,Derbyshire,Uplands (England),Neutro,5
DTXAJY,GLALCJCODS,2007,5.93,19.22052,105.71286,150.6858644,0.950284033,43.21395341,0.86,12.25866403,41.9,17e,16,ENG,Derbyshire,Uplands (England),Moderadamente Ácido,3
DTXAJY,UMGWHAWMBT,2007,5.97,13.30313,73.167215,88.79722244,0.809080246,39.67102123,0.57,6.917636101,8.4,17e,16,ENG,Derbyshire,Uplands (England),Moderadamente Ácido,3
DTXAJY,URCWDHWMDY,2007,6.08,10.61273,58.370015,85.82653921,0.980258319,34.34840201,0.49,7.204898648,10.1,17e,16,ENG,Derbyshire,Uplands (England),Levemenete Ácido,4
DTXAJY,UUQWRJVCLK,2007,5.96,10.81989,59.509395,86.59629297,0.970113408,34.05382951,0.48,6.984816536,12.7,17e,16,ENG,Derbyshire,Uplands (England),Moderadamente Ácido,3
DUYIHQ,IDPGSFDRAT,2007,5.3,5.744165,31.5929075,55.60430917,1.173350045,28.18190207,,,,19e,21,ENG,Cumbria,Uplands (England),Moderadamente Ácido,3
DUYIHQ,ZCUHTNGXSL,2007,4.48,69.06232,379.84276,126.5743371,0.222152165,77.46201977,,,,19e,21,ENG,Cumbria,Uplands (England),Fuertemenete Ácido,2
DWPADG,BIBKBVQRWD,2007,3.97,85.13713,468.254215,75.35345878,0.107282834,85.76093175,2.18,3.508148669,,28s,36,SCO,Dumfries & Galloway,Intermediate uplands and Islands (Scotland),Extremadamente Ácido,1
DWPADG,CKNPSTLXIC,2007,4.44,13.80835,75.945925,77.93044947,0.684087171,36.13821454,0.48,4.925427631,10.6,28s,36,SCO,Dumfries & Galloway,Intermediate uplands and Islands (Scotland),Fuertemenete Ácido,2
DWPADG,HSUEOIEIQL,2007,5.21,14.2125,78.16875,78.64282366,0.670709831,36.75355617,0.62,6.237601429,5.07,28s,36,SCO,Dumfries & Galloway,Intermediate uplands and Islands (Scotland),Moderadamente Ácido,3
DWPADG,IYFSZJUZIZ,2007,3.7,87.74251,482.583805,95.23170275,0.131558086,85.10975993,2.12,4.183547142,,28s,36,SCO,Dumfries & Galloway,Intermediate uplands and Islands (Scotland),Extremadamente Ácido,1
DWPADG,YKACZOQDKC,2007,5.96,9.882084,54.351462,53.81488975,0.660085154,40.10368795,0.36,3.564459832,4.58,28s,36,SCO,Dumfries & Galloway,Intermediate uplands and Islands (Scotland),Moderadamente Ácido,3
DXSUKB,DZGDQTAQQK,2007,6.04,11.8014,64.9077,84.31503601,0.865999319,41.55222144,,,,5w,41,WAL,Gwent,Lowlands (Wales),Levemenete Ácido,4
DXSUKB,GRYQDLOQFT,2007,5.77,8.6688,47.6784,90.2650907,1.262138141,26.92278229,,,,5w,41,WAL,Gwent,Lowlands (Wales),Moderadamente Ácido,3
DXSUKB,RGGPYTSRIU,2007,6.41,11.977,65.8735,85.16017823,0.861855711,36.3195154,,,,5w,41,WAL,Gwent,Lowlands (Wales),Levemenete Ácido,4
DXSUKB,ZBWUWLPOAI,2007,5.53,9.446,51.953,77.29861786,0.99190445,37.845516,,,,5w,41,WAL,Gwent,Lowlands (Wales),Moderadamente Ácido,3
DZIAED,IHELJQZXYS,2007,7.63,7.791625,42.8539375,74.41360876,1.157631606,30.20396843,0.4,6.945789639,70.6,13e,13,ENG,North Yorkshire,Westerly lowlands (England),Levemenete Alcalino,6
DZIAED,LCXGFPVOGF,2007,6.57,14.58646,80.22553,104.9997825,0.872538393,41.43924216,0.59,7.721964774,9.73,13e,13,ENG,North Yorkshire,Westerly lowlands (England),Neutro,5
DZKTFU,CLIMTFZMQM,2007,4.37,83.12007,457.160385,96.44063063,0.140637194,85.42615129,2.76,5.822379832,,21s,29,SCO,Highland,True uplands (Scotland),Fuertemenete Ácido,2
DZKTFU,IKZJHMAXHD,2007,4.6,85.53845,470.461475,110.7478153,0.156935011,84.32491436,,,13,21s,29,SCO,Highland,True uplands (Scotland),Fuertemenete Ácido,2
DZKTFU,IVSYGRNHEC,2007,4.42,86.79097,477.350335,141.0716752,0.197020462,82.23404982,,,12,21s,29,SCO,Highland,True uplands (Scotland),Fuertemenete Ácido,2
DZKTFU,PXJEABARKX,2007,4.83,95.11262,523.11941,57.50304027,0.073282236,91.07981939,,,69,21s,29,SCO,Highland,True uplands (Scotland),Fuertemenete Ácido,2
DZKTFU,VPKARJAHKC,2007,4.9,90.84948,499.67214,47.57964123,0.063481147,91.88613323,2.25,2.142488728,10,21s,29,SCO,Highland,True uplands (Scotland),Fuertemenete Ácido,2
EAHYYJ,DYMPQMRZIW,2007,4.75,21.51089,118.309895,94.12507593,0.530387172,46.67804739,,,,21s,29,SCO,Dumfries & Galloway,True uplands (Scotland),Fuertemenete Ácido,2
EAHYYJ,IPRPFPJYEM,2007,5.21,21.30311,117.167105,88.85528478,0.505575831,45.360627,,,,21s,29,SCO,Dumfries & Galloway,True uplands (Scotland),Moderadamente Ácido,3
EAHYYJ,MUQORKINYW,2007,4.52,19.58431,107.713705,71.7346,0.443983119,39.46644383,,,,21s,29,SCO,Dumfries & Galloway,True uplands (Scotland),Fuertemenete Ácido,2
EAHYYJ,ZKWYUOIKNH,2007,4.45,80.40686,442.23773,101.2716986,0.152665549,83.59982723,,,,21s,29,SCO,Dumfries & Galloway,True uplands (Scotland),Fuertemenete Ácido,2
EARTZW,JMFYNEBIAO,2007,6.16,13.11329,72.123095,93.4594255,0.863888102,41.10667703,0.5,6.479160766,8,5w,41,WAL,West Glamorgan,Lowlands (Wales),Levemenete Ácido,4
EARTZW,RYSEXBLQQP,2007,4.61,15.22122,83.71671,58.91969425,0.469198995,58.90565915,0.62,4.36355065,5,5w,41,WAL,West Glamorgan,Lowlands (Wales),Fuertemenete Ácido,2
EBPSDO,ETSJUXSMVR,2007,6.83,9.879407,54.3367385,78.43561945,0.962339927,29.74835772,0.3,4.330529672,27,9e,9,ENG,North Lincolnshire Unitary Authority,Easterly lowlands (England),Neutro,5
EBPSDO,LVHVXWHOTB,2007,7.93,3.401306,18.707183,36.77309921,1.31048055,12.31744101,0.18,3.538297486,15,9e,9,ENG,North Lincolnshire Unitary Authority,Easterly lowlands (England),Levemenete Alcalino,6
EBPSDO,QEHCNLXGIG,2007,8.03,3.562407,19.5932385,37.02456412,1.259773505,16.2342473,0.18,3.401388464,31,9e,9,ENG,North Lincolnshire Unitary Authority,Easterly lowlands (England),Moderadamente Alcalino,7
EBWPRA,EAOYVSQDVF,2007,5.47,5.512724,30.319982,60.62874056,1.333086556,21.38426095,0.24,4.799111601,32.1,11e,11,ENG,Northamptonshire,Easterly lowlands (England),Moderadamente Ácido,3
EBWPRA,EKYOYVADFS,2007,7.51,5.929435,32.6118925,57.05623788,1.166368739,25.33053441,0.29,5.073704013,32.3,11e,11,ENG,Northamptonshire,Easterly lowlands (England),Levemenete Alcalino,6
EBWPRA,JPAGJAXBVW,2007,7.92,6.266879,34.4678345,,,20.57776243,0.26,,21.6,11e,11,ENG,Northamptonshire,Easterly lowlands (England),Levemenete Alcalino,6
EBWPRA,MNDXNMFYAI,2007,7.79,6.004117,33.0226435,68.64348548,1.3857862,22.3266525,0.27,5.612434111,15.6,11e,11,ENG,Northamptonshire,Easterly lowlands (England),Levemenete Alcalino,6
EBWPRA,QJIVQLIBAL,2007,7.83,5.568833,30.6285815,61.06937689,1.32924595,23.90416341,0.25,4.984672314,23.8,11e,11,ENG,Northamptonshire,Easterly lowlands (England),Levemenete Alcalino,6
EFAJGX,AODKBRFGWE,2007,3.6,91.56107,503.585885,89.1128243,0.117971038,83.09358387,,,,18e,20,ENG,Lancashire,Uplands (England),Extremadamente Ácido,1
EFAJGX,FSPNPXKWFH,2007,4.05,88.20766,485.14213,195.3741804,0.268476897,73.51069839,,,,18e,20,ENG,Lancashire,Uplands (England),Fuertemenete Ácido,2
EFAJGX,IMRZMWEYML,2007,4.07,81.40884,447.74862,126.2640665,0.187998445,75.61595649,,,,18e,20,ENG,Lancashire,Uplands (England),Fuertemenete Ácido,2
EFAJGX,IOYNADHRJL,2007,4.04,59.47182,327.09501,212.1615381,0.432415724,59.6307692,,,,18e,20,ENG,Lancashire,Uplands (England),Fuertemenete Ácido,2
EFAJGX,NJBNBXKFLN,2007,4.39,7.399758,40.698669,45.61289256,0.747164362,34.48173321,,,,18e,20,ENG,Lancashire,Uplands (England),Fuertemenete Ácido,2
EFZSHR,BGDIHOAZCE,2007,3.99,82.18905,452.039775,52.21391359,0.077004896,89.16389358,,,,18w,45,WAL,Gwynedd,Uplands (Wales),Extremadamente Ácido,1
EFZSHR,GSDGAGBUGY,2007,4.24,14.69689,80.832895,53.70947122,0.442967113,52.44630122,,,,18w,45,WAL,Gwynedd,Uplands (Wales),Fuertemenete Ácido,2
EFZSHR,KDMLWZDXSV,2007,4.57,25.80716675,141.9394171,63.85338767,0.299909116,71.04543665,,,,18w,45,WAL,Gwynedd,Uplands (Wales),Fuertemenete Ácido,2
EFZSHR,SATRPYNCMO,2007,5.5,19.24496371,105.8473004,89.3248366,0.562601888,55.09659607,,,,18w,45,WAL,Gwynedd,Uplands (Wales),Moderadamente Ácido,3
EFZSHR,SEDWDRFINY,2007,6.92,12.59478,69.27129,70.39258243,0.677457981,42.84198369,,,,18w,45,WAL,Gwynedd,Uplands (Wales),Neutro,5
EIKMDF,FLHSNJGBQH,2007,3.69,12.89556,70.92558,82.81990458,0.778467652,27.10477131,0.21,2.452173103,16.6,10e,10,ENG,North Yorkshire,Westerly lowlands (England),Extremadamente Ácido,1
EIKMDF,OTKBGKHWDG,2007,5.62,6.814317,37.4787435,70.58354549,1.255530271,28.341696,0.29,5.46155668,56.8,10e,10,ENG,North Yorkshire,Westerly lowlands (England),Moderadamente Ácido,3
EIKMDF,PCTSIDLASC,2007,3.79,10.27812,56.52966,78.83480966,0.929716184,33.0060768,0.22,3.068063407,39.4,10e,10,ENG,North Yorkshire,Westerly lowlands (England),Extremadamente Ácido,1
EIKMDF,RYWXJSLYKH,2007,3.57,23.19618,127.57899,106.4284649,0.556144158,47.20302541,0.5,4.171081182,18.7,10e,10,ENG,North Yorkshire,Westerly lowlands (England),Extremadamente Ácido,1
EIKMDF,XYDVPHDEAL,2007,5.64,5.25766,28.91713,51.95621114,1.197818528,19.37761361,0.24,4.312146701,18.2,10e,10,ENG,North Yorkshire,Westerly lowlands (England),Moderadamente Ácido,3
EJIUFP,JZSOCHLXLX,2007,5.58,43.94253,241.683915,72.12644543,0.198955305,82.20111031,0.89,2.656053318,14,29s,37,SCO,Highland,Intermediate uplands and Islands (Scotland),Moderadamente Ácido,3
EJIUFP,LKWESPDRDQ,2007,5.54,28.79751,158.386305,74.14470014,0.312083801,72.24345809,1.12,5.243007857,9.9,29s,37,SCO,Highland,Intermediate uplands and Islands (Scotland),Moderadamente Ácido,3
EJIUFP,UKQGCXJIPW,2007,4.18,75.57258,415.64919,92.06784143,0.147669146,85.06478682,2.49,5.515442606,37,29s,37,SCO,Highland,Intermediate uplands and Islands (Scotland),Fuertemenete Ácido,2
EJIUFP,VHVRKAZMXY,2007,6.2,29.17411,160.457605,110.5512401,0.459316508,62.52752821,1.25,8.61218452,8.07,29s,37,SCO,Highland,Intermediate uplands and Islands (Scotland),Levemenete Ácido,4
EJIUFP,YQWMRTWVCY,2007,4.52,91.1584,501.3712,116.4453365,0.154835827,84.77452501,,,65,29s,37,SCO,Highland,Intermediate uplands and Islands (Scotland),Fuertemenete Ácido,2
ELMOEX,FTBHIHFKJP,2007,6.18,4.290625,23.5984375,55.4652184,1.566917821,19.74696448,0.23,5.405866483,69.2,11e,11,ENG,Bedfordshire,Easterly lowlands (England),Levemenete Ácido,4
ELMOEX,IRIDRUHWEO,2007,6.63,2.974512,16.359816,38.51325408,1.569424908,12.00776216,0.15,3.531206043,76.5,11e,11,ENG,Bedfordshire,Easterly lowlands (England),Neutro,5
ELMOEX,LQPZSEWRLI,2007,8.18,2.002061,11.0113355,28.01490338,1.696125075,9.651768067,0.08,2.03535009,82.5,11e,11,ENG,Bedfordshire,Easterly lowlands (England),Moderadamente Alcalino,7
ELMOEX,XJBTVHGUVX,2007,7.42,2.946812,16.207466,42.89815237,1.76454285,10.84279508,0.15,3.970221413,104,11e,11,ENG,Bedfordshire,Easterly lowlands (England),Neutro,5
ELWJGA,AMMJLKKZLU,2007,5.25,12.01529,66.084095,59.23374173,0.597559233,47.82891385,0.12,1.07560662,28.9,29s,37,SCO,Highland,Intermediate uplands and Islands (Scotland),Moderadamente Ácido,3
ELWJGA,AWRLJJXJCX,2007,4.38,92.03175,506.174625,143.4339707,0.188912368,82.59283912,2.39,6.772508399,38,29s,37,SCO,Highland,Intermediate uplands and Islands (Scotland),Fuertemenete Ácido,2
ELWJGA,CEUYAKZQIQ,2007,5.24,20.20176,111.10968,125.6804628,0.754092489,45.92993856,0.47,5.31635205,3.52,29s,37,SCO,Highland,Intermediate uplands and Islands (Scotland),Moderadamente Ácido,3
ELWJGA,LHLUSRHKXT,2007,5.6,58.6001,322.30055,100.0557569,0.206961601,78.46992061,1.68,5.215432353,12,29s,37,SCO,Highland,Intermediate uplands and Islands (Scotland),Moderadamente Ácido,3
EPCXUG,DDIINAQRZI,2007,4.65,10.94028,60.17154,58.81487001,0.65163553,30.92999934,,,,25s,33,SCO,Moray,Lowlands (Scotland),Fuertemenete Ácido,2
EPCXUG,DSBHOOWZVC,2007,3.79,41.51343,228.323865,112.1710654,0.327520342,60.72914688,,,,25s,33,SCO,Moray,Lowlands (Scotland),Extremadamente Ácido,1
EPCXUG,DXZZJLAQGF,2007,4.67,8.971805,49.3449275,48.85995032,0.660114461,39.5275287,,,,25s,33,SCO,Moray,Lowlands (Scotland),Fuertemenete Ácido,2
EPCXUG,MWKIYSBVOW,2007,5.66,7.087651,38.9820805,68.11425797,1.164881523,28.77594018,,,,25s,33,SCO,Moray,Lowlands (Scotland),Moderadamente Ácido,3
EPCXUG,WELNKCPDHO,2007,4.5,7.300814,40.154477,39.39575068,0.654069876,30.24143279,,,,25s,33,SCO,Moray,Lowlands (Scotland),Fuertemenete Ácido,2
EPDZLB,IQOQZQYALC,2007,5.87,4.862653,26.7445915,41.88817596,1.044153194,25.8592195,0.2,3.132459582,42,25s,33,SCO,Highland,Lowlands (Scotland),Moderadamente Ácido,3
EPDZLB,VANWQACISX,2007,6.26,4.477344,24.625392,46.30805581,1.253666833,16.55902796,0.17,3.196850425,55,25s,33,SCO,Highland,Lowlands (Scotland),Levemenete Ácido,4
EPDZLB,ZYHUQDZVHM,2007,5.48,5.088708,27.987894,33.17424379,0.790204598,21.36499528,0.22,2.607675173,36,25s,33,SCO,Highland,Lowlands (Scotland),Moderadamente Ácido,3
ERZTLR,BZRZGGCRRM,2007,5.98,6.884241,37.8633255,61.81130945,1.088323307,33.03848452,0.33,5.387200371,11,28s,36,SCO,East Ayrshire,Intermediate uplands and Islands (Scotland),Moderadamente Ácido,3
ERZTLR,FSLIGWRNWS,2007,5.61,8.824508,48.534794,67.73943877,0.930458793,37.81149244,0.35,4.884908663,,28s,36,SCO,East Ayrshire,Intermediate uplands and Islands (Scotland),Moderadamente Ácido,3
ERZTLR,FYNFXQNEFC,2007,6.18,12.40192,68.21056,88.39207594,0.863913896,41.2303605,0.43,5.572244628,46,28s,36,SCO,East Ayrshire,Intermediate uplands and Islands (Scotland),Levemenete Ácido,4
ERZTLR,QWVJYWSYRR,2007,4.47,8.4156,46.2858,68.88726693,0.992201596,37.77961165,0.34,5.060228138,18,28s,36,SCO,East Ayrshire,Intermediate uplands and Islands (Scotland),Fuertemenete Ácido,2
ERZTLR,VMUKFCUMZT,2007,6,17.1511,94.33105,121.5216987,0.85883138,41.70852589,0.87,11.20774951,77,28s,36,SCO,East Ayrshire,Intermediate uplands and Islands (Scotland),Levemenete Ácido,4
ESYNMZ,AFCNCUWIMN,2007,5.33,12.58129,69.197095,91.10552986,0.877739447,40.66826714,,,,27s,35,SCO,North Ayrshire,Lowlands (Scotland),Moderadamente Ácido,3
ESYNMZ,BHLNKEAUGW,2007,5.41,11.58268,63.70474,90.04700373,0.942337035,40.07507506,,,,27s,35,SCO,North Ayrshire,Lowlands (Scotland),Moderadamente Ácido,3
ESYNMZ,HJKSCVGBPJ,2007,6.07,11.98052,65.89286,90.57246525,0.916360946,40.5956236,,,,27s,35,SCO,North Ayrshire,Lowlands (Scotland),Levemenete Ácido,4
ESYNMZ,UWQLHTKFAW,2007,5.75,11.02847,60.656585,76.52645476,0.841089826,38.75523544,,,,27s,35,SCO,North Ayrshire,Lowlands (Scotland),Moderadamente Ácido,3
ESYNMZ,VUKCVNBQGU,2007,5.98,17.23715,94.804325,93.83540316,0.659853181,45.00705384,,,,27s,35,SCO,North Ayrshire,Lowlands (Scotland),Moderadamente Ácido,3
ETBBOE,ABPGNGHXVA,2007,4.39,12.03636,66.19998,66.47927183,0.669479274,38.1675207,0.43,4.318141318,10.9,7e,7,ENG,North Yorkshire,Westerly lowlands (England),Fuertemenete Ácido,2
ETBBOE,BYWLMYNQJZ,2007,6.82,4.479658,24.638119,50.44893787,1.365064648,27.22488841,0.2,4.095193945,16.9,7e,7,ENG,North Yorkshire,Westerly lowlands (England),Neutro,5
ETBBOE,EQBMFTULOW,2007,7.17,4.957102,27.264061,56.7649669,1.388029145,22.72926606,0.19,3.955883062,9.78,7e,7,ENG,North Yorkshire,Westerly lowlands (England),Neutro,5
ETBVQS,DROCZEXXPK,2007,5.92,7.182603,39.5043165,56.28522202,0.949857754,24.68232143,0.3,4.274359893,8.59,10e,10,ENG,North Yorkshire,Westerly lowlands (England),Moderadamente Ácido,3
ETBVQS,OIJVXSXHAI,2007,6.32,4.429319,24.3612545,38.72193288,1.059658973,16.66576915,0.17,2.702130381,16.6,10e,10,ENG,North Yorkshire,Westerly lowlands (England),Levemenete Ácido,4
ETBVQS,RWACEVPSWT,2007,5.36,6.65879,36.623345,49.90708453,0.9084749,23.07927381,,,,10e,10,ENG,North Yorkshire,Westerly lowlands (England),Moderadamente Ácido,3
EVVEDK,DMTHDRUISH,2007,6.9,3.633943,19.9866865,45.63071922,1.522037156,16.83393936,,,,10e,10,ENG,Cheshire,Westerly lowlands (England),Neutro,5
EVVEDK,EOUEDFAOSD,2007,6.25,4.944629,27.1954595,56.06772053,1.374438272,20.15482797,,,,10e,10,ENG,Cheshire,Westerly lowlands (England),Levemenete Ácido,4
EVVEDK,RBPGASTOXN,2007,6.2,7.469815,41.0839825,65.08075633,1.056060495,34.11372598,,,,10e,10,ENG,Cheshire,Westerly lowlands (England),Levemenete Ácido,4
EVVEDK,SHKWVIMGPP,2007,5.53,5.969851,32.8341805,56.81696959,1.153614287,24.20380742,,,,10e,10,ENG,Cheshire,Westerly lowlands (England),Moderadamente Ácido,3
EWICUJ,BYEXKLCQHK,2007,5.78,82.67535,454.714425,,,61.69408698,,,,4e,4,ENG,Norfolk,Easterly lowlands (England),Moderadamente Ácido,3
EWICUJ,IKLQRTIVUD,2007,6.75,48.26692,265.46806,176.5080232,0.443262423,62.27888387,,,,4e,4,ENG,Norfolk,Easterly lowlands (England),Neutro,5
EWICUJ,KLDGJMRWRD,2007,5.35,84.7781,466.27955,223.9649771,0.320215598,62.80495897,,,,4e,4,ENG,Norfolk,Easterly lowlands (England),Moderadamente Ácido,3
EWICUJ,LAHUPUCCKN,2007,7.06,71.05323,390.792765,215.8320955,0.368195311,64.4091202,,,,4e,4,ENG,Norfolk,Easterly lowlands (England),Neutro,5
EWICUJ,WGKQSFKJMF,2007,5.61,81.82605,450.043275,233.9504576,0.346559943,56.25002494,,,,4e,4,ENG,Norfolk,Easterly lowlands (England),Moderadamente Ácido,3
EXSYAA,DMMXZWLZRY,2007,4.44,34.09922,187.54571,133.4424869,0.474346536,53.36622099,0.81,5.763310415,5,23s,31,SCO,Perth & Kinross,True uplands (Scotland),Fuertemenete Ácido,2
EXSYAA,PUDFFCZRHZ,2007,3.99,89.52275,492.375125,85.21000718,0.115372748,87.75118543,2.66,4.603372664,,23s,31,SCO,Perth & Kinross,True uplands (Scotland),Extremadamente Ácido,1
EXSYAA,QZUBKPJGMO,2007,6.13,11.26701,61.968555,56.09889347,0.60352,48.14659589,0.3,2.71584,6,23s,31,SCO,Perth & Kinross,True uplands (Scotland),Levemenete Ácido,4
EXSYAA,UJPZPMRUOW,2007,5.13,24.30355,133.669525,86.4230256,0.431028317,51.10923662,0.56,3.620637863,7,23s,31,SCO,Perth & Kinross,True uplands (Scotland),Moderadamente Ácido,3
EYAJMO,MLGKXZVPWT,2007,5.37,9.333362,51.333491,74.46946012,0.967132875,32.30273358,0.55,7.97884622,5,6e,6,ENG,Cornwall and Isles of Scilly,Westerly lowlands (England),Moderadamente Ácido,3
EYAJMO,NHXCBLASDC,2007,5.56,8.436542,46.400981,62.55264682,0.898725925,26.96954407,0.5,6.740444434,7,6e,6,ENG,Cornwall and Isles of Scilly,Westerly lowlands (England),Moderadamente Ácido,3
EYAJMO,NKNKFQDWCM,2007,6.44,5.863199,32.2475945,52.27551263,1.080711361,27.92175475,0.4,6.484268169,21,6e,6,ENG,Cornwall and Isles of Scilly,Westerly lowlands (England),Levemenete Ácido,4
EYAJMO,YSGZWDKQEM,2007,5.98,11.08413,60.962715,78.03552382,0.853368859,19.85347052,0.58,7.424309074,7,6e,6,ENG,Cornwall and Isles of Scilly,Westerly lowlands (England),Moderadamente Ácido,3
EYAJMO,ZRQIMPZYVV,2007,5.66,7.584841,41.7166255,63.56104959,1.015758886,26.98054315,0.46,7.008736316,10,6e,6,ENG,Cornwall and Isles of Scilly,Westerly lowlands (England),Moderadamente Ácido,3
EYPCVJ,QSACRLYSWC,2007,4.92,17.1027,94.06485,60.7114491,0.430280805,62.22698995,,,,17w2,18,WAL,Dyfed,Uplands (Wales),Fuertemenete Ácido,2
EYPCVJ,VDFHDUWVPN,2007,6.03,15.06665,82.866575,103.3653601,0.831580647,42.44118212,,,,17w2,18,WAL,Dyfed,Uplands (Wales),Levemenete Ácido,4
EYPCVJ,YMODSGVSUS,2007,5.25,81.17375,446.455625,41.23924878,0.061580213,93.33502437,,,,17w2,18,WAL,Dyfed,Uplands (Wales),Moderadamente Ácido,3
FALEKI,ETHTCVCUCE,2007,5.52,43.69703,240.333665,113.4039058,0.314573507,70.04039505,,,,30s,38,SCO,Highland,Intermediate uplands and Islands (Scotland),Moderadamente Ácido,3
FALEKI,IUCOTGQPQX,2007,4.44,95.4705,525.08775,72.55917527,0.092123238,91.03906484,,,,30s,38,SCO,Highland,Intermediate uplands and Islands (Scotland),Fuertemenete Ácido,2
FALEKI,KFFGXAEJRQ,2007,5.03,86.6241,476.43255,96.19624891,0.134606321,87.49419925,,,,30s,38,SCO,Highland,Intermediate uplands and Islands (Scotland),Moderadamente Ácido,3
FALEKI,LSWRXMSALI,2007,4.33,95.86832,527.27576,70.53890589,0.089186609,91.68591078,,,,30s,38,SCO,Highland,Intermediate uplands and Islands (Scotland),Fuertemenete Ácido,2
FALEKI,NMZHLCQKOL,2007,4.7,95.9895,527.94225,58.39819527,0.073743161,93.19204575,,,,30s,38,SCO,Highland,Intermediate uplands and Islands (Scotland),Fuertemenete Ácido,2
FAQWDV,KUBUCWPOVH,2007,6.9,7.60829,41.845595,58.60682991,0.933699711,24.17717965,0.38,5.32208835,13.2,27s,35,SCO,Scottish Borders,Lowlands (Scotland),Neutro,5
FAQWDV,UAASLAYLMA,2007,5.23,10.28617,56.573935,,,27.0239625,0.49,,26,27s,35,SCO,Scottish Borders,Lowlands (Scotland),Moderadamente Ácido,3
FAQWDV,YBIIAWNUNE,2007,6.79,8.889314,48.891227,48.59061417,0.662567597,26.36676641,0.43,4.273561,13,27s,35,SCO,Scottish Borders,Lowlands (Scotland),Neutro,5
FAQWDV,YCFXGAHGFA,2007,5.91,5.008026,27.544143,48.13719523,1.165092103,12.7412527,0.26,4.543859201,73.6,27s,35,SCO,Scottish Borders,Lowlands (Scotland),Moderadamente Ácido,3
FBUJKB,GWNLVVFDTY,2007,4.26,4.25913,23.425215,39.75115534,1.131292508,13.27563267,0.11,1.866632638,25,26s,34,SCO,Stirling,Lowlands (Scotland),Fuertemenete Ácido,2
FBUJKB,LQTMFLIBJP,2007,4.72,7.481902,41.150461,50.32969139,0.815376712,37.52284995,0.31,3.791501712,22.1,26s,34,SCO,Stirling,Lowlands (Scotland),Fuertemenete Ácido,2
FBUJKB,SOQAOITDHN,2007,5.55,5.724678,31.485729,50.92118084,1.078185418,30.05134279,0.22,3.558011881,16.6,26s,34,SCO,Stirling,Lowlands (Scotland),Moderadamente Ácido,3
FBUJKB,ZJSHEOSUOD,2007,6.14,2.279034,12.534687,23.59004215,1.254653967,24.17592023,0.07,1.317386665,3.88,26s,34,SCO,Stirling,Lowlands (Scotland),Levemenete Ácido,4
FBWAHU,BXWCNWKXRS,2007,3.98,36.44933,200.471315,172.8368211,0.574768253,37.80341382,0.81,6.98343427,10,18e,20,ENG,Derbyshire,Uplands (England),Extremadamente Ácido,1
FBWAHU,QVVOTLFQLN,2007,4.28,14.11459,77.630245,98.6820846,0.847453932,29.68884891,0.57,7.245731122,8.21,18e,20,ENG,Derbyshire,Uplands (England),Fuertemenete Ácido,2
FBWAHU,RXTGYNLXWF,2007,3.93,19.88743,109.380865,114.5297597,0.698048723,39.78189643,0.45,4.711828879,6.93,18e,20,ENG,Derbyshire,Uplands (England),Extremadamente Ácido,1
FBWAHU,WBOGXROZXO,2007,6.62,6.635358,36.494469,64.69327055,1.181791329,20.96883795,0.3,5.318060982,60.2,18e,20,ENG,Derbyshire,Uplands (England),Neutro,5
FBWAHU,XLQQKRKWMB,2007,4.09,15.27781,84.027955,93.68872559,0.743313941,29.2632462,0.4,4.459883647,4.49,18e,20,ENG,Derbyshire,Uplands (England),Fuertemenete Ácido,2
FDGMIG,APLCMFVFNF,2007,5.06,46.36086,254.98473,80.58797171,0.210700125,81.56143133,,,,22e,22,ENG,Cumbria,Uplands (England),Moderadamente Ácido,3
FDGMIG,CLUDQWWKYL,2007,6.05,9.620884,52.914862,69.69360842,0.878059658,38.8237348,,,,22e,22,ENG,Cumbria,Uplands (England),Levemenete Ácido,4
FDGMIG,HKISUYASGS,2007,4.95,88.913,489.0215,62.57807663,0.0853106,92.50196144,,,,22e,22,ENG,Cumbria,Uplands (England),Fuertemenete Ácido,2
FDGMIG,VRLDLRVENW,2007,5.27,24.34712,133.90916,113.6458875,0.565785978,56.15166143,,,,22e,22,ENG,Cumbria,Uplands (England),Moderadamente Ácido,3
FDGMIG,ZMJOIASUHQ,2007,4.66,11.5725,63.64875,77.83380764,0.815243113,45.17909597,,,,22e,22,ENG,Cumbria,Uplands (England),Fuertemenete Ácido,2
FGGQSX,CDQKEDAFAL,2007,4.35,89.82333,494.028315,131.276352,0.177150915,81.54445193,1.43,3.799887124,43,31s,39,SCO,Orkney Islands,Intermediate uplands and Islands (Scotland),Fuertemenete Ácido,2
FGGQSX,CXCAQAQOJX,2007,5.75,16.03458,88.19019,103.2157952,0.780251524,44.48123935,0.5,5.851886427,56.6,31s,39,SCO,Orkney Islands,Intermediate uplands and Islands (Scotland),Moderadamente Ácido,3
FGGQSX,EQBIXRDPML,2007,4.13,88.82768,488.55224,137.0889723,0.187068323,80.47450431,1.57,4.405459006,42,31s,39,SCO,Orkney Islands,Intermediate uplands and Islands (Scotland),Fuertemenete Ácido,2
FGGQSX,MUQUSAXAYK,2007,5.33,14.49653,79.730915,95.58427816,0.799223891,42.44403706,0.58,6.953247851,22.7,31s,39,SCO,Orkney Islands,Intermediate uplands and Islands (Scotland),Moderadamente Ácido,3
FGGQSX,ZJXWIKVLSK,2007,4.44,60.92244,335.07342,165.1040105,0.328493201,71.11137036,1.19,5.86360364,20.9,31s,39,SCO,Orkney Islands,Intermediate uplands and Islands (Scotland),Fuertemenete Ácido,2
FIAYXI,DSCKEBJVXT,2007,4.83,29.00499,159.527445,109.9076201,0.45930496,65.08713451,,,,22s,30,SCO,Scottish Borders,True uplands (Scotland),Fuertemenete Ácido,2
FIAYXI,ERWYIIRCJH,2007,4.08,50.67737,278.725535,122.5394588,0.293094684,68.22003786,,,,22s,30,SCO,Scottish Borders,True uplands (Scotland),Fuertemenete Ácido,2
FIAYXI,MYBBLHBOMY,2007,4.04,29.8722,164.2971,106.6384503,0.432705752,62.00607447,,,,22s,30,SCO,Scottish Borders,True uplands (Scotland),Fuertemenete Ácido,2
FIAYXI,OWUZVMYHNC,2007,4.96,20.3192,111.7556,69.54796032,0.414881285,41.39273518,,,,22s,30,SCO,Scottish Borders,True uplands (Scotland),Fuertemenete Ácido,2
FIAYXI,TPKGXVBPZC,2007,4.49,40.81427,224.478485,135.7199974,0.403067574,57.5960925,,,,22s,30,SCO,Scottish Borders,True uplands (Scotland),Fuertemenete Ácido,2
FITMPO,DAOPCNCZOW,2007,5.49,2.38483,13.116565,29.73385746,1.511262411,17.36465726,,,,13s,26,SCO,South Ayrshire,Lowlands (Scotland),Moderadamente Ácido,3
FITMPO,KOMWQRFLSV,2007,7.31,2.729276,15.011018,33.38310046,1.482604331,20.01726707,,,,13s,26,SCO,South Ayrshire,Lowlands (Scotland),Neutro,5
FITMPO,OVPCSLWHAD,2007,6.63,3.132063,17.2263465,31.09712659,1.203471539,23.9990363,,,,13s,26,SCO,South Ayrshire,Lowlands (Scotland),Neutro,5
FITMPO,PVEFGNABSH,2007,6.43,2.978604,16.382322,35.81236679,1.457358194,19.44391252,,,,13s,26,SCO,South Ayrshire,Lowlands (Scotland),Levemenete Ácido,4
FJXZSU,AVHPYLAWFN,2007,3.84,25.31723,139.244765,62.7986054,0.300662915,58.89122838,,,,19e,21,ENG,North Yorkshire,Uplands (England),Extremadamente Ácido,1
FJXZSU,OHXGLLQSLP,2007,4.16,51.1823,281.50265,112.4555216,0.266321996,63.93414517,,,,19e,21,ENG,North Yorkshire,Uplands (England),Fuertemenete Ácido,2
FJXZSU,QFOGUBZNWP,2007,3.96,74.27575,408.516625,157.1982925,0.256535121,76.24298516,,,,19e,21,ENG,North Yorkshire,Uplands (England),Extremadamente Ácido,1
FJXZSU,TCIDBNHZRR,2007,3.88,17.9591,98.77505,68.39212115,0.461601866,38.48863484,,,,19e,21,ENG,North Yorkshire,Uplands (England),Extremadamente Ácido,1
FJXZSU,ZLMSHUXXUL,2007,3.87,17.61173,96.864515,63.98674761,0.440386572,53.0413772,,,,19e,21,ENG,North Yorkshire,Uplands (England),Extremadamente Ácido,1
FKKANQ,DBHQSAAHCE,2007,5,54.84284,301.63562,38.621238,0.085359587,91.96464465,,,,21s,29,SCO,Stirling,True uplands (Scotland),Moderadamente Ácido,3
FKKANQ,KVVDWSVBSV,2007,5.01,93.01459,511.580245,70.99132171,0.092512462,89.94898967,,,,21s,29,SCO,Stirling,True uplands (Scotland),Moderadamente Ácido,3
FKKANQ,LAXCKHVNSX,2007,5.22,10.04591,55.252505,67.08073673,0.809383957,42.59671392,,,,21s,29,SCO,Stirling,True uplands (Scotland),Moderadamente Ácido,3
FKKANQ,ROQIWGVGUE,2007,5.38,13.97780843,76.87794635,57.49584989,0.498589887,57.94015956,,,,21s,29,SCO,Stirling,True uplands (Scotland),Moderadamente Ácido,3
FKKANQ,SDPYVSTZLA,2007,5.52,29.55128963,162.5320929,74.53907488,0.305740951,73.8112003,,,,21s,29,SCO,Stirling,True uplands (Scotland),Moderadamente Ácido,3
FLEZYA,FLTWELQDBC,2007,6.93,6.544209,35.9931495,67.71193168,1.254163318,6.982132432,,,,8e,8,ENG,Cumbria,Westerly lowlands (England),Neutro,5
FLEZYA,MARQTINKRU,2007,6.87,4.800815,26.4044825,51.86886668,1.309597507,23.34686363,,,,8e,8,ENG,Cumbria,Westerly lowlands (England),Neutro,5
FLEZYA,WXKNPGZEKT,2007,6.53,4.439061,24.4148355,,,4.25038465,,,,8e,8,ENG,Cumbria,Westerly lowlands (England),Neutro,5
FLEZYA,YSCHSPQTXL,2007,6.53,6.657827,36.6180485,64.69666145,1.177864725,23.85325973,,,,8e,8,ENG,Cumbria,Westerly lowlands (England),Neutro,5
FLWHQO,GXCSTYEDOR,2007,4.54,5.527051,30.3987805,38.09613567,0.835475087,18.45768967,,,,17e,16,ENG,Shropshire,Uplands (England),Fuertemenete Ácido,2
FLWHQO,HVUKNXKLWK,2007,7.5,3.656188,20.109034,45.93931078,1.52300738,22.25797284,,,,17e,16,ENG,Shropshire,Uplands (England),Levemenete Alcalino,6
FLWHQO,KVTRWMIRDL,2007,6.32,3.196857,17.5827135,,,,,,,17e,16,ENG,Shropshire,Uplands (England),Levemenete Ácido,4
FLWHQO,LUXFYGZFPT,2007,6.7,3.431603,18.8738165,,,,,,,17e,16,ENG,Shropshire,Uplands (England),Neutro,5
FLWHQO,OWESZKAYZG,2007,6.71,3.55979,19.578845,,,,,,,17e,16,ENG,Shropshire,Uplands (England),Neutro,5
FMAYXW,DXTJIDQZGO,2007,7.73,4.937951,27.1587305,37.95913943,0.931784825,26.1535303,,,,5e,5,ENG,Devon,Westerly lowlands (England),Levemenete Alcalino,6
FMAYXW,GLFWDYZHYR,2007,6.56,5.984612,32.915366,45.26419403,0.916779396,29.29757225,,,,5e,5,ENG,Devon,Westerly lowlands (England),Neutro,5
FMAYXW,GQKLNNLMME,2007,4.37,10.69633,58.829815,46.00643658,0.521350572,36.0734144,,,,5e,5,ENG,Devon,Westerly lowlands (England),Fuertemenete Ácido,2
FMAYXW,MLNLBWCATS,2007,7.06,4.165707,22.9113885,,,,,,,5e,5,ENG,Devon,Westerly lowlands (England),Neutro,5
FMAYXW,VVCRJIRCYW,2007,5.32,6.313272,34.722996,39.29143262,0.754378695,24.85549469,,,,5e,5,ENG,Devon,Westerly lowlands (England),Moderadamente Ácido,3
FMFSCG,CJUQKIAOUQ,2007,5.73,11.48461,63.165355,52.98093355,0.559177137,54.56331538,0.58,4.864841092,,24s,32,SCO,Highland,True uplands (Scotland),Moderadamente Ácido,3
FMFSCG,QGLKDQWEFA,2007,4.49,92.4829,508.65595,67.52551894,0.088501889,91.85426293,,,,24s,32,SCO,Highland,True uplands (Scotland),Fuertemenete Ácido,2
FMFSCG,UHKFCLMOHW,2007,4.49,91.63032,503.96676,71.08726911,0.094036981,89.09083287,,,111,24s,32,SCO,Highland,True uplands (Scotland),Fuertemenete Ácido,2
FMFSCG,WHQWCDYBBZ,2007,4.49,93.11219,512.117045,66.45924871,0.086515702,89.63349052,,,34,24s,32,SCO,Highland,True uplands (Scotland),Fuertemenete Ácido,2
FMQFWX,DRAHSUNOZR,2007,7.02,6.513242,35.822831,50.60668993,0.941795842,29.15498619,0.39,5.509505676,24.3,7e,7,ENG,Cornwall and Isles of Scilly,Westerly lowlands (England),Neutro,5
FMQFWX,HVHFSUSWVQ,2007,7.83,5.849884,32.174362,52.35351461,1.084787418,22.31374566,0.33,5.369697718,55.4,7e,7,ENG,Cornwall and Isles of Scilly,Westerly lowlands (England),Levemenete Alcalino,6
FMQFWX,NLOKCQHPAA,2007,7.81,7.785663,42.8211465,48.37020844,0.753057969,29.2763916,0.5,5.64793477,44.8,7e,7,ENG,Cornwall and Isles of Scilly,Westerly lowlands (England),Levemenete Alcalino,6
FMQFWX,YWEACPJFTQ,2007,6.48,6.587929,36.2336095,49.11967108,0.903758909,30.95313104,0.43,5.829244962,41.7,7e,7,ENG,Cornwall and Isles of Scilly,Westerly lowlands (England),Levemenete Ácido,4
FNQTOM,DNNZYDAXHK,2007,8.07,4.92447,27.084585,48.65764341,1.197671256,20.64341724,0.19,3.41336308,35.7,11e,11,ENG,Oxfordshire,Easterly lowlands (England),Moderadamente Alcalino,7
FNQTOM,IUNNQQIGTB,2007,7.85,6.293926,34.616593,61.69639918,1.188185469,22.1063086,0.23,4.099239868,44.9,11e,11,ENG,Oxfordshire,Easterly lowlands (England),Levemenete Alcalino,6
FNQTOM,SQNNXRALLO,2007,7.58,9.283666,51.060163,93.58395221,1.221878228,26.34494281,0.43,7.881114569,14,11e,11,ENG,Oxfordshire,Easterly lowlands (England),Levemenete Alcalino,6
FNQTOM,XODTYUVHCM,2007,8,4.603806,25.320933,31.55656041,0.830842487,22.5459212,0.18,2.243274714,48,11e,11,ENG,Oxfordshire,Easterly lowlands (England),Moderadamente Alcalino,7
FOXCNS,AWHJSKHHMW,2007,3.93,93.30312,513.16716,82.25294785,0.106856601,89.34113,,,80,23e,23,ENG,North Yorkshire,Uplands (England),Extremadamente Ácido,1
FOXCNS,LHLWQEXSGF,2007,3.74,93.81255,515.969025,96.97384315,0.125296724,88.46945693,,,191,23e,23,ENG,North Yorkshire,Uplands (England),Extremadamente Ácido,1
FOXCNS,LITDKFQSSH,2007,3.76,93.71841,515.451255,89.41096502,0.115641022,89.45558079,,,79,23e,23,ENG,North Yorkshire,Uplands (England),Extremadamente Ácido,1
FOXCNS,UTUWFNOBUW,2007,4.33,92.95705,511.263775,86.86433452,0.113267474,88.82678366,,,61,23e,23,ENG,North Yorkshire,Uplands (England),Fuertemenete Ácido,2
FOXCNS,WWLTRNOZLT,2007,3.84,93.44103,513.925665,61.76343653,0.080119806,90.66998034,2.02,2.427630108,140,23e,23,ENG,North Yorkshire,Uplands (England),Extremadamente Ácido,1
FOXRQT,FMGARZPTXO,2007,4.47,14.94982,82.22401,80.29909987,0.651059627,50.21491934,,,,22e,22,ENG,Cumbria,Uplands (England),Fuertemenete Ácido,2
FOXRQT,QTXPVMQQDP,2007,4.97,16.52282,90.87551,93.17770961,0.683555702,47.06097352,,,,22e,22,ENG,Cumbria,Uplands (England),Fuertemenete Ácido,2
FOXRQT,UERLBUDJPX,2007,4.4,21.49249,118.208695,93.26524998,0.525992046,58.41022473,,,,22e,22,ENG,Cumbria,Uplands (England),Fuertemenete Ácido,2
FPZGGG,CUIRTOMHRF,2007,4.24,91.53272,503.42996,58.11360855,0.076956893,91.94705398,,,,21s,29,SCO,Highland,True uplands (Scotland),Fuertemenete Ácido,2
FPZGGG,OCQBSPQSLW,2007,4.46,95.07509,522.912995,93.37875528,0.119049448,86.83281322,,,,21s,29,SCO,Highland,True uplands (Scotland),Fuertemenete Ácido,2
FPZGGG,PEUJINHZUQ,2007,4.44,97.06146,533.83803,86.62071483,0.108173528,89.44628917,,,,21s,29,SCO,Highland,True uplands (Scotland),Fuertemenete Ácido,2
FPZGGG,SMRCDEBCHB,2007,4.46,95.55707,525.563885,80.23370315,0.101774755,89.7527864,,,,21s,29,SCO,Highland,True uplands (Scotland),Fuertemenete Ácido,2
FPZGGG,ZTNMHEJXTM,2007,4.5,95.24789,523.863395,25.21170513,0.032084325,96.77658409,,,,21s,29,SCO,Highland,True uplands (Scotland),Fuertemenete Ácido,2
FQDMAZ,CGLOKJHRQL,2007,6.6,6.85457,37.700135,66.61311984,1.177946619,24.14524716,,,,1e,1,ENG,Hampshire,Westerly lowlands (England),Neutro,5
FQDMAZ,DGOOEMDJLN,2007,6.34,5.438731,29.9130205,,,22.79700156,,,,1e,1,ENG,Hampshire,Westerly lowlands (England),Levemenete Ácido,4
FQDMAZ,HNBZBEPKUN,2007,7.13,8.527578,46.901679,,,22.56691395,,,,1e,1,ENG,Hampshire,Westerly lowlands (England),Neutro,5
FQDMAZ,LDZZPMHFZX,2007,5.83,5.505636,30.280998,,,20.17535499,,,,1e,1,ENG,Hampshire,Westerly lowlands (England),Moderadamente Ácido,3
FRDJSC,CYTEPQQEPQ,2007,5.35,18.48376,101.66068,80.34975169,0.526914645,59.19589165,,,,15w,44,WAL,Dyfed,Lowlands (Wales),Moderadamente Ácido,3
FRDJSC,EGTFLAMWWY,2007,5.09,18.54938,102.02159,84.68556389,0.553383285,59.54810699,,,,15w,44,WAL,Dyfed,Lowlands (Wales),Moderadamente Ácido,3
FRDJSC,HLFFPVPSMT,2007,5.66,14.20343,78.118865,74.14936774,0.632790963,53.33214846,,,,15w,44,WAL,Dyfed,Lowlands (Wales),Moderadamente Ácido,3
FRDJSC,NMVMAVNPYF,2007,5.22,11.39928,62.69604,73.2856925,0.779269765,48.35048635,,,,15w,44,WAL,Dyfed,Lowlands (Wales),Moderadamente Ácido,3
FSSIYV,KEKKFWWKVG,2007,6.39,45.61885,250.903675,181.9062137,0.483336122,48.80309556,,,,13e,13,ENG,Greater Manchester,Westerly lowlands (England),Levemenete Ácido,4
FSSIYV,KVJOIODEBJ,2007,6.05,49.97083,274.839565,194.7457646,0.472386535,54.51667383,,,,13e,13,ENG,Greater Manchester,Westerly lowlands (England),Levemenete Ácido,4
FSSIYV,QKUCQWVDKJ,2007,3.51,71.3019,392.16045,105.3456597,0.179085983,67.21857089,,,,13e,13,ENG,Greater Manchester,Westerly lowlands (England),Extremadamente Ácido,1
FSSIYV,WKAPFYREAI,2007,6.41,38.15937,209.876535,198.2553415,0.629752286,35.76568664,,,,13e,13,ENG,Greater Manchester,Westerly lowlands (England),Levemenete Ácido,4
FSZBXT,AZKSJMIVXP,2007,6.21,8.308078,45.694429,71.94127501,1.049599504,27.40250398,,,,1e,1,ENG,Shropshire,Westerly lowlands (England),Levemenete Ácido,4
FSZBXT,CMEAILGKAY,2007,4.34,5.613117,30.8721435,45.61065044,0.984936478,24.21152861,,,,1e,1,ENG,Shropshire,Westerly lowlands (England),Fuertemenete Ácido,2
FSZBXT,DSWLZRHNER,2007,4.2,14.95292,82.24106,79.00980557,0.640473308,29.22242319,,,,1e,1,ENG,Shropshire,Westerly lowlands (England),Fuertemenete Ácido,2
FSZBXT,NUBPWBNUOH,2007,4.76,5.182196,28.502078,56.94944949,1.332053742,11.40588249,,,,1e,1,ENG,Shropshire,Westerly lowlands (England),Fuertemenete Ácido,2
FSZBXT,WWRCEENRYF,2007,4.61,7.849347,43.1714085,51.78130813,0.799623484,22.0856563,,,,1e,1,ENG,Shropshire,Westerly lowlands (England),Fuertemenete Ácido,2
FTFESP,AVEVZXPBAS,2007,4.27,11.32602,62.29311,61.52901585,0.65848926,51.20771544,,,,18s,27,SCO,Argyll & Bute,Intermediate uplands and Islands (Scotland),Fuertemenete Ácido,2
FTFESP,CXDKMRQVAZ,2007,4.79,16.13084,88.71962,70.38857123,0.528921496,57.24186442,,,,18s,27,SCO,Argyll & Bute,Intermediate uplands and Islands (Scotland),Fuertemenete Ácido,2
FTFESP,IWYYSVNSKB,2007,4.22,87.64006,482.02033,95.53548414,0.132132026,86.03009282,,,,18s,27,SCO,Argyll & Bute,Intermediate uplands and Islands (Scotland),Fuertemenete Ácido,2
FTFESP,VZMAZWJJLF,2007,4.18,62.74596,345.10278,59.54544004,0.115029383,84.42138026,,,,18s,27,SCO,Argyll & Bute,Intermediate uplands and Islands (Scotland),Fuertemenete Ácido,2
FXDGSF,AAKYTFKOZE,2007,5.56,15.59727,85.784985,89.28417084,0.693860127,42.77513493,,,,17w3,19,WAL,Dyfed,Uplands (Wales),Moderadamente Ácido,3
FXDGSF,FILLQRXOQH,2007,5.68,12.04295,66.236225,42.06557009,0.423389367,41.7541664,,,,17w3,19,WAL,Dyfed,Uplands (Wales),Moderadamente Ácido,3
FXDGSF,GUVSLRGBXR,2007,4.33,12.3169,67.74295,73.85221759,0.726788717,39.87554913,,,,17w3,19,WAL,Dyfed,Uplands (Wales),Fuertemenete Ácido,2
FXDGSF,HLHVIJAJUW,2007,5.9,10.24399,56.341945,62.30280554,0.737198613,38.08313082,,,,17w3,19,WAL,Dyfed,Uplands (Wales),Moderadamente Ácido,3
FXDGSF,XRPZQLUIRW,2007,7.14,10.4213,57.31715,77.05354292,0.896224404,37.87940752,,,,17w3,19,WAL,Dyfed,Uplands (Wales),Neutro,5
FXMRQH,OFMTXFPPPT,2007,6.43,10.27118,56.49149,34.07770565,0.402157395,73.35813128,,,,17w1,17,WAL,Gwynedd,Uplands (Wales),Levemenete Ácido,4
FXMRQH,QKZWYYFBRV,2007,5.85,12.71837,69.951035,113.1303879,1.078186457,26.57000296,,,,17w1,17,WAL,Gwynedd,Uplands (Wales),Moderadamente Ácido,3
FXMRQH,QQBCDRWSVM,2007,4.66,16.73573,92.046515,112.6425407,0.815837809,25.67115461,,,,17w1,17,WAL,Gwynedd,Uplands (Wales),Fuertemenete Ácido,2
FXMRQH,WYALJWWMLF,2007,5.03,90.16424,495.90332,30.22783749,0.040636735,94.96292547,,,,17w1,17,WAL,Gwynedd,Uplands (Wales),Moderadamente Ácido,3
GAEJTI,LJAWBASZID,2007,5.42,8.649204,47.570622,40.5386424,0.568118735,39.21923932,,,,25s,33,SCO,Aberdeenshire,Lowlands (Scotland),Moderadamente Ácido,3
GAEJTI,NKSKTFDMJJ,2007,5.52,7.274222,40.008221,,,,,,,25s,33,SCO,Aberdeenshire,Lowlands (Scotland),Moderadamente Ácido,3
GCDFIO,GFKPBWPOGX,2007,4.49,5.846401,32.1552055,60.01627729,1.244304022,28.33539319,0.27,5.039431289,29.6,7w,43,WAL,Gwynedd,Lowlands (Wales),Fuertemenete Ácido,2
GCDFIO,HZPSCRJFBQ,2007,5.83,5.635199,30.9935945,60.25926306,1.296165956,23.70179423,0.26,5.055047227,8.07,7w,43,WAL,Gwynedd,Lowlands (Wales),Moderadamente Ácido,3
GCDFIO,JLLLZYDQVC,2007,5.94,7.315706,40.236383,66.63093722,1.1039915,31.35137913,0.37,6.127152824,6.93,7w,43,WAL,Gwynedd,Lowlands (Wales),Moderadamente Ácido,3
GCDFIO,KAYDKJBHJS,2007,4.49,6.857782,37.717801,62.25462155,1.100357919,26.19183994,0.36,5.941932765,9.2,7w,43,WAL,Gwynedd,Lowlands (Wales),Fuertemenete Ácido,2
GCDFIO,VQGFJHIZWH,2007,6.03,10.98764,60.43202,94.06147172,1.037655994,32.33812969,0.61,9.49455235,22.4,7w,43,WAL,Gwynedd,Lowlands (Wales),Levemenete Ácido,4
GCFNAZ,CWCGOCVLPB,2007,4.07,95.42812,524.85466,106.0287549,0.134676972,85.24811095,2.21,4.464541637,,13s,26,SCO,Argyll & Bute,Lowlands (Scotland),Fuertemenete Ácido,2
GCFNAZ,JBEZEWTRDH,2007,4.5,96.14232,528.78276,44.30624635,0.055859419,92.07953387,1.37,1.147911053,,13s,26,SCO,Argyll & Bute,Lowlands (Scotland),Fuertemenete Ácido,2
GCFNAZ,LAKOFGZXLX,2007,4.63,62.41731,343.295205,113.6347335,0.220674475,78.42305728,1.17,3.872837029,21.7,13s,26,SCO,Argyll & Bute,Lowlands (Scotland),Fuertemenete Ácido,2
GCFNAZ,SEHRXMSNVH,2007,5.23,6.982302,38.402661,47.97978386,0.83292464,43.16788442,0.28,3.498283486,8.11,13s,26,SCO,Argyll & Bute,Lowlands (Scotland),Moderadamente Ácido,3
GCFNAZ,SJEJPCXPXH,2007,4.17,95.5023,525.26265,56.2912664,0.07144523,90.76360467,1.65,1.768269447,23,13s,26,SCO,Argyll & Bute,Lowlands (Scotland),Fuertemenete Ácido,2
GCJEBY,JRLNQHTXVX,2007,7.02,10.02521,55.138655,68.55524416,0.828883042,21.06084706,,,,2e,2,ENG,Hampshire,Easterly lowlands (England),Neutro,5
GCJEBY,NNLPKDNGTT,2007,7.9,20.2523,111.38765,119.8141424,0.7171001,34.59308045,,,,2e,2,ENG,Hampshire,Easterly lowlands (England),Levemenete Alcalino,6
GCJEBY,VNUOVKNXFL,2007,8.07,8.832863,48.5807465,46.56752524,0.639039518,27.08738317,,,,2e,2,ENG,Hampshire,Easterly lowlands (England),Moderadamente Alcalino,7
GCKECU,BRHHHYSKWE,2007,5.86,8.352953,45.9412415,66.36197667,0.962997871,30.35710134,0.35,5.055738825,23,26s,34,SCO,Aberdeenshire,Lowlands (Scotland),Moderadamente Ácido,3
GCKECU,QQTYNQUTXG,2007,5.55,15.99091,87.950005,89.73501479,0.680197155,46.26939003,0.57,5.815685676,56,26s,34,SCO,Aberdeenshire,Lowlands (Scotland),Moderadamente Ácido,3
GCKECU,SJYZAPEHJP,2007,5.62,5.40179,29.709845,54.61488525,1.225517114,22.28394981,0.22,4.044206476,16,26s,34,SCO,Aberdeenshire,Lowlands (Scotland),Moderadamente Ácido,3
GCKECU,WTTHQTFXNN,2007,6.06,5.587845,30.7331475,44.7794442,0.971360411,21.86936826,0.21,3.059785296,39,26s,34,SCO,Aberdeenshire,Lowlands (Scotland),Levemenete Ácido,4
GGCZVE,IYWUXIZLSU,2007,4.61,92.78496,510.31728,71.82887723,0.09383558,91.443088,,,,28s,36,SCO,Highland,Intermediate uplands and Islands (Scotland),Fuertemenete Ácido,2
GGCZVE,KOFJUMEMQV,2007,4.54,96.28682,529.57751,115.4615604,0.145350533,84.32155323,,,,28s,36,SCO,Highland,Intermediate uplands and Islands (Scotland),Fuertemenete Ácido,2
GGCZVE,KOIXETOYCD,2007,4.52,93.83112,516.07116,69.53958258,0.089832033,91.10995749,,,,28s,36,SCO,Highland,Intermediate uplands and Islands (Scotland),Fuertemenete Ácido,2
GGCZVE,VFZQLSHBIU,2007,4.52,95.31194,524.21567,56.78533565,0.072216251,92.78591001,,,,28s,36,SCO,Highland,Intermediate uplands and Islands (Scotland),Fuertemenete Ácido,2
GGCZVE,XFSZSQDYMP,2007,5.5,11.25404,61.89722,82.74223094,0.891178752,38.99402309,,,,28s,36,SCO,Highland,Intermediate uplands and Islands (Scotland),Moderadamente Ácido,3
GKPUAI,GPDOIDCREE,2007,4.35,34.52449,189.884695,89.72297862,0.315008638,48.29229085,1.02,4.819632156,6.84,13e,13,ENG,Cumbria,Westerly lowlands (England),Fuertemenete Ácido,2
GKPUAI,IFKYSILARB,2007,5.18,10.1823,56.00265,57.55633423,0.685162032,46.72826664,0.48,4.933166632,4.6,13e,13,ENG,Cumbria,Westerly lowlands (England),Moderadamente Ácido,3
GKPUAI,OYVVMOYDCH,2007,4.64,23.22137,127.717535,86.72857664,0.452710359,57.69347418,0.9,6.111589843,3.1,13e,13,ENG,Cumbria,Westerly lowlands (England),Fuertemenete Ácido,2
GKPUAI,VSPXMINHMG,2007,4.64,26.67487,146.711785,85.30898316,0.387648855,49.16201741,0.88,5.116964883,4.29,13e,13,ENG,Cumbria,Westerly lowlands (England),Fuertemenete Ácido,2
GLYVQA,CJRGUQWAWE,2007,4.7,14.81937,81.506535,78.51858426,0.642227312,46.07281741,,,,17w2,18,WAL,Powys,Uplands (Wales),Fuertemenete Ácido,2
GLYVQA,HBHZWXDQHQ,2007,5.62,11.54242,63.48331,84.55397176,0.887939121,45.70368921,,,,17w2,18,WAL,Powys,Uplands (Wales),Moderadamente Ácido,3
GLYVQA,MWNMHCZCZA,2007,4.49,15.79166,86.85413,45.01295694,0.345506172,70.39787797,,,,17w2,18,WAL,Powys,Uplands (Wales),Fuertemenete Ácido,2
GLYVQA,TFBQYQGFOF,2007,5.96,13.3846,73.6153,86.44931485,0.78289264,44.01008419,,,,17w2,18,WAL,Powys,Uplands (Wales),Moderadamente Ácido,3
GMFGBH,GESONBNYWA,2007,5.5,16.72254,91.97397,124.9669034,0.905813557,27.14902246,,,,17w3,19,WAL,Clwyd,Uplands (Wales),Moderadamente Ácido,3
GMFGBH,JSSMZNTBRW,2007,5.59,6.441965,35.4308075,50.41484173,0.948606505,28.28468116,,,,17w3,19,WAL,Clwyd,Uplands (Wales),Moderadamente Ácido,3
GMFGBH,KRXRSEIBVW,2007,4.59,18.58558,102.22069,104.3394037,0.680484572,35.75321136,,,,17w3,19,WAL,Clwyd,Uplands (Wales),Fuertemenete Ácido,2
GMFGBH,VVCUWDHEYF,2007,5.4,10.22422,56.23321,59.92341732,0.710415516,47.71992182,,,,17w3,19,WAL,Clwyd,Uplands (Wales),Moderadamente Ácido,3
GMFGBH,XYFGKEWXKE,2007,5.68,20.98765,115.432075,81.98964987,0.473523209,32.55455091,,,,17w3,19,WAL,Clwyd,Uplands (Wales),Moderadamente Ácido,3
GMZDRN,CHDSIZTLBT,2007,7.45,8.240008,45.320044,65.69315138,0.966359041,42.0169168,,,,5w,41,WAL,Mid Glamorgan,Lowlands (Wales),Neutro,5
GMZDRN,HEYBUASLTA,2007,6.19,14.57229,80.147595,88.82413198,0.73883799,47.77538854,,,,5w,41,WAL,Mid Glamorgan,Lowlands (Wales),Levemenete Ácido,4
GMZDRN,JAVBLJYPFR,2007,5.85,8.787079,48.3289345,79.28646579,1.093705963,32.31308648,,,,5w,41,WAL,Mid Glamorgan,Lowlands (Wales),Moderadamente Ácido,3
GMZDRN,SEUJBDJMVE,2007,6.01,9.251238,50.881809,82.48035607,1.080679031,32.66598308,,,,5w,41,WAL,Mid Glamorgan,Lowlands (Wales),Levemenete Ácido,4
GMZDRN,TWIZFXOVPT,2007,6.21,5.849441,32.1719255,56.72064321,1.175365215,28.43413969,,,,5w,41,WAL,Mid Glamorgan,Lowlands (Wales),Levemenete Ácido,4
GNCHSI,DQMKELPDEN,2007,6.26,5.583822,30.711021,58.72585312,1.274805183,27.27587602,,,,22s,30,SCO,Perth & Kinross,True uplands (Scotland),Levemenete Ácido,4
GNCHSI,PQNLYWNGIA,2007,5.62,20.92933,115.111315,94.39111842,0.546665741,54.38805965,,,,22s,30,SCO,Perth & Kinross,True uplands (Scotland),Moderadamente Ácido,3
GNCHSI,RBQIEZBWBP,2007,5.45,18.33043,100.817365,85.45814228,0.565102003,48.16060578,,,,22s,30,SCO,Perth & Kinross,True uplands (Scotland),Moderadamente Ácido,3
GNCHSI,TPXOUSYGYS,2007,5.19,7.227148,39.749314,58.27316067,0.977344509,37.13898094,,,,22s,30,SCO,Perth & Kinross,True uplands (Scotland),Moderadamente Ácido,3
GNCHSI,YFVHGSBQJX,2007,6.36,6.873162,37.802391,58.10096686,1.024643597,28.24003285,,,,22s,30,SCO,Perth & Kinross,True uplands (Scotland),Levemenete Ácido,4
GNJLSG,MZMRQCZFXL,2007,4.36,66.9663,368.31465,91.49770352,0.165615104,87.08198058,,,,19s,28,SCO,Dumfries & Galloway,Intermediate uplands and Islands (Scotland),Fuertemenete Ácido,2
GNJLSG,RPEBTMATEH,2007,4.21,91.05567,500.806185,117.8974387,0.156943534,84.33368162,,,,19s,28,SCO,Dumfries & Galloway,Intermediate uplands and Islands (Scotland),Fuertemenete Ácido,2
GNJLSG,WBNPXRDILC,2007,4.39,17.03893,93.714115,77.53280658,0.551555523,48.58294462,,,,19s,28,SCO,Dumfries & Galloway,Intermediate uplands and Islands (Scotland),Fuertemenete Ácido,2
GNJLSG,WFQZNPITBC,2007,5.37,90.86049,499.732695,33.09988312,0.044156784,95.6333704,,,,19s,28,SCO,Dumfries & Galloway,Intermediate uplands and Islands (Scotland),Moderadamente Ácido,3
GNSZNY,HQDTEWZQDN,2007,4.52,30.60263,168.314465,70.80609125,0.280451599,69.55734861,0.98,4.122638504,10.5,24s,32,SCO,Argyll & Bute,True uplands (Scotland),Fuertemenete Ácido,2
GNSZNY,IXGFOBAWZS,2007,5.65,12.6271,69.44905,62.18003215,0.596888723,44.69473334,0.31,2.775532562,4.87,24s,32,SCO,Argyll & Bute,True uplands (Scotland),Moderadamente Ácido,3
GNSZNY,MISKHMGTMU,2007,5.69,29.02436,159.63398,80.55603144,0.336419733,62.61736494,0.76,3.835184958,7.84,24s,32,SCO,Argyll & Bute,True uplands (Scotland),Moderadamente Ácido,3
GNSZNY,PHUMMJVWXF,2007,4.29,74.67622,410.71921,90.2152413,0.146434578,84.85597043,1.46,3.206917259,36,24s,32,SCO,Argyll & Bute,True uplands (Scotland),Fuertemenete Ácido,2
GNSZNY,TAHWEPNLZK,2007,4.99,18.45741,101.515755,74.9870759,0.492449511,59.48772502,0.59,4.358178174,6.33,24s,32,SCO,Argyll & Bute,True uplands (Scotland),Fuertemenete Ácido,2
GNZLMJ,CFBDHVJWZS,2007,4.22,22.5914,124.2527,80.0788087,0.429655633,51.75746847,,,,17w2,18,WAL,Powys,Uplands (Wales),Fuertemenete Ácido,2
GNZLMJ,GUGLUUBOSC,2007,4.36,19.41985,106.809175,108.2319792,0.675547328,47.60113579,,,,17w2,18,WAL,Powys,Uplands (Wales),Fuertemenete Ácido,2
GNZLMJ,OQZBAYZFRF,2007,4.78,16.77599,92.267945,46.97992006,0.339445587,48.78418123,,,,17w2,18,WAL,Powys,Uplands (Wales),Fuertemenete Ácido,2
GNZLMJ,YGFZVDUERB,2007,5.53,12.65952,69.62736,76.8079763,0.735419489,37.3882032,,,,17w2,18,WAL,Powys,Uplands (Wales),Moderadamente Ácido,3
GNZLMJ,ZPPDHNFCXX,2007,4.34,22.61716,124.39438,74.28902846,0.39813711,43.43354797,,,,17w2,18,WAL,Powys,Uplands (Wales),Fuertemenete Ácido,2
GPKWZZ,DAATFQVGWK,2007,6.75,16.04705,88.258775,118.966677,0.8986202,39.78460177,0.41,5.526514227,7.98,31s,39,SCO,Orkney Islands,Intermediate uplands and Islands (Scotland),Neutro,5
GPKWZZ,KXFEAMVAIK,2007,6.81,7.896103,43.4285665,68.01483821,1.044087547,31.49303057,0.3,4.698393962,20.2,31s,39,SCO,Orkney Islands,Intermediate uplands and Islands (Scotland),Neutro,5
GPKWZZ,ONJWDWNILY,2007,6.6,13.15306,72.34183,98.45805508,0.907340931,38.21674936,0.46,6.260652424,33.5,31s,39,SCO,Orkney Islands,Intermediate uplands and Islands (Scotland),Neutro,5
GPKWZZ,VRGFRRMGYR,2007,6.04,10.32341,56.778755,81.4599876,0.956460888,34.45306418,0.4,5.738765325,8.41,31s,39,SCO,Orkney Islands,Intermediate uplands and Islands (Scotland),Levemenete Ácido,4
GPKWZZ,WFNGLALVBH,2007,7.78,9.072221,49.8972155,67.60078748,0.903200533,40.67666201,0.38,5.14824304,90.9,31s,39,SCO,Orkney Islands,Intermediate uplands and Islands (Scotland),Levemenete Alcalino,6
GPOWBR,ADKKSKSXBK,2007,7.37,2.767075,15.2189125,30.23461104,1.324431516,18.05672234,0.14,2.781306184,13.2,10e,10,ENG,Derbyshire,Westerly lowlands (England),Neutro,5
GPOWBR,PGXSRJKJIB,2007,6.99,3.82749,21.051195,39.38194836,1.247180136,29.54605385,0.17,3.180309347,5.14,10e,10,ENG,Derbyshire,Westerly lowlands (England),Neutro,5
GPOWBR,REOPANIDFK,2007,6.3,3.827891,21.0534005,40.70759938,1.2890269,19.35803292,0.21,4.060434736,24.2,10e,10,ENG,Derbyshire,Westerly lowlands (England),Levemenete Ácido,4
GPOWBR,VLFJCMSJIP,2007,6.51,2.520766,13.864213,25.10551995,1.207209764,14.88115771,0.13,2.354059039,17.6,10e,10,ENG,Derbyshire,Westerly lowlands (England),Neutro,5
GPOWBR,YDNXRHHUMQ,2007,6.17,3.838583,21.1122065,41.62620113,1.314443412,17.31221959,0.16,3.15466419,13.9,10e,10,ENG,Derbyshire,Westerly lowlands (England),Levemenete Ácido,4
GQWJPM,AQVCDKDIBQ,2007,7.81,11.97741,65.875755,91.73652926,0.928379283,21.23292146,,,,11e,11,ENG,Northamptonshire,Easterly lowlands (England),Levemenete Alcalino,6
GQWJPM,HILXATWDQG,2007,6.83,12.41832,68.30076,67.15163831,0.655450377,29.9429332,,,,11e,11,ENG,Northamptonshire,Easterly lowlands (England),Neutro,5
GQWJPM,ODEWEXSLHX,2007,6.75,13.60874,74.84807,90.58531704,0.806837255,30.24150121,,,,11e,11,ENG,Northamptonshire,Easterly lowlands (England),Neutro,5
GQWJPM,UXFUHFFQQQ,2007,6.22,12.09078,66.49929,102.2394192,1.024967527,27.53714751,,,,11e,11,ENG,Northamptonshire,Easterly lowlands (England),Levemenete Ácido,4
GQYNWE,IWYHXQUNEI,2007,6.96,5.405157,29.7283635,41.12834545,0.922314374,14.61046506,0.26,3.597026058,14.7,11e,11,ENG,Lincolnshire,Easterly lowlands (England),Neutro,5
GQYNWE,IYZCNJFVAJ,2007,6.91,4.606294,25.334617,49.07694519,1.291433119,16.39195604,0.21,4.068014326,11.7,11e,11,ENG,Lincolnshire,Easterly lowlands (England),Neutro,5
GQYNWE,LOMOKATFGD,2007,6.63,4.308198,23.695089,46.49289704,1.308088131,20.06055955,0.19,3.728051175,9.66,11e,11,ENG,Lincolnshire,Easterly lowlands (England),Neutro,5
GQYNWE,NPITIWGSFX,2007,6.98,9.129416,50.211788,76.13896305,1.010904226,26.13603947,0.44,6.671967893,14.6,11e,11,ENG,Lincolnshire,Easterly lowlands (England),Neutro,5
GQYNWE,YOVVSQUFUS,2007,8.13,5.39009,29.645495,43.43198137,0.976696603,16.68649518,0.26,3.80911675,13.2,11e,11,ENG,Lincolnshire,Easterly lowlands (England),Moderadamente Alcalino,7
GTSBAQ,QAHMCYQINZ,2007,5.15,13.50948,74.30214,135.7675,1.218156929,27.5842254,,,,16e,15,ENG,Cumbria,Westerly lowlands (England),Moderadamente Ácido,3
GTSBAQ,RHMOVSFJCK,2007,5.25,53.1964,292.5802,174.7617049,0.398208092,65.02764723,,,,16e,15,ENG,Cumbria,Westerly lowlands (England),Moderadamente Ácido,3
GTSBAQ,VHMGYCCHUO,2007,5.88,14.84269,81.634795,95.45757864,0.779549771,40.31992057,,,,16e,15,ENG,Cumbria,Westerly lowlands (England),Moderadamente Ácido,3
GTSBAQ,YAROQVTERT,2007,6.18,17.51757,96.346635,113.8891433,0.788051348,45.15472067,,,,16e,15,ENG,Cumbria,Westerly lowlands (England),Levemenete Ácido,4
GUBASC,GGWBOEVSTR,2007,5.93,7.934635,43.6404925,67.71183782,1.034388538,37.67755894,0.28,4.344431858,37,25s,33,SCO,Aberdeenshire,Lowlands (Scotland),Moderadamente Ácido,3
GUBASC,IFWDNGEAKT,2007,6.12,8.363061,45.9968355,70.30198423,1.018939433,33.06591533,0.34,5.196591109,28,25s,33,SCO,Aberdeenshire,Lowlands (Scotland),Levemenete Ácido,4
GUBASC,KCFYFXAHPB,2007,5.62,7.029754,38.663647,61.0745827,1.053092288,27.72776014,0.32,5.054842981,58,25s,33,SCO,Aberdeenshire,Lowlands (Scotland),Moderadamente Ácido,3
GUBASC,MZSDLEMWED,2007,6.64,1.697709,9.3373995,20.66804462,1.47564602,21.61683011,0.07,1.549428321,10,25s,33,SCO,Aberdeenshire,Lowlands (Scotland),Neutro,5
GUBLQO,FBRXSHROGA,2007,5.54,6.874425,37.8093375,63.98148582,1.128142589,27.57266336,,,,1e,1,ENG,Gloucestershire,Westerly lowlands (England),Moderadamente Ácido,3
GUBLQO,OQAOAONYUS,2007,5.22,8.221134,45.216237,74.09315788,1.09242701,22.80907372,,,,1e,1,ENG,Gloucestershire,Westerly lowlands (England),Moderadamente Ácido,3
GUBLQO,RDUVYZPTGW,2007,6.17,8.672935,47.7011425,63.70412268,0.890322808,31.40499084,,,,1e,1,ENG,Gloucestershire,Westerly lowlands (England),Levemenete Ácido,4
GUBLQO,ZPCSIILROL,2007,6.09,7.085954,38.972747,60.66494124,1.037732705,35.69276166,,,,1e,1,ENG,Gloucestershire,Westerly lowlands (England),Levemenete Ácido,4
GWLOTM,IFWNKALWFP,2007,6.77,12.59727,69.284985,87.79623783,0.844783689,35.39904055,,,,6w,42,WAL,Dyfed,Lowlands (Wales),Neutro,5
GWLOTM,OEPFZVCCCK,2007,5.54,14.89504,81.92272,99.81197524,0.812244965,40.82064735,,,,6w,42,WAL,Dyfed,Lowlands (Wales),Moderadamente Ácido,3
GWLOTM,VUTSIPWWIM,2007,5.79,10.36739,57.020645,73.96089157,0.86472647,30.30553115,,,,6w,42,WAL,Dyfed,Lowlands (Wales),Moderadamente Ácido,3
GWRSAM,DEVDSRPHGN,2007,5.53,9.172251,50.4473805,65.90785029,0.870978164,27.58670427,,,,26s,34,SCO,Fife,Lowlands (Scotland),Moderadamente Ácido,3
GWRSAM,DYRKHGJNSS,2007,6.14,10.4418,57.4299,96.08363817,1.115372981,24.53723555,,,,26s,34,SCO,Fife,Lowlands (Scotland),Levemenete Ácido,4
GWRSAM,FNSOWXWIKT,2007,6.36,9.163206,50.397633,80.37071175,1.063154583,29.72475971,,,,26s,34,SCO,Fife,Lowlands (Scotland),Levemenete Ácido,4
GWRSAM,OKFBJHBXMI,2007,5.17,8.849885,48.6743675,81.91259671,1.121912839,26.85415734,,,,26s,34,SCO,Fife,Lowlands (Scotland),Moderadamente Ácido,3
GWRSAM,PQXXCXFMAV,2007,5.47,6.31528,34.73404,50.44784332,0.96826904,22.31209129,,,,26s,34,SCO,Fife,Lowlands (Scotland),Moderadamente Ácido,3
GWTTBV,EKTAVJYBCQ,2007,6.2,6.24729,34.360095,59.95787033,1.16332372,26.23525966,,,,6w,42,WAL,Dyfed,Lowlands (Wales),Levemenete Ácido,4
GWTTBV,PECIHYNLPH,2007,4.83,7.33024,40.31632,,,32.12161163,,,,6w,42,WAL,Dyfed,Lowlands (Wales),Fuertemenete Ácido,2
GWTTBV,PLKMCTGUHG,2007,6.69,6.951775,38.2347625,66.14046782,1.153234448,28.06054121,,,,6w,42,WAL,Dyfed,Lowlands (Wales),Neutro,5
GWTTBV,YHAAYDVJLE,2007,6.81,12.67783,69.728065,69.34995404,0.663051566,29.55941188,,,,6w,42,WAL,Dyfed,Lowlands (Wales),Neutro,5
GXDBED,FDSFLOGCCB,2007,4.21,77.33077,425.319235,130.4927594,0.204540886,77.65630832,,,,23s,31,SCO,Aberdeenshire,True uplands (Scotland),Fuertemenete Ácido,2
GXDBED,HDACGPAZNS,2007,4.21,94.59728,520.28504,111.1869335,0.142469256,85.29555958,,,,23s,31,SCO,Aberdeenshire,True uplands (Scotland),Fuertemenete Ácido,2
GXDBED,IPCUIFLLKB,2007,4.52,17.80451,97.924805,108.8991729,0.741379558,44.75350072,,,,23s,31,SCO,Aberdeenshire,True uplands (Scotland),Fuertemenete Ácido,2
GXDBED,ROSFWZDQUS,2007,3.81,70.95779,390.267845,58.75282742,0.100363256,90.81512315,,,,23s,31,SCO,Aberdeenshire,True uplands (Scotland),Extremadamente Ácido,1
GXDBED,URCIJFBMKQ,2007,4,96.00745,528.040975,52.79526618,0.066655517,94.10831092,,,,23s,31,SCO,Aberdeenshire,True uplands (Scotland),Fuertemenete Ácido,2
GXZDXP,DPSZPQSULG,2007,4.65,14.23801,78.309055,48.60074214,0.413751574,42.53228213,0.61,3.785826902,6,18w,45,WAL,Powys,Uplands (Wales),Fuertemenete Ácido,2
GXZDXP,DYSOARRFXX,2007,4.57,11.25213,61.886715,,,43.57228251,0.57,,15,18w,45,WAL,Powys,Uplands (Wales),Fuertemenete Ácido,2
GXZDXP,MDUNKIXIWP,2007,4.23,22.64398,124.54189,61.08822539,0.327002293,49.8170102,0.84,4.120228891,3,18w,45,WAL,Powys,Uplands (Wales),Fuertemenete Ácido,2
GXZDXP,PNSAETIUKW,2007,4.21,7.385699,40.6213445,49.35412017,0.809986651,35.21338965,0.41,4.981417902,3,18w,45,WAL,Powys,Uplands (Wales),Fuertemenete Ácido,2
HAWCOO,HLHHXYHSIG,2007,5,22.74347,125.089085,79.99208141,0.426320604,64.31009856,0.93,5.947172426,7.94,24s,32,SCO,Highland,True uplands (Scotland),Moderadamente Ácido,3
HAWCOO,ORSFLMRHTZ,2007,5.57,21.02906,115.65983,73.0561011,0.421097518,67.20944161,0.54,3.410889899,6.82,24s,32,SCO,Highland,True uplands (Scotland),Moderadamente Ácido,3
HAWCOO,TTIYDAVAJJ,2007,4.95,17.69204,97.30622,87.30283816,0.598131261,57.07568382,0.61,5.472901042,8.24,24s,32,SCO,Highland,True uplands (Scotland),Fuertemenete Ácido,2
HAWCOO,UFDEPDFYUP,2007,5.22,14.02142,77.11781,72.48018314,0.626575393,55.35931538,0.57,5.357219609,14.9,24s,32,SCO,Highland,True uplands (Scotland),Moderadamente Ácido,3
HAWCOO,ZWTMTTVGGE,2007,5.19,19.05279,104.790345,84.01248558,0.53447981,57.95011493,0.51,4.088770549,6.99,24s,32,SCO,Highland,True uplands (Scotland),Moderadamente Ácido,3
HCFYIX,DCBORPYJLT,2007,7.18,9.580934,52.695137,77.01529943,0.974350498,25.75938068,0.42,6.138408135,45,4e,4,ENG,Essex,Easterly lowlands (England),Neutro,5
HCFYIX,JMGUPWXCYB,2007,5.37,10.93116,60.12138,55.23994992,0.612538057,21.67571327,0.51,4.685916135,62,4e,4,ENG,Essex,Easterly lowlands (England),Moderadamente Ácido,3
HCFYIX,PEYOPRMDCK,2007,6.4,7.284906,40.066983,57.1623525,0.951113165,24.30543632,0.35,4.993344114,55.1,4e,4,ENG,Essex,Easterly lowlands (England),Levemenete Ácido,4
HCRUMQ,LVNSETSUQU,2007,6.33,12.51252,68.81886,90.38338782,0.875568004,39.09020521,,,,17e,16,ENG,Lancashire,Uplands (England),Levemenete Ácido,4
HCRUMQ,PBMMKUVNGB,2007,5.61,12.4244,68.3342,93.16167886,0.908882901,35.94999276,,,,17e,16,ENG,Lancashire,Uplands (England),Moderadamente Ácido,3
HDPVAL,CKYTKMTHXD,2007,4.62,18.90209,103.961495,54.60354535,0.350152367,51.53458412,,,,24s,32,SCO,Highland,True uplands (Scotland),Fuertemenete Ácido,2
HDPVAL,HBMATGLWWS,2007,3.65,95.39165,524.654075,83.68487524,0.106336574,79.74856753,,,,24s,32,SCO,Highland,True uplands (Scotland),Extremadamente Ácido,1
HDPVAL,LKRUGBFBTO,2007,3.95,59.27674,326.02207,153.9514988,0.314807929,71.52083157,,,,24s,32,SCO,Highland,True uplands (Scotland),Extremadamente Ácido,1
HDPVAL,OHFEJOCSBM,2007,4.34,86.00188,473.01034,89.18719584,0.125701545,87.11500379,,,,24s,32,SCO,Highland,True uplands (Scotland),Fuertemenete Ácido,2
HDPVAL,RTQQAHATUX,2007,5.04,33.38694,183.62817,96.12600791,0.348987877,65.58498609,,,,24s,32,SCO,Highland,True uplands (Scotland),Moderadamente Ácido,3
HEFLXR,EDLXIGDISZ,2007,4.88,10.72347,58.979085,80.55271481,0.91052294,28.24182179,,,,15w,44,WAL,Dyfed,Lowlands (Wales),Fuertemenete Ácido,2
HEFLXR,MYRYYRSKXK,2007,6.2,11.01625,60.589375,75.6872031,0.832788511,40.44841712,,,,15w,44,WAL,Dyfed,Lowlands (Wales),Levemenete Ácido,4
HEFLXR,QGEMIAFZTZ,2007,5.87,2.487572,13.681646,28.91003428,1.408701569,21.66400091,,,,15w,44,WAL,Dyfed,Lowlands (Wales),Moderadamente Ácido,3
HEFLXR,ZBLDFALMOR,2007,5.62,8.67832,47.73076,72.50314098,1.012668294,32.86631929,,,,15w,44,WAL,Dyfed,Lowlands (Wales),Moderadamente Ácido,3
HEFLXR,ZPGULOZXTY,2007,6.14,9.34302,51.38661,66.75004186,0.865984892,34.78593281,,,,15w,44,WAL,Dyfed,Lowlands (Wales),Levemenete Ácido,4
HEXMHM,CQGINZDLBZ,2007,8.69,4.238782512,23.31330382,58.50182768,1.672916836,17.19692328,,,,3e,3,ENG,Cambridgeshire,Easterly lowlands (England),Moderadamente Alcalino,7
HEXMHM,DKUBOFJCTN,2007,8.39,3.909106819,21.5000875,57.33190463,1.777726242,13.93816858,,,,3e,3,ENG,Cambridgeshire,Easterly lowlands (England),Moderadamente Alcalino,7
HEXMHM,GHMMXEVYGX,2007,8.6,4.046201084,22.25410596,40.56608528,1.215238972,15.05470518,,,,3e,3,ENG,Cambridgeshire,Easterly lowlands (England),Moderadamente Alcalino,7
HEXMHM,LSUZCLIEVF,2007,8.02,5.249277,28.8710235,65.70353855,1.517173751,18.58483358,,,,3e,3,ENG,Cambridgeshire,Easterly lowlands (England),Moderadamente Alcalino,7
HFZBUF,GOQPHJSKPY,2007,4.52,43.50047,239.252585,60.60534342,0.168874089,82.84803928,,,,28s,36,SCO,Highland,Intermediate uplands and Islands (Scotland),Fuertemenete Ácido,2
HFZBUF,JTDRHTBBWP,2007,4.54,89.18467,490.515685,108.4529878,0.147399959,86.06406579,,,,28s,36,SCO,Highland,Intermediate uplands and Islands (Scotland),Fuertemenete Ácido,2
HFZBUF,KFVACFNGLW,2007,4.5,46.20821,254.145155,100.7017552,0.264158109,76.82022972,,,,28s,36,SCO,Highland,Intermediate uplands and Islands (Scotland),Fuertemenete Ácido,2
HFZBUF,LTQWFQGANB,2007,4.6,40.61572,223.38646,72.09347983,0.215153237,78.80623688,,,,28s,36,SCO,Highland,Intermediate uplands and Islands (Scotland),Fuertemenete Ácido,2
HFZBUF,NDEGVLWBXL,2007,4.28,93.14467,512.295685,108.181876,0.140780516,85.37461258,,,,28s,36,SCO,Highland,Intermediate uplands and Islands (Scotland),Fuertemenete Ácido,2
HGBYWJ,BYAXAOGLUL,2007,7.6,4.689707,25.7933885,52.18789684,1.348870127,22.99486327,0.22,4.451271419,30,7e,7,ENG,East Riding of Yorkshire Unitary Authority,Westerly lowlands (England),Levemenete Alcalino,6
HGBYWJ,HUNCUSOWRS,2007,8.05,5.095263,28.0239465,76.20527714,1.812860943,20.60003725,0.23,6.254370255,40.1,7e,7,ENG,East Riding of Yorkshire Unitary Authority,Westerly lowlands (England),Moderadamente Alcalino,7
KQIJOF,PMLJCTNCQO,2007,7.45,4.417932,24.298626,48.86689059,1.340731244,25.0575756,,,,1e,1,ENG,Worcestershire,Westerly lowlands (England),Neutro,5
KQIJOF,THNKPMRMHO,2007,4.96,2.851986,15.685923,20.46896557,0.869950531,9.013443335,,,,1e,1,ENG,Worcestershire,Westerly lowlands (England),Fuertemenete Ácido,2
KQIJOF,WGJDZUIGYE,2007,6.54,3.109593,17.1027615,39.06521963,1.522764599,14.55591528,,,,1e,1,ENG,Worcestershire,Westerly lowlands (England),Neutro,5
KRLBBY,ALMCRDTEUW,2007,6.41,4.113017154,22.62159435,10.79100029,0.318014729,23.35708439,,,100,2e,2,ENG,Dorset,Easterly lowlands (England),Levemenete Ácido,4
KRLBBY,BRUESTSHPJ,2007,7.39,4.180679823,22.99373903,29.24545193,0.847925078,19.56480859,0.22,2.798152757,47.1,2e,2,ENG,Dorset,Easterly lowlands (England),Neutro,5
KRLBBY,ORXEVTYDQZ,2007,7.97,6.425299557,35.33914756,46.43691373,0.876024031,31.33460523,0.38,4.993336975,380,2e,2,ENG,Dorset,Easterly lowlands (England),Levemenete Alcalino,6
KRLBBY,PXULURTPZP,2007,7.59,6.263232368,34.44777803,37.24880124,0.720874773,30.38560238,0.34,3.676461341,307,2e,2,ENG,Dorset,Easterly lowlands (England),Levemenete Alcalino,6
KRLBBY,XTKYVOKWXK,2007,7.67,4.277668989,23.52717944,45.54286824,1.290503702,24.68701052,0.23,4.452237772,349,2e,2,ENG,Dorset,Easterly lowlands (England),Levemenete Alcalino,6
KSIMHY,AALQHXGDNQ,2007,3.87,94.79271,521.359905,60.81615925,0.077766061,92.7383156,,,,17w2,18,WAL,Gwynedd,Uplands (Wales),Extremadamente Ácido,1
KSIMHY,GRUDCSCZMD,2007,3.8,60.97789,335.378395,132.5180327,0.263419935,76.3155674,,,,17w2,18,WAL,Gwynedd,Uplands (Wales),Extremadamente Ácido,1
KSIMHY,JDWPZBYYJE,2007,4.22,89.93333,494.633315,100.7512436,0.135792503,84.67727885,,,,17w2,18,WAL,Gwynedd,Uplands (Wales),Fuertemenete Ácido,2
KSIMHY,VMBVLTXCNO,2007,3.78,93.23395,512.786725,64.1147378,0.083354651,91.7375966,,,,17w2,18,WAL,Gwynedd,Uplands (Wales),Extremadamente Ácido,1
KSIMHY,ZCGBPSGOXY,2007,4.18,26.95809,148.269495,96.69735232,0.434781959,62.60644242,,,,17w2,18,WAL,Gwynedd,Uplands (Wales),Fuertemenete Ácido,2
KUSXUZ,IOKNSTLMGY,2007,7.92,5.012589,27.5692395,51.49733861,1.245284952,18.44768854,,,,4e,4,ENG,Lincolnshire,Easterly lowlands (England),Levemenete Alcalino,6
KUSXUZ,TOHKLWPKUX,2007,8.5,2.87045,15.787475,35.64676865,1.50527633,17.35790275,,,,4e,4,ENG,Lincolnshire,Easterly lowlands (England),Moderadamente Alcalino,7
KUSXUZ,UTAOWKWNJB,2007,8.27,2.992975,16.4613625,28.77506384,1.165357721,14.76244653,,,,4e,4,ENG,Lincolnshire,Easterly lowlands (England),Moderadamente Alcalino,7
KUWSSI,ACYSMQTNOZ,2007,3.96,,,,,,,,7,28s,36,SCO,Highland,Intermediate uplands and Islands (Scotland),Extremadamente Ácido,1
KUWSSI,BXOCIOIZFS,2007,5.49,49.12597,270.192835,112.8080821,0.278339683,75.20653201,1.57,6.554899538,4,28s,36,SCO,Highland,Intermediate uplands and Islands (Scotland),Moderadamente Ácido,3
KUWSSI,EJMZALJVYU,2007,4.4,91.94604,505.70322,68.21967835,0.089933747,90.76246001,,,,28s,36,SCO,Highland,Intermediate uplands and Islands (Scotland),Fuertemenete Ácido,2
KUWSSI,OTIUUELBMI,2007,4.2,,,,,,,,23,28s,36,SCO,Highland,Intermediate uplands and Islands (Scotland),Fuertemenete Ácido,2
KUWSSI,TORGZBXMTA,2007,3.61,,,,,,,,28,28s,36,SCO,Highland,Intermediate uplands and Islands (Scotland),Extremadamente Ácido,1
KVEVJD,JVYKAMAAZY,2007,4.57,95.8124,526.9682,122.9498331,0.155543646,84.68943213,1.38,3.219753482,,29s,37,SCO,Eilean Siar,Intermediate uplands and Islands (Scotland),Fuertemenete Ácido,2
KVEVJD,JZRHPCWTJI,2007,5.37,21.63594,118.99767,68.69458348,0.38485114,70.0749665,0.49,2.828655881,48.1,29s,37,SCO,Eilean Siar,Intermediate uplands and Islands (Scotland),Moderadamente Ácido,3
KVEVJD,QXVNWEKRPR,2007,4.63,95.86807,527.274385,100.3291068,0.126852495,87.8606033,1.38,2.625846643,30,29s,37,SCO,Eilean Siar,Intermediate uplands and Islands (Scotland),Fuertemenete Ácido,2
KVEVJD,ROFFTNUDSN,2007,5.15,76.27831,419.530705,102.0276495,0.162129809,85.27915903,2.42,5.885312062,,29s,37,SCO,Eilean Siar,Intermediate uplands and Islands (Scotland),Moderadamente Ácido,3
KVEVJD,YYKMNUTNWZ,2007,4.62,95.07876,522.93318,138.9042358,0.177083473,82.19825258,1.85,4.914066387,5.04,29s,37,SCO,Eilean Siar,Intermediate uplands and Islands (Scotland),Fuertemenete Ácido,2
KXFAEB,DBEPUSEFRS,2007,5.96,8.979436,49.386898,63.58203708,0.858284817,44.58247733,0.46,5.922165238,98,7s,25,SCO,Argyll & Bute,Lowlands (Scotland),Moderadamente Ácido,3
KXFAEB,DSAUWAJIYN,2007,5.54,7.877601,43.3268055,42.60322723,0.655533016,39.07256661,0.36,3.539878287,42.7,7s,25,SCO,Argyll & Bute,Lowlands (Scotland),Moderadamente Ácido,3
KXFAEB,HOHCFXXRBX,2007,4.87,6.795808,37.376944,95.42499075,1.702029478,33.93946712,0.34,8.68035034,49.5,7s,25,SCO,Argyll & Bute,Lowlands (Scotland),Fuertemenete Ácido,2
KXFAEB,JWPXTGQUOG,2007,5.31,12.16956,66.93258,67.07507174,0.668085923,34.34117158,0.55,5.511708865,9,7s,25,SCO,Argyll & Bute,Lowlands (Scotland),Moderadamente Ácido,3
KXFAEB,QZBZDUIHXM,2007,6.89,2.919444,16.056942,23.42194882,0.972453693,21.68613089,0.19,2.771493025,18,7s,25,SCO,Argyll & Bute,Lowlands (Scotland),Neutro,5
KXYDPJ,EGVHSBAHPC,2007,7.96,5.372072,29.546396,53.08664878,1.19781442,18.17519142,0.27,4.851148401,40.9,11e,11,ENG,Lincolnshire,Easterly lowlands (England),Levemenete Alcalino,6
KXYDPJ,LRGCFRZKOU,2007,8.16,4.476258,24.619419,52.91957038,1.4330035,16.77869969,0.2,4.299010499,9.73,11e,11,ENG,Lincolnshire,Easterly lowlands (England),Moderadamente Alcalino,7
KXYDPJ,LUYLGMEZYN,2007,7.95,4.875026,26.812643,62.49082306,1.553765092,19.48626538,0.24,5.59355433,38.8,11e,11,ENG,Lincolnshire,Easterly lowlands (England),Levemenete Alcalino,6
KXYDPJ,NBHJTQYYJE,2007,7.93,5.41362,29.77491,58.27237971,1.304731169,27.0719103,0.29,5.675580587,49,11e,11,ENG,Lincolnshire,Easterly lowlands (England),Levemenete Alcalino,6
KXYDPJ,YGLERDWZSW,2007,7.59,5.360785,29.4843175,46.59737856,1.053608212,18.24092309,0.23,3.634948331,34.3,11e,11,ENG,Lincolnshire,Easterly lowlands (England),Levemenete Alcalino,6
KYFWMC,OVWWPOJXNZ,2007,7.1,3.404894,18.726917,33.68592464,1.19919809,13.56157374,0.17,3.057955129,20.1,10e,10,ENG,East Riding of Yorkshire Unitary Authority,Westerly lowlands (England),Neutro,5
KYFWMC,QJSENSFMNF,2007,7.01,4.085514,22.470327,36.76760633,1.09084917,17.43945381,0.17,2.781665383,12,10e,10,ENG,East Riding of Yorkshire Unitary Authority,Westerly lowlands (England),Neutro,5
KYFWMC,YGRVJPBMOX,2007,7.96,7.655968,42.107824,59.54956112,0.942810709,20.18621816,0.39,5.51544265,67.2,10e,10,ENG,East Riding of Yorkshire Unitary Authority,Westerly lowlands (England),Levemenete Alcalino,6
KYFWMC,YJHABHSSXD,2007,6.85,2.812681,15.4697455,32.55632923,1.403010766,10.73738799,0.13,2.735870994,34.9,10e,10,ENG,East Riding of Yorkshire Unitary Authority,Westerly lowlands (England),Neutro,5
KZHPIL,OLNLJDJBJZ,2007,5.92,12.75365,70.145075,85.31299299,0.810824262,39.16303547,0.6,7.297418357,61,16e,15,ENG,Cumbria,Westerly lowlands (England),Moderadamente Ácido,3
KZRUFR,CMFDTCLZEF,2007,8.6,3.564563667,19.60510017,46.41924533,1.578475157,14.75228447,0.18,4.261882923,27.8,3e,3,ENG,Suffolk,Easterly lowlands (England),Moderadamente Alcalino,7
KZRUFR,DSTAUEHWDL,2007,8.5,3.901744043,21.45959224,37.54801427,1.166471815,15.01426641,,,54.8,3e,3,ENG,Suffolk,Easterly lowlands (England),Moderadamente Alcalino,7
KZRUFR,FIZHMLRIEY,2007,8.15,2.77135577,15.24245674,33.94655756,1.484736927,8.832880733,0.15,3.340658085,93.6,3e,3,ENG,Suffolk,Easterly lowlands (England),Moderadamente Alcalino,7
KZRUFR,HUVJBXLENJ,2007,8.28,3.146223835,17.30423109,38.84072298,1.496386357,9.315049764,0.17,3.81578521,56.2,3e,3,ENG,Suffolk,Easterly lowlands (England),Moderadamente Alcalino,7
KZRUFR,VSUAPVDJIG,2007,8.54,3.773890509,20.7563978,38.39632295,1.233236561,14.95346573,0.2,3.699709683,22.9,3e,3,ENG,Suffolk,Easterly lowlands (England),Moderadamente Alcalino,7
LAFOCU,MFVKILIBSW,2007,7.72,6.853873,37.6963015,58.72477173,1.038559388,21.34188781,,,,5w,41,WAL,Gwent,Lowlands (Wales),Levemenete Alcalino,6
LAFOCU,YDKVTTRAJM,2007,6.2,3.774056,20.757308,41.35483887,1.328201739,17.87870016,,,,5w,41,WAL,Gwent,Lowlands (Wales),Levemenete Ácido,4
LAFOCU,YNVVLQREXB,2007,8.09,8.052417,44.2882935,,,,,,,5w,41,WAL,Gwent,Lowlands (Wales),Moderadamente Alcalino,7
LAFOCU,ZDRWVSHNCR,2007,6.67,9.829892,54.064406,78.75624036,0.97114098,30.58256219,,,,5w,41,WAL,Gwent,Lowlands (Wales),Neutro,5
LBQNNH,AXRVKXCWOY,2007,5.94,6.016706,33.091883,53.95897346,1.087053553,16.57351052,0.29,4.728682953,6,1e,1,ENG,County of Herefordshire Unitary Authority,Westerly lowlands (England),Moderadamente Ácido,3
LBQNNH,DMZOMFAAUE,2007,6.68,5.114095,28.1275225,51.6870765,1.225065272,22.80223481,0.28,5.145274142,6,1e,1,ENG,County of Herefordshire Unitary Authority,Westerly lowlands (England),Neutro,5
LBQNNH,PPVKZNMBXR,2007,5.64,3.723885,20.4813675,39.07023233,1.271732542,24.37386949,0.22,4.196717389,7.21,1e,1,ENG,County of Herefordshire Unitary Authority,Westerly lowlands (England),Moderadamente Ácido,3
LCLMLO,CBBFEMNFLX,2007,4.41,95.68288,526.25584,78.62658961,0.099605026,89.83513164,,,52,32s,40,SCO,Shetland Islands,Intermediate uplands and Islands (Scotland),Fuertemenete Ácido,2
LCLMLO,MPWEWPGFRX,2007,6.05,50.83803,279.609165,112.8918873,0.26916592,57.56736148,,,310,32s,40,SCO,Shetland Islands,Intermediate uplands and Islands (Scotland),Levemenete Ácido,4
LCLMLO,TMZHUFVXRU,2007,4.28,95.69846,526.34153,83.79471853,0.106134786,83.69132693,1.98,3.152203146,83,32s,40,SCO,Shetland Islands,Intermediate uplands and Islands (Scotland),Fuertemenete Ácido,2
LCLMLO,URVHELKGOW,2007,5.37,25.16474,138.40607,69.42087457,0.334382611,65.4141842,1.06,5.316683513,47.7,32s,40,SCO,Shetland Islands,Intermediate uplands and Islands (Scotland),Moderadamente Ácido,3
LCLMLO,VYSTRQZCGN,2007,4.46,93.90302,516.46661,81.8392498,0.105639936,88.86751746,,,54,32s,40,SCO,Shetland Islands,Intermediate uplands and Islands (Scotland),Fuertemenete Ácido,2
LCMMWD,IGJYVBVYIQ,2007,6.78,6.484125,35.6626875,57.79373012,1.080377171,17.43667968,,,,16e,15,ENG,Northumberland,Westerly lowlands (England),Neutro,5
LCMMWD,INOZIGSBIN,2007,5.72,9.661636,53.138998,86.70038051,1.08771817,16.83575068,,,,16e,15,ENG,Northumberland,Westerly lowlands (England),Moderadamente Ácido,3
LCMMWD,RGZADIKYCX,2007,7.12,4.949235,27.2207925,42.56157703,1.042379082,13.8441289,,,,16e,15,ENG,Northumberland,Westerly lowlands (England),Neutro,5
LCMMWD,WDZEIBPFCK,2007,5.96,5.34774,29.41257,47.32308224,1.072627162,19.64607284,,,,16e,15,ENG,Northumberland,Westerly lowlands (England),Moderadamente Ácido,3
LCMMWD,YBSUULBJFF,2007,5.73,9.668723,53.1779765,79.61153686,0.998051475,23.27918503,,,,16e,15,ENG,Northumberland,Westerly lowlands (England),Moderadamente Ácido,3
LDEDPH,EUXMMXAFLT,2007,5.11,7.490184,41.196012,38.87929689,0.629175738,13.7962014,,,,25e,24,ENG,Northumberland,Easterly lowlands (England),Moderadamente Ácido,3
LDEDPH,ODTHMROYMB,2007,6.46,6.95295,38.241225,55.67140906,0.970530434,10.45140481,,,,25e,24,ENG,Northumberland,Easterly lowlands (England),Levemenete Ácido,4
LDEDPH,XSJJPDSVIR,2007,4.45,15.89716,87.43438,89.80476062,0.684740264,16.08021452,,,,25e,24,ENG,Northumberland,Easterly lowlands (England),Fuertemenete Ácido,2
LENLAE,CVJTVEVPBG,2007,5.79,7.406883,40.7378565,66.15092432,1.08254631,21.86482861,,,,4e,4,ENG,Hampshire,Easterly lowlands (England),Moderadamente Ácido,3
LENLAE,JFWILCHOON,2007,4.23,49.78758,273.83169,171.0693115,0.416482868,54.30977737,,,,4e,4,ENG,Hampshire,Easterly lowlands (England),Fuertemenete Ácido,2
LENLAE,QMYAZLUAWC,2007,4.72,39.35567,216.456185,115.0206724,0.354253903,38.10282626,,,,4e,4,ENG,Hampshire,Easterly lowlands (England),Fuertemenete Ácido,2
LENLAE,YHSNPJIEIJ,2007,7.27,4.33875,23.863125,50.07845322,1.399047085,13.57797141,,,,4e,4,ENG,Hampshire,Easterly lowlands (England),Neutro,5
LENLAE,ZIKQYPTZCM,2007,5.27,13.92975,76.613625,71.96937319,0.626253909,26.97120551,,,,4e,4,ENG,Hampshire,Easterly lowlands (England),Moderadamente Ácido,3
LERYBB,IAAHIPVGAX,2007,6.38,6.962046,38.291253,74.27591084,1.293174551,21.63885546,0.32,6.207237843,22.9,10e,10,ENG,North Yorkshire,Westerly lowlands (England),Levemenete Ácido,4
LERYBB,JVZAVPCSUW,2007,6.29,8.810315,48.4567325,81.27402309,1.118166233,26.04382296,0.41,6.876722335,10.3,10e,10,ENG,North Yorkshire,Westerly lowlands (England),Levemenete Ácido,4
LERYBB,OTQKEEMPJD,2007,6.44,5.470339,30.0868645,59.72386646,1.32336525,17.17392495,0.23,4.565610114,6.07,10e,10,ENG,North Yorkshire,Westerly lowlands (England),Levemenete Ácido,4
LERYBB,RBJNZMASIF,2007,5.33,6.935759,38.1466745,49.64329161,0.867586183,28.51044334,0.29,3.773999898,6.11,10e,10,ENG,North Yorkshire,Westerly lowlands (England),Moderadamente Ácido,3
LGDSKO,TTOLSSWFMH,2007,5.18,11.94091,65.675005,89.11527596,0.904608747,11.47771138,,,,26s,34,SCO,East Lothian,Lowlands (Scotland),Moderadamente Ácido,3
LGDSKO,WBGLRZQTHD,2007,5.68,5.30158,29.15869,60.2206873,1.376849401,12.97932822,,,,26s,34,SCO,East Lothian,Lowlands (Scotland),Moderadamente Ácido,3
LIMFZQ,GCFYYYMWFM,2007,5.95,10.35512095,56.9531652,71.87331268,0.841314817,36.3226266,,,,17w1,17,WAL,Powys,Uplands (Wales),Moderadamente Ácido,3
LIMFZQ,KCYUMXYTNZ,2007,5.65,8.716016699,47.93809184,61.75370726,0.858798016,35.56730842,,,,17w1,17,WAL,Powys,Uplands (Wales),Moderadamente Ácido,3
LIMFZQ,SOMUFHQOEK,2007,6.02,8.874281019,48.8085456,62.03645992,0.847344239,37.11163673,,,,17w1,17,WAL,Powys,Uplands (Wales),Levemenete Ácido,4
LIMFZQ,ZLBCMBOBYT,2007,6.2,9.482137342,52.15175538,59.93600322,0.766174316,47.44948543,,,,17w1,17,WAL,Powys,Uplands (Wales),Levemenete Ácido,4
LIWOTB,IVGERJRGZI,2007,7.4,11.40794,62.74367,79.30958449,0.842683514,26.41813986,0.45,5.688113721,5.29,15e,14,ENG,Shropshire,Westerly lowlands (England),Neutro,5
LIWOTB,IYWUNBNPHG,2007,6.79,8.582688,47.204784,85.9153303,1.213370384,24.56437511,0.57,10.37431678,7.47,15e,14,ENG,Shropshire,Westerly lowlands (England),Neutro,5
LIWOTB,KEYRHTKIOJ,2007,7.18,13.53155,74.423525,102.7098308,0.92004807,21.89039855,0.59,8.14242542,5.85,15e,14,ENG,Shropshire,Westerly lowlands (England),Neutro,5
LTVPSQ,LOCNTBSEOV,2007,7.3,3.647401,20.0607055,40.13546793,1.33380048,26.51649977,,,,1e,1,ENG,County of Herefordshire Unitary Authority,Westerly lowlands (England),Neutro,5
LTVPSQ,RBEPDBMWTQ,2007,6.03,3.731168,20.521424,42.53509402,1.381810997,23.08310948,,,,1e,1,ENG,County of Herefordshire Unitary Authority,Westerly lowlands (England),Levemenete Ácido,4
LTVPSQ,SVBATQHMLC,2007,5.55,2.681324,14.747282,33.42375554,1.510956642,18.44122063,,,,1e,1,ENG,County of Herefordshire Unitary Authority,Westerly lowlands (England),Moderadamente Ácido,3
LTVPSQ,VXKKHBLXVF,2007,8.03,3.915791,21.5368505,46.41245171,1.436683348,22.53608875,,,,1e,1,ENG,County of Herefordshire Unitary Authority,Westerly lowlands (England),Moderadamente Alcalino,7
LVGKVX,AADTCRHFFT,2007,4.58,48.99468,269.47074,141.2772143,0.34951776,63.2065866,,,,17e,16,ENG,Devon,Uplands (England),Fuertemenete Ácido,2
LVGKVX,BPUUSTXVQY,2007,4.14,46.83216,257.57688,135.9383064,0.351838789,68.36731898,,,,17e,16,ENG,Devon,Uplands (England),Fuertemenete Ácido,2
LVGKVX,FQNOPLCGPX,2007,5,52.07372,286.40546,107.8373145,0.251013172,77.63755984,,,,17e,16,ENG,Devon,Uplands (England),Moderadamente Ácido,3
LVGKVX,JFTELLLOBE,2007,4.47,38.71315,212.922325,126.5017202,0.396080966,59.9166887,,,,17e,16,ENG,Devon,Uplands (England),Fuertemenete Ácido,2
LVGKVX,XQHAXDKEIK,2007,4.32,83.49674,459.23207,132.7028868,0.192644628,80.45630541,,,,17e,16,ENG,Devon,Uplands (England),Fuertemenete Ácido,2
LXSSXH,BSCXTCGEHE,2007,4.15,92.41223,508.267265,91.7022357,0.12028086,87.19168005,,,31,29s,37,SCO,Highland,Intermediate uplands and Islands (Scotland),Fuertemenete Ácido,2
LXSSXH,DJOQPKVMQJ,2007,5.05,44.10184,242.56012,89.66777946,0.246448261,74.03319746,,,6,29s,37,SCO,Highland,Intermediate uplands and Islands (Scotland),Moderadamente Ácido,3
LXSSXH,RFIQRCXHLY,2007,4.6,89.18629,490.524595,89.29599651,0.121361222,86.78979567,,,92,29s,37,SCO,Highland,Intermediate uplands and Islands (Scotland),Fuertemenete Ácido,2
LXSSXH,XJCDIXMTPS,2007,4.49,96.38858,530.13719,68.08923518,0.085624673,90.26397969,,,25,29s,37,SCO,Highland,Intermediate uplands and Islands (Scotland),Fuertemenete Ácido,2
LXSSXH,YFIAVNEPCV,2007,4.89,91.73825,504.560375,83.35633032,0.11013724,88.24487093,,,21,29s,37,SCO,Highland,Intermediate uplands and Islands (Scotland),Fuertemenete Ácido,2
LYVCID,EWZLFIXDEA,2007,8.43,2.28273,12.555015,21.67772979,1.151079458,33.34180352,0.15,2.58992878,25.9,7w,43,WAL,South Glamorgan,Lowlands (Wales),Moderadamente Alcalino,7
LYVCID,UIAGLGYVQQ,2007,8.16,5.217491,28.6962005,53.48225646,1.242493327,25.84441565,0.22,4.10022798,6.34,7w,43,WAL,South Glamorgan,Lowlands (Wales),Moderadamente Alcalino,7
MAWOAV,CJDEOJTTMB,2007,4.81,89.66131,493.137205,61.33234019,0.082914504,90.90571015,1.95,2.425249244,,30s,38,SCO,Highland,Intermediate uplands and Islands (Scotland),Fuertemenete Ácido,2
MAWOAV,KGZEXGAYFI,2007,4.15,95.04848,522.76664,79.42313763,0.101285649,87.09651824,1.67,2.537205508,16,30s,38,SCO,Highland,Intermediate uplands and Islands (Scotland),Fuertemenete Ácido,2
MAWOAV,MGPCVQMZGV,2007,4.78,48.56258,267.09419,99.1217858,0.247407817,76.5039625,1.22,4.527563055,7,30s,38,SCO,Highland,Intermediate uplands and Islands (Scotland),Fuertemenete Ácido,2
MAWOAV,VFLIDENAQO,2007,5.12,92.18887,507.038785,41.38393277,0.05441258,93.05897508,1.82,1.485463437,43,30s,38,SCO,Highland,Intermediate uplands and Islands (Scotland),Moderadamente Ácido,3
MAWOAV,ZIJOQZTFQP,2007,5.06,58.40407,321.222385,64.38626544,0.133627602,84.85595876,1.73,3.467636267,23,30s,38,SCO,Highland,Intermediate uplands and Islands (Scotland),Moderadamente Ácido,3
MDFNRP,MNQERVULYZ,2007,5.11,14.55382512,80.04603815,74.12893597,0.617385842,25.31492838,,,,17e,16,ENG,Shropshire,Uplands (England),Moderadamente Ácido,3
HNKUSP,XIZVUGCYSX,2007,5.06,20.96243,115.293365,75.12259634,0.434385195,63.45709885,,,,1e,1,ENG,Somerset,Westerly lowlands (England),Moderadamente Ácido,3
HOHUZK,EOUKDNCVFI,2007,6.05,10.05399,55.296945,,,,,,,2e,2,ENG,Wiltshire,Easterly lowlands (England),Levemenete Ácido,4
HOHUZK,GZBHILJSQE,2007,4.98,19.47181,107.094955,92.76530711,0.577464532,48.93316259,,,,2e,2,ENG,Wiltshire,Easterly lowlands (England),Fuertemenete Ácido,2
HOHUZK,IRLHFJVMZC,2007,6.88,7.807984,42.943912,70.48246215,1.094178567,26.47895835,,,,2e,2,ENG,Wiltshire,Easterly lowlands (England),Neutro,5
HOHUZK,NVEJFGJJOR,2007,4.98,10.74731,59.110205,92.66377532,1.045096193,29.00537506,,,,2e,2,ENG,Wiltshire,Easterly lowlands (England),Fuertemenete Ácido,2
HOHUZK,RAFDJRLMFY,2007,5.69,18.77143,103.242865,77.6000147,0.501083955,43.2045046,,,,2e,2,ENG,Wiltshire,Easterly lowlands (England),Moderadamente Ácido,3
HOJUZC,AVXNAKPMNI,2007,6.27,6.419691,35.3083005,66.7608833,1.260532365,23.8198822,,,,19e,21,ENG,Cumbria,Uplands (England),Levemenete Ácido,4
HOJUZC,HJLYIJTUDA,2007,6.23,7.801045,42.9057475,70.55217872,1.096235086,30.2207967,,,,19e,21,ENG,Cumbria,Uplands (England),Levemenete Ácido,4
HOJUZC,KPVONYDAUA,2007,6.38,6.957808,38.267944,61.737926,1.075537722,31.40967502,,,,19e,21,ENG,Cumbria,Uplands (England),Levemenete Ácido,4
HOJUZC,QGQYOCPIEZ,2007,6.25,5.928151,32.6048305,54.05536325,1.105262879,31.02903361,,,,19e,21,ENG,Cumbria,Uplands (England),Levemenete Ácido,4
HPLWER,KHQAFVVEGQ,2007,4.77,96.24853,529.366915,110.9348175,0.139707532,85.18211764,1.41,2.954814293,38,30s,38,SCO,Eilean Siar,Intermediate uplands and Islands (Scotland),Fuertemenete Ácido,2
HPLWER,RAYHBFVFLA,2007,4.3,96.49409,530.717495,100.4541633,0.126186611,88.6622895,1.55,2.93383871,41,30s,38,SCO,Eilean Siar,Intermediate uplands and Islands (Scotland),Fuertemenete Ácido,2
HPLWER,XHZCEBKMDL,2007,5.89,32.56262,179.09441,52.41725919,0.195119655,78.83299459,0.93,2.721919185,7,30s,38,SCO,Eilean Siar,Intermediate uplands and Islands (Scotland),Moderadamente Ácido,3
HPLWER,XUFKHNRIXZ,2007,4.78,96.09614,528.52877,102.3571313,0.129109504,86.97195164,1.55,3.001795977,47,30s,38,SCO,Eilean Siar,Intermediate uplands and Islands (Scotland),Fuertemenete Ácido,2
HPLWER,YXQTHUHUTR,2007,4.86,95.32542,524.28981,53.61739139,0.068177803,93.66032468,1.24,1.268107143,37,30s,38,SCO,Eilean Siar,Intermediate uplands and Islands (Scotland),Fuertemenete Ácido,2
HRZNYI,ACANIDDQXT,2007,6.38,15.2025,83.61375,87.10892418,0.694534286,33.99364878,,,,8e,8,ENG,Somerset,Westerly lowlands (England),Levemenete Ácido,4
HRZNYI,PSJFVTTQDZ,2007,6.4,15.92316,87.57738,89.65863374,0.682509827,32.36522597,,,,8e,8,ENG,Somerset,Westerly lowlands (England),Levemenete Ácido,4
HRZNYI,VMCCPMGQBO,2007,7.25,11.64729,64.060095,84.04323621,0.874629114,25.35503719,,,,8e,8,ENG,Somerset,Westerly lowlands (England),Neutro,5
HRZNYI,ZLJPKVQGDO,2007,6.47,13.27564,73.01602,80.97080152,0.739297134,26.66341045,,,,8e,8,ENG,Somerset,Westerly lowlands (England),Levemenete Ácido,4
HVNJKY,GAKNVSPAPZ,2007,5.58,7.60357,41.819635,66.71317853,1.063506469,25.64870263,,,,17e,16,ENG,Derbyshire,Uplands (England),Moderadamente Ácido,3
HVNJKY,GWAJHIJHEL,2007,6.47,7.450058,40.975319,54.68020274,0.889644532,26.42923691,,,,17e,16,ENG,Derbyshire,Uplands (England),Levemenete Ácido,4
HVNJKY,OENPWFWFPF,2007,5.75,7.338777,40.3632735,68.91670108,1.138274065,25.44856919,,,,17e,16,ENG,Derbyshire,Uplands (England),Moderadamente Ácido,3
HVNJKY,SLZDJAHVXN,2007,6.19,6.670222,36.686221,65.27848535,1.186248925,28.68368167,,,,17e,16,ENG,Derbyshire,Uplands (England),Levemenete Ácido,4
HVNJKY,YOWHBKTUXI,2007,6.83,7.697968,42.338824,64.01515624,1.007981961,25.43187652,,,,17e,16,ENG,Derbyshire,Uplands (England),Neutro,5
HWJNVP,DTZISEZPZG,2007,5.52,86.28198,474.55089,81.02825155,0.113831489,89.68982306,,,,18s,27,SCO,Argyll & Bute,Intermediate uplands and Islands (Scotland),Moderadamente Ácido,3
HWJNVP,DVUHGXNPGR,2007,4.24,94.48196,519.65078,31.76449244,0.040751076,94.83322079,,,,18s,27,SCO,Argyll & Bute,Intermediate uplands and Islands (Scotland),Fuertemenete Ácido,2
HWJNVP,FHUNKPGTJD,2007,4.71,35.96063,197.783465,89.09917164,0.30032565,70.61011482,,,,18s,27,SCO,Argyll & Bute,Intermediate uplands and Islands (Scotland),Fuertemenete Ácido,2
HWJNVP,YIICPNGJXU,2007,5.69,67.33624,370.34932,37.14241778,0.066860152,93.51257183,,,,18s,27,SCO,Argyll & Bute,Intermediate uplands and Islands (Scotland),Moderadamente Ácido,3
HWJNVP,YZDLJHCIZV,2007,4.05,86.46608,475.56344,65.38400022,0.091658294,88.75367777,,,,18s,27,SCO,Argyll & Bute,Intermediate uplands and Islands (Scotland),Fuertemenete Ácido,2
HYILAM,EOPLMOKIME,2007,6.44,4.002585,22.0142175,46.28460018,1.40165782,21.43586298,0.22,4.625470808,14,11e,11,ENG,Derby Unitary Authority,Easterly lowlands (England),Levemenete Ácido,4
HYILAM,GHAUJDEOZK,2007,7.17,8.069845,44.3841475,72.73578493,1.092518974,27.7646395,0.44,7.210625228,16.6,11e,11,ENG,Derby Unitary Authority,Easterly lowlands (England),Neutro,5
HYILAM,VBTDUPEFGZ,2007,7.01,3.843177,21.1374735,45.25659314,1.427373148,17.78674578,0.18,3.8539075,44.4,11e,11,ENG,Derby Unitary Authority,Easterly lowlands (England),Neutro,5
HYILAM,YFEURNWPRR,2007,4.71,8.382168,46.101924,53.97258703,0.780482062,29.58175007,0.44,5.151181606,44.1,11e,11,ENG,Derby Unitary Authority,Easterly lowlands (England),Fuertemenete Ácido,2
HYILAM,ZOHDDPZMUF,2007,6.49,2.964852,16.306686,35.94688164,1.469617294,14.73877392,0.15,3.306638912,16.8,11e,11,ENG,Derby Unitary Authority,Easterly lowlands (England),Levemenete Ácido,4
HYJDIV,HSMDJYXSTP,2007,5.68,12.86445,70.754475,84.88111754,0.799771487,43.6336966,,,,6w,42,WAL,Dyfed,Lowlands (Wales),Moderadamente Ácido,3
HYJDIV,RDZWNGKPCI,2007,5.97,7.23884,39.81362,70.03514891,1.172716756,29.53277637,,,,6w,42,WAL,Dyfed,Lowlands (Wales),Moderadamente Ácido,3
HYJDIV,RJXPDVQAQV,2007,5.25,10.92729,60.100095,80.26893614,0.890391672,36.86725974,,,,6w,42,WAL,Dyfed,Lowlands (Wales),Moderadamente Ácido,3
HYYEET,BJFERNTJQH,2007,3.95,13.15745435,72.36599891,113.6665029,1.04714465,34.18076549,,,,3e,3,ENG,Surrey,Easterly lowlands (England),Extremadamente Ácido,1
HYYEET,ELHYOMRHZC,2007,6.68,4.03136522,22.17250871,43.01333936,1.293293418,24.05757935,,,,3e,3,ENG,Surrey,Easterly lowlands (England),Neutro,5
HYYEET,TKENQRHAMP,2007,5.8,3.501435668,19.25789618,37.12078335,1.285041142,22.84475271,,,,3e,3,ENG,Surrey,Easterly lowlands (England),Moderadamente Ácido,3
HYYEET,YXKKOWGIBN,2007,4.03,9.853227368,54.19275052,68.63420549,0.844322101,30.32312037,,,,3e,3,ENG,Surrey,Easterly lowlands (England),Fuertemenete Ácido,2
HZXYKQ,JHKCTQTIKC,2007,5.27,4.91774,27.04757,48.17363746,1.187380541,31.55377548,0.25,4.45267703,6.45,25s,33,SCO,South Ayrshire,Lowlands (Scotland),Moderadamente Ácido,3
HZXYKQ,LCGUIDUSBY,2007,4.82,7.455973,41.0078515,45.52832426,0.740156215,27.94938622,0.27,2.997632673,5.88,25s,33,SCO,South Ayrshire,Lowlands (Scotland),Fuertemenete Ácido,2
HZXYKQ,OIVGXNAZRH,2007,4.28,3.800595,20.9032725,24.82336588,0.791689942,27.97287829,0.11,1.306288404,1.97,25s,33,SCO,South Ayrshire,Lowlands (Scotland),Fuertemenete Ácido,2
HZXYKQ,PMBYYCHYDS,2007,4.72,7.265297,39.9591335,43.18373059,0.720464915,26.48920804,0.25,2.701743432,3.2,25s,33,SCO,South Ayrshire,Lowlands (Scotland),Fuertemenete Ácido,2
ICYTYP,DBVYEZZTOV,2007,6.91,4.487074,24.678907,48.08081922,1.298837079,16.75786051,0.2,3.896511237,8.21,10e,10,ENG,Durham,Westerly lowlands (England),Neutro,5
ICYTYP,UVVBUVQCTH,2007,6.15,9.304078,51.172429,72.76399845,0.947958368,24.08260638,0.41,5.829943965,15.6,10e,10,ENG,Durham,Westerly lowlands (England),Levemenete Ácido,4
ICYTYP,UWCDFLONTU,2007,5.48,4.697721,25.8374655,49.82869367,1.285696119,20.2248445,0.21,4.049942775,20.6,10e,10,ENG,Durham,Westerly lowlands (England),Moderadamente Ácido,3
ICYTYP,UXLEZNXJEX,2007,6.68,7.71256,42.41908,72.69001865,1.142410737,23.76462062,0.37,6.340379588,7.03,10e,10,ENG,Durham,Westerly lowlands (England),Neutro,5
IDAVFQ,HEHPFJCNYB,2007,6.69,3.314811,18.2314605,46.35990858,1.695234769,14.1158184,0.15,3.814278229,18.2,9e,9,ENG,East Riding of Yorkshire Unitary Authority,Easterly lowlands (England),Neutro,5
IDAVFQ,IGKMWGPKTI,2007,6.54,3.220826,17.714543,38.9011664,1.464001128,14.53601201,0.15,3.294002537,34.2,9e,9,ENG,East Riding of Yorkshire Unitary Authority,Easterly lowlands (England),Neutro,5
IDAVFQ,NMOIVFFAPS,2007,7.19,4.122095,22.6715225,41.95438801,1.233688298,16.02092901,0.2,3.701064895,67.7,9e,9,ENG,East Riding of Yorkshire Unitary Authority,Easterly lowlands (England),Neutro,5
IDAVFQ,VQTLCOJHSD,2007,7.53,5.919584,32.557712,62.65510863,1.282954786,20.72908636,0.29,5.580853317,33.4,9e,9,ENG,East Riding of Yorkshire Unitary Authority,Easterly lowlands (England),Levemenete Alcalino,6
IEFNGC,AYGRNABIWM,2007,5.55,11.52344,63.37892,81.21191762,0.854247412,36.50224044,,,,15w,44,WAL,Dyfed,Lowlands (Wales),Moderadamente Ácido,3
IEFNGC,NHSFCATXHZ,2007,6.12,16.3248,89.7864,87.94061278,0.652961642,49.38509614,,,,15w,44,WAL,Dyfed,Lowlands (Wales),Levemenete Ácido,4
IEFNGC,RXLSPWGEDV,2007,5.37,7.8811,43.34605,63.67266774,0.979292119,33.00912541,,,,15w,44,WAL,Dyfed,Lowlands (Wales),Moderadamente Ácido,3
IEFNGC,WNDOSYYLMV,2007,4.15,14.78153,81.298415,62.70508666,0.514196877,50.34531348,,,,15w,44,WAL,Dyfed,Lowlands (Wales),Fuertemenete Ácido,2
IGSFRL,CRIJUHNROC,2007,4.28,95.59794,525.78867,69.1424434,0.08766823,90.76649167,,,,18s,27,SCO,Argyll & Bute,Intermediate uplands and Islands (Scotland),Fuertemenete Ácido,2
IGSFRL,FILODVCDZT,2007,4.35,95.93903,527.664665,43.35697937,0.054778451,92.04141947,,,,18s,27,SCO,Argyll & Bute,Intermediate uplands and Islands (Scotland),Fuertemenete Ácido,2
IGSFRL,FQYJCWHXVH,2007,4.43,75.53821,415.460155,89.18594665,0.143111914,85.80399717,,,,18s,27,SCO,Argyll & Bute,Intermediate uplands and Islands (Scotland),Fuertemenete Ácido,2
IGSFRL,OJKHYUIYLY,2007,4.14,32.49224,178.70732,70.7113014,0.263788118,74.51532213,,,,18s,27,SCO,Argyll & Bute,Intermediate uplands and Islands (Scotland),Fuertemenete Ácido,2
IGSFRL,UCQKCWTFZM,2007,4.15,29.26728,160.97004,89.85723337,0.372148893,68.33786307,,,,18s,27,SCO,Argyll & Bute,Intermediate uplands and Islands (Scotland),Fuertemenete Ácido,2
IHJGEC,LRIKLKYJAD,2007,4.53,90.08965,495.493075,,,86.23956635,,,,17w2,18,WAL,Powys,Uplands (Wales),Fuertemenete Ácido,2
IHJGEC,MHRXCZXOPF,2007,5.24,92.83063,510.568465,,,95.31069612,,,,17w2,18,WAL,Powys,Uplands (Wales),Moderadamente Ácido,3
IHJGEC,SSWGPSJFUM,2007,4.01,77.90265,428.464575,,,71.74673516,,,,17w2,18,WAL,Powys,Uplands (Wales),Fuertemenete Ácido,2
IHJGEC,WNKTKRYNWL,2007,4.14,35.12165,193.169075,95.9055017,0.33098984,63.9038909,,,,17w2,18,WAL,Powys,Uplands (Wales),Fuertemenete Ácido,2
IJFDGL,DYROOANUGE,2007,5.71,11.87404,65.30722,,,,,,,6w,42,WAL,Gwynedd,Lowlands (Wales),Moderadamente Ácido,3
IJFDGL,GUDNFVWUIZ,2007,4.08,39.10507,215.077885,181.4145764,0.562322114,40.77074431,,,,6w,42,WAL,Gwynedd,Lowlands (Wales),Fuertemenete Ácido,2
IJFDGL,GWOCAKKUMX,2007,5.5,8.232101,45.2765555,74.39987598,1.095487869,21.7485882,,,,6w,42,WAL,Gwynedd,Lowlands (Wales),Moderadamente Ácido,3
IJFDGL,JIAHYHGWBK,2007,8.15,9.578712,52.682916,,,18.73036087,,,,6w,42,WAL,Gwynedd,Lowlands (Wales),Moderadamente Alcalino,7
IJFDGL,JKHKULGNSY,2007,4.41,14.59182,80.25501,64.69217661,0.537388479,28.01407214,,,,6w,42,WAL,Gwynedd,Lowlands (Wales),Fuertemenete Ácido,2
IKROEN,ENMACXOKCR,2007,5.02,9.403079,51.7169345,53.74894382,0.692860657,46.95182442,,,,21s,29,SCO,Highland,True uplands (Scotland),Moderadamente Ácido,3
IKROEN,GVORITQBTL,2007,5.62,17.93522,98.64371,73.42417562,0.496224751,57.65832329,,,,21s,29,SCO,Highland,True uplands (Scotland),Moderadamente Ácido,3
IKROEN,IICSMHIQIV,2007,4.98,11.80075,64.904125,68.51025701,0.703707271,38.12794856,,,,21s,29,SCO,Highland,True uplands (Scotland),Fuertemenete Ácido,2
INIEMC,DCVRRQNJBQ,2007,6.8,5.261942,28.940681,58.35877352,1.344330806,27.9151626,,,,7w,43,WAL,West Glamorgan,Lowlands (Wales),Neutro,5
INIEMC,MJBDYXKVIH,2007,8.28,3.388781,18.6382955,38.1210756,1.363539407,19.27751102,,,,7w,43,WAL,West Glamorgan,Lowlands (Wales),Moderadamente Alcalino,7
INIEMC,NVADGPMEHD,2007,4.82,9.637539,53.0064645,72.56025589,0.91259631,23.23451864,,,,7w,43,WAL,West Glamorgan,Lowlands (Wales),Fuertemenete Ácido,2
INIEMC,POXDZIYHGX,2007,8.2,3.785578,20.820679,42.11250331,1.348419146,18.55396722,,,,7w,43,WAL,West Glamorgan,Lowlands (Wales),Moderadamente Alcalino,7
INIEMC,VWLMYVEJHG,2007,8.29,3.135703,17.2463665,41.91783793,1.620354368,19.71620348,,,,7w,43,WAL,West Glamorgan,Lowlands (Wales),Moderadamente Alcalino,7
IOHTXU,CNWVUNCLML,2007,3.89,17.23804,94.80922,74.62062288,0.524707216,29.49990272,,,,9e,9,ENG,South Yorkshire,Easterly lowlands (England),Extremadamente Ácido,1
IOHTXU,FIFIBPBFPZ,2007,4.03,18.48286,101.65573,53.1527405,0.348580059,41.52921488,,,,9e,9,ENG,South Yorkshire,Easterly lowlands (England),Fuertemenete Ácido,2
IOHTXU,KPHQYBYQUY,2007,3.41,77.91691,428.543005,132.0543564,0.205431512,57.1694014,,,,9e,9,ENG,South Yorkshire,Easterly lowlands (England),Extremadamente Ácido,1
IOHTXU,NCAZLRWLOB,2007,3.93,12.51336,68.82348,72.21247232,0.699494536,23.47626266,,,,9e,9,ENG,South Yorkshire,Easterly lowlands (England),Extremadamente Ácido,1
IOHTXU,PGBWRWZRFQ,2007,3.73,18.57111,102.141105,75.79712838,0.494721679,40.82621962,,,,9e,9,ENG,South Yorkshire,Easterly lowlands (England),Extremadamente Ácido,1
IPLMTS,DQKIIWLCTD,2007,6.24,8.87437,48.809035,93.36205904,1.27520187,33.82528864,0.45,8.607612621,37.9,16e,15,ENG,Cumbria,Westerly lowlands (England),Levemenete Ácido,4
IPLMTS,NKVYCCANQT,2007,6.88,23.81242,130.96831,114.3883896,0.582270065,43.1144684,1.24,10.83022321,93.1,16e,15,ENG,Cumbria,Westerly lowlands (England),Neutro,5
IPLMTS,QFRNRCMUAV,2007,6.38,11.46085,63.034675,81.1564587,0.858326085,34.99787333,0.62,7.982432589,41.4,16e,15,ENG,Cumbria,Westerly lowlands (England),Levemenete Ácido,4
IPLMTS,XBVXAKLLRK,2007,6.17,7.728313,42.5057215,42.28898764,0.663267377,29.27833407,0.4,3.979604264,17.3,16e,15,ENG,Cumbria,Westerly lowlands (England),Levemenete Ácido,4
IPLMTS,ZZGNQBBEZL,2007,6.66,15.13774,83.25757,78.52157925,0.628744263,44.51421982,0.8,7.544931157,17.9,16e,15,ENG,Cumbria,Westerly lowlands (England),Neutro,5
IRWYUZ,HCMIWCXBQP,2007,8.34,2.687839,14.7831145,33.2584554,1.499839807,12.83341888,0.16,3.599615537,49,3e,3,ENG,Norfolk,Easterly lowlands (England),Moderadamente Alcalino,7
IRWYUZ,HRXYXVYJWM,2007,8.56,4.222795,23.2253725,51.41790431,1.475911866,18.40049732,0.22,4.870509159,45,3e,3,ENG,Norfolk,Easterly lowlands (England),Moderadamente Alcalino,7
IRWYUZ,ZDRGRGWQRA,2007,8.53,2.276301,12.5196555,28.72970489,1.529845337,10.60257311,0.14,3.212675208,62.4,3e,3,ENG,Norfolk,Easterly lowlands (England),Moderadamente Alcalino,7
IRWYUZ,ZXJNKZWING,2007,8.42,7.090673,38.9987015,60.78448103,1.039085554,30.99574531,0.33,5.143473492,28.6,3e,3,ENG,Norfolk,Easterly lowlands (England),Moderadamente Alcalino,7
IUKPTW,NSJZROAVHN,2007,7.25,11.58904,63.73972,83.90092313,0.877536782,32.83502618,,,,12e,12,ENG,Northamptonshire,Easterly lowlands (England),Neutro,5
IUKPTW,ORRTZKMVVO,2007,7.4,4.314524,23.729882,55.96100617,1.572167002,15.83164481,,,,12e,12,ENG,Northamptonshire,Easterly lowlands (England),Neutro,5
IUKPTW,YORIDUSVVT,2007,7.94,4.286994,23.578467,49.680258,1.404678769,15.24924283,,,,12e,12,ENG,Northamptonshire,Easterly lowlands (England),Levemenete Alcalino,6
IUZQOM,KDQUEIPGFB,2007,6.03,5.067575,27.8716625,49.13350796,1.175232083,27.31959912,,,,5w,41,WAL,Gwent,Lowlands (Wales),Levemenete Ácido,4
IUZQOM,KIAJJYLMYE,2007,5.81,5.563856,30.601208,51.76251708,1.127679166,26.61925676,,,,5w,41,WAL,Gwent,Lowlands (Wales),Moderadamente Ácido,3
IUZQOM,THZNAUFLXB,2007,6.23,4.483873,24.6613015,45.57280632,1.231965429,28.62207971,,,,5w,41,WAL,Gwent,Lowlands (Wales),Levemenete Ácido,4
IUZQOM,XWBWWNNKSK,2007,7.05,4.056144,22.308792,46.57317241,1.391773324,22.4863877,,,,5w,41,WAL,Gwent,Lowlands (Wales),Neutro,5
JABGJY,LXMBXSYIJF,2007,5.39,11.51325,63.322875,85.89775062,0.904336183,36.07325647,0.57,7.732074365,25.6,17w3,19,WAL,Gwynedd,Uplands (Wales),Moderadamente Ácido,3
JABGJY,PQNSKDRXHQ,2007,6.14,14.17854,77.98197,96.42377454,0.824325371,37.57034844,0.64,7.913523563,30.5,17w3,19,WAL,Gwynedd,Uplands (Wales),Levemenete Ácido,4
JABGJY,XIBZEPKPVR,2007,5.04,14.99417,82.467935,103.9306109,0.840169866,37.87009255,0.7,8.821783595,22.9,17w3,19,WAL,Gwynedd,Uplands (Wales),Moderadamente Ácido,3
JBIYLU,AUIOJUXRPP,2007,7.54,5.871686,32.294273,68.46836814,1.413426423,22.55939223,0.28,5.936390975,28.6,11e,11,ENG,Lincolnshire,Easterly lowlands (England),Levemenete Alcalino,6
JBIYLU,CSKVGRKRWR,2007,7.64,7.153738,39.345559,71.19735819,1.206359921,22.77637318,0.36,6.514343575,29.7,11e,11,ENG,Lincolnshire,Easterly lowlands (England),Levemenete Alcalino,6
JBIYLU,LWCAYFFKTE,2007,7.79,9.903183,54.4675065,79.9208791,0.978208651,31.18368069,0.47,6.89637099,27.9,11e,11,ENG,Lincolnshire,Easterly lowlands (England),Levemenete Alcalino,6
JBIYLU,WEZZGNWKGI,2007,7.38,4.291591,23.6037505,49.77176078,1.405758541,18.61222553,0.21,4.428139403,36.4,11e,11,ENG,Lincolnshire,Easterly lowlands (England),Neutro,5
JBQWJT,DFBVXRZLBZ,2007,4.12,,,,,,,,28,28s,36,SCO,Highland,Intermediate uplands and Islands (Scotland),Fuertemenete Ácido,2
JBQWJT,HANZMNOJTA,2007,4.18,,,,,,,,14,28s,36,SCO,Highland,Intermediate uplands and Islands (Scotland),Fuertemenete Ácido,2
JBQWJT,KZZOLQFBXR,2007,4.46,,,,,,,,,28s,36,SCO,Highland,Intermediate uplands and Islands (Scotland),Fuertemenete Ácido,2
JBQWJT,LDOTULSDCQ,2007,4.44,,,,,,,,23,28s,36,SCO,Highland,Intermediate uplands and Islands (Scotland),Fuertemenete Ácido,2
JBQWJT,TEFVKBZDZA,2007,4.59,,,,,,,,16,28s,36,SCO,Highland,Intermediate uplands and Islands (Scotland),Fuertemenete Ácido,2
JCDUAM,AFNZWRVUAD,2007,5.92,9.334318,51.338749,69.72358722,0.905405612,34.22992133,,,,7s,25,SCO,Dumfries & Galloway,Lowlands (Scotland),Moderadamente Ácido,3
JCDUAM,DHPGNNNXRU,2007,6.32,8.809616,48.452888,68.58344991,0.943644473,33.40056828,,,,7s,25,SCO,Dumfries & Galloway,Lowlands (Scotland),Levemenete Ácido,4
JCDUAM,KYABGQPGII,2007,5.97,7.641563,42.0285965,69.52316321,1.102791417,27.36074631,,,,7s,25,SCO,Dumfries & Galloway,Lowlands (Scotland),Moderadamente Ácido,3
JCDUAM,NIZCITIYOS,2007,6.09,8.736075,48.0484125,73.20223673,1.015673331,26.24866541,,,,7s,25,SCO,Dumfries & Galloway,Lowlands (Scotland),Levemenete Ácido,4
JCDUAM,USPUSZMXRK,2007,5.75,11.80125,64.906875,56.82516764,0.583658435,33.25880928,,,,7s,25,SCO,Dumfries & Galloway,Lowlands (Scotland),Moderadamente Ácido,3
JDKZQA,CYYLHGARAH,2007,8.06,4.39375,24.165625,47.40647739,1.307821265,18.25915328,0.21,4.119636985,63,11e,11,ENG,Nottinghamshire,Easterly lowlands (England),Moderadamente Alcalino,7
JDKZQA,DMNSAHNOYZ,2007,7.9,3.941415,21.6777825,36.70404055,1.128775988,22.15578055,0.21,3.555644363,19,11e,11,ENG,Nottinghamshire,Easterly lowlands (England),Levemenete Alcalino,6
JDKZQA,LJNHCVANIX,2007,8.28,3.422003,18.8210165,45.5522893,1.613525649,19.64859819,0.18,4.356519253,21,11e,11,ENG,Nottinghamshire,Easterly lowlands (England),Moderadamente Alcalino,7
JDKZQA,PCMGJBPNZZ,2007,8.05,3.111974,17.115857,29.43934049,1.146669255,20.11037304,0.17,2.9240066,34,11e,11,ENG,Nottinghamshire,Easterly lowlands (England),Moderadamente Alcalino,7
JDKZQA,SWXUUKGAUJ,2007,8.04,2.463891,13.5514005,31.3432372,1.541943319,19.78836292,0.13,3.006789473,14,11e,11,ENG,Nottinghamshire,Easterly lowlands (England),Moderadamente Alcalino,7
JDUTQQ,EIDKJEGFIZ,2007,5.91,4.694725,25.8209875,45.18290934,1.16656807,16.29727565,0.21,3.674689421,63.5,27s,35,SCO,Perth & Kinross,Lowlands (Scotland),Moderadamente Ácido,3
JDUTQQ,FFHWMHLXPC,2007,6.25,1.92119,10.566545,24.56299524,1.549733632,8.00486785,0.1,2.324600448,81,27s,35,SCO,Perth & Kinross,Lowlands (Scotland),Levemenete Ácido,4
JDUTQQ,OPNXHNCDUD,2007,6.14,1.863724,10.250482,23.17421835,1.507195359,11.75186007,0.11,2.486872343,,27s,35,SCO,Perth & Kinross,Lowlands (Scotland),Levemenete Ácido,4
JDUTQQ,OVNEFTQIOX,2007,6.49,4.051349,22.2824195,43.35743495,1.297209068,13.33871074,0.19,3.697045844,82.9,27s,35,SCO,Perth & Kinross,Lowlands (Scotland),Levemenete Ácido,4
JDUTQQ,TWBONKMGWA,2007,6.94,2.50648,13.78564,27.23303666,1.316976054,21.0491841,0.58,11.45769167,35.8,27s,35,SCO,Perth & Kinross,Lowlands (Scotland),Neutro,5
JEPNTE,ETABDJPLCM,2007,4.31,95.27182,523.99501,53.47858048,0.068039554,92.26109501,,,,21s,29,SCO,Highland,True uplands (Scotland),Fuertemenete Ácido,2
JEPNTE,FNIPGFUFRK,2007,4.66,35.36401,194.502055,91.7627331,0.314521897,72.81554962,,,,21s,29,SCO,Highland,True uplands (Scotland),Fuertemenete Ácido,2
JEPNTE,VJTAIYQTRE,2007,4.48,97.3681,535.52455,73.66224987,0.091701056,88.8992211,,,,21s,29,SCO,Highland,True uplands (Scotland),Fuertemenete Ácido,2
JEPNTE,XOMFYRFZTY,2007,4.25,95.2979,524.13845,114.7863891,0.146000087,85.65220826,,,,21s,29,SCO,Highland,True uplands (Scotland),Fuertemenete Ácido,2
JEPNTE,YBCMTLLFOC,2007,4.85,91.41541,502.784755,45.67525995,0.06056304,92.5406331,,,,21s,29,SCO,Highland,True uplands (Scotland),Fuertemenete Ácido,2
JFGJJD,PSOQTAVLFH,2007,4.57,25.31682,139.24251,70.51817738,0.337627627,47.7135973,,,96.2,25s,33,SCO,Aberdeenshire,Lowlands (Scotland),Fuertemenete Ácido,2
JFGJJD,QPGBCBVPAU,2007,3.63,69.38332,381.60826,115.0907623,0.201062668,60.32856516,1.26,3.800084426,81,25s,33,SCO,Aberdeenshire,Lowlands (Scotland),Extremadamente Ácido,1
JFGJJD,TZWHLCNAFD,2007,4.22,78.12252,429.67386,158.1369825,0.245359713,65.58716866,,,25.1,25s,33,SCO,Aberdeenshire,Lowlands (Scotland),Fuertemenete Ácido,2
JFGJJD,VXZYQNSGCT,2007,4.76,21.61712,118.89416,90.75982646,0.508911043,49.2021498,0.55,4.198516105,3.15,25s,33,SCO,Aberdeenshire,Lowlands (Scotland),Fuertemenete Ácido,2
JFGJJD,XUASNKKZPF,2007,3.87,38.41203,211.266165,73.92868408,0.233287661,69.85181378,,,35,25s,33,SCO,Aberdeenshire,Lowlands (Scotland),Extremadamente Ácido,1
JFYGIL,HIYPIYHLVV,2007,4.95,66.84721,367.659655,63.58948318,0.115304979,88.55295412,1.72,2.974868457,4,30s,38,SCO,Eilean Siar,Intermediate uplands and Islands (Scotland),Fuertemenete Ácido,2
JFYGIL,HRQHOVFZLS,2007,4.5,92.72258,509.97419,34.19575424,0.044702595,94.74264461,2.6,1.743401191,40,30s,38,SCO,Eilean Siar,Intermediate uplands and Islands (Scotland),Fuertemenete Ácido,2
JFYGIL,LOCHXTZQYX,2007,4.93,64.73834,356.06087,48.37677239,0.090577719,91.9198916,1.48,2.010825372,6,30s,38,SCO,Eilean Siar,Intermediate uplands and Islands (Scotland),Fuertemenete Ácido,2
JFYGIL,REXQNUJHZV,2007,5.81,60.43059,332.368245,36.34165025,0.072894349,92.85787633,2.16,2.361776906,,30s,38,SCO,Eilean Siar,Intermediate uplands and Islands (Scotland),Moderadamente Ácido,3
JFYGIL,VATHGIXJFQ,2007,4.81,92.05792,506.31856,42.66461389,0.056176246,93.66846678,1.81,1.525185076,11,30s,38,SCO,Eilean Siar,Intermediate uplands and Islands (Scotland),Fuertemenete Ácido,2
JGRNAK,GJUQNSWWCU,2007,5.37,12.21297,67.171335,77.83837883,0.772535674,24.84401544,,,,17w2,18,WAL,Powys,Uplands (Wales),Moderadamente Ácido,3
JGRNAK,LHXEYACKYX,2007,5.47,12.66653,69.665915,67.77702106,0.648590932,49.22941056,,,,17w2,18,WAL,Powys,Uplands (Wales),Moderadamente Ácido,3
JGRNAK,SWIKJEAKRT,2007,5.83,10.0691,55.38005,61.41105788,0.739268116,48.48674174,,,,17w2,18,WAL,Powys,Uplands (Wales),Moderadamente Ácido,3
JGYXEU,GRWMACVTZW,2007,3.7,91.28057,502.043135,,,,,,,23e,23,ENG,Cumbria,Uplands (England),Extremadamente Ácido,1
JGYXEU,NXWFSUHQDK,2007,3.84,90.21294,496.17117,101.9549081,0.136988892,85.79712336,,,,23e,23,ENG,Cumbria,Uplands (England),Extremadamente Ácido,1
JGYXEU,UFYFJOLDVP,2007,4.2,81.03573,445.696515,66.70701928,0.099779434,88.18399592,,,,23e,23,ENG,Cumbria,Uplands (England),Fuertemenete Ácido,2
JGYXEU,VOBXPVAGFA,2007,4.09,49.16717,270.419435,120.0686266,0.29600591,73.50005147,,,,23e,23,ENG,Cumbria,Uplands (England),Fuertemenete Ácido,2
JGYXEU,XICZUZLDCD,2007,4.04,90.8017,499.40935,83.59041845,0.111585707,88.65645541,,,,23e,23,ENG,Cumbria,Uplands (England),Fuertemenete Ácido,2
JHDFNH,KKROAGNWFV,2007,5.1,10.08052,55.44286,74.67509538,0.897922598,39.74470845,,,,5w,41,WAL,Mid Glamorgan,Lowlands (Wales),Moderadamente Ácido,3
JHDFNH,LWDELEADXQ,2007,5.74,8.946668,49.206674,73.14234346,0.990954241,31.12943726,,,,5w,41,WAL,Mid Glamorgan,Lowlands (Wales),Moderadamente Ácido,3
JHDFNH,NUGNRGSIAQ,2007,5.87,22.62092,124.41506,87.02817881,0.466332499,63.91704591,,,,5w,41,WAL,Mid Glamorgan,Lowlands (Wales),Moderadamente Ácido,3
JHDFNH,PEGGDLJWDF,2007,5.29,9.186058,50.523319,66.99869174,0.884062951,32.12245844,,,,5w,41,WAL,Mid Glamorgan,Lowlands (Wales),Moderadamente Ácido,3
JHPOHH,MGEXNDVTVA,2007,6.14,9.446466,51.955563,75.68342969,0.971130268,34.53227494,,,,5w,41,WAL,Clwyd,Lowlands (Wales),Levemenete Ácido,4
JHPOHH,UJIYBLBQAY,2007,6.36,8.510576,46.808168,62.33944557,0.88787133,31.88704165,,,,5w,41,WAL,Clwyd,Lowlands (Wales),Levemenete Ácido,4
JKBXAQ,AZRRLTPPAC,2007,6.98,5.895094,32.423017,53.1540466,1.092928245,21.81161531,0.29,4.754237866,30.7,25s,33,SCO,Scottish Borders,Lowlands (Scotland),Neutro,5
JKBXAQ,BMYCZPWRCT,2007,7.06,4.753116,26.142138,55.06367347,1.40421245,20.50135524,0.22,4.633901085,30.6,25s,33,SCO,Scottish Borders,Lowlands (Scotland),Neutro,5
JKBXAQ,CYZNEDOUXN,2007,6.27,3.33649,18.350695,33.16575974,1.204886599,17.54412437,0.16,2.891727838,9.35,25s,33,SCO,Scottish Borders,Lowlands (Scotland),Levemenete Ácido,4
JKBXAQ,HGWNGQHZUM,2007,6.25,4.447188,24.459534,51.77595331,1.41120032,18.74342082,0.2,4.23360096,26.1,25s,33,SCO,Scottish Borders,Lowlands (Scotland),Levemenete Ácido,4
JKBXAQ,TOUVYNEIAQ,2007,5.77,4.191011,23.0505605,32.47153148,0.939139317,18.16913273,0.22,3.099159747,44.7,25s,33,SCO,Scottish Borders,Lowlands (Scotland),Moderadamente Ácido,3
JKSKLW,FWOOBSSAJS,2007,5.11,8.152229,44.8372595,71.74021349,1.066675562,32.11970164,,,,17w3,19,WAL,Dyfed,Uplands (Wales),Moderadamente Ácido,3
JKSKLW,HSTQQQXFLH,2007,4.07,87.55927,481.575985,76.573875,0.106004559,76.00773749,,,,17w3,19,WAL,Dyfed,Uplands (Wales),Fuertemenete Ácido,2
JKSKLW,QCBXLCCUID,2007,4.02,92.09753,506.536415,172.5109478,0.227046457,78.77199761,,,,17w3,19,WAL,Dyfed,Uplands (Wales),Fuertemenete Ácido,2
JKSKLW,UBGYJTVBNC,2007,3.64,80.31903,441.754665,98.2835245,0.148322938,86.42069381,,,,17w3,19,WAL,Dyfed,Uplands (Wales),Extremadamente Ácido,1
JKTWQP,CMEZZKTBWN,2007,5.75,14.65141,80.582755,72.84419602,0.602645037,44.71465567,,,,15w,44,WAL,Powys,Lowlands (Wales),Moderadamente Ácido,3
JKTWQP,IJQRTQAFHY,2007,6.79,8.448812,46.468466,68.86733682,0.988015354,21.73361167,,,,15w,44,WAL,Powys,Lowlands (Wales),Neutro,5
JKTWQP,INXWZTTWKE,2007,5.98,6.524925,35.8870875,56.81798629,1.055495449,23.22384571,,,,15w,44,WAL,Powys,Lowlands (Wales),Moderadamente Ácido,3
JKTWQP,NRPBJVZBXC,2007,6.42,6.125919,33.6925545,68.00877708,1.345673707,16.44038268,,,,15w,44,WAL,Powys,Lowlands (Wales),Levemenete Ácido,4
JMIFHD,FEQDUEQQFQ,2007,5.53,7.282397,40.0531835,56.26763024,0.936548614,34.20586845,,,,6w,42,WAL,Dyfed,Lowlands (Wales),Moderadamente Ácido,3
JMIFHD,LUVLXHAWYH,2007,5.14,6.485058,35.667819,51.43318978,0.961336974,31.03635688,,,,6w,42,WAL,Dyfed,Lowlands (Wales),Moderadamente Ácido,3
JMIFHD,ZRWNHVLYRU,2007,5.78,6.854593,37.7002615,60.8015024,1.07517384,27.86380367,,,,6w,42,WAL,Dyfed,Lowlands (Wales),Moderadamente Ácido,3
JNFHMV,BSGSNIEYSC,2007,4.19,91.43527,502.893985,74.38454226,0.098608646,88.90393731,,,,30s,38,SCO,Highland,Intermediate uplands and Islands (Scotland),Fuertemenete Ácido,2
JNFHMV,CSGPJIHPIS,2007,4.43,96.60246,531.31353,36.94488864,0.04635667,93.37073445,,,,30s,38,SCO,Highland,Intermediate uplands and Islands (Scotland),Fuertemenete Ácido,2
JNFHMV,HIHPKUABVX,2007,4.44,96.02854,528.15697,65.46273385,0.082630402,89.34512831,,,,30s,38,SCO,Highland,Intermediate uplands and Islands (Scotland),Fuertemenete Ácido,2
JNFHMV,JVXPXDPOMX,2007,4.63,73.84168,406.12924,117.3619281,0.1926512,81.33894541,,,,30s,38,SCO,Highland,Intermediate uplands and Islands (Scotland),Fuertemenete Ácido,2
JNFHMV,RVOCYNKMRY,2007,4.66,95.76019,526.681045,30.16030908,0.038176564,94.43888636,,,,30s,38,SCO,Highland,Intermediate uplands and Islands (Scotland),Fuertemenete Ácido,2
JQKGAL,AQZRPFTCCZ,2007,8.8,2.497823,13.7380265,22.92060146,1.112270454,10.56578611,,,,9e,9,ENG,North Lincolnshire Unitary Authority,Easterly lowlands (England),Moderadamente Alcalino,7
JQKGAL,CNYFIWYCPE,2007,6.94,7.571908,41.645494,46.41130559,0.742958419,28.65216019,,,,9e,9,ENG,North Lincolnshire Unitary Authority,Easterly lowlands (England),Neutro,5
JQKGAL,DEUFQKZXTZ,2007,8.17,4.041948,22.230714,37.31503068,1.119023308,10.42449001,,,,9e,9,ENG,North Lincolnshire Unitary Authority,Easterly lowlands (England),Moderadamente Alcalino,7
JQKGAL,GWLYBOTRQR,2007,7.98,2.424051,13.3322805,30.54159223,1.527200203,14.63865872,,,,9e,9,ENG,North Lincolnshire Unitary Authority,Easterly lowlands (England),Levemenete Alcalino,6
JRAEIT,ATPHINLFYC,2007,5.88,9.45851,52.021805,41.08611123,0.52652423,60.6020664,,,,5w,41,WAL,Dyfed,Lowlands (Wales),Moderadamente Ácido,3
JRAEIT,CYJMAUWVLG,2007,5.15,55.80361,306.919855,83.8097473,0.182044804,82.27582073,,,,5w,41,WAL,Dyfed,Lowlands (Wales),Moderadamente Ácido,3
JRAEIT,FHGANXAMBB,2007,7.09,19.33502,106.34261,33.3540096,0.209097806,77.69995311,,,,5w,41,WAL,Dyfed,Lowlands (Wales),Neutro,5
JRAEIT,MNJVQCJGDD,2007,5.32,36.61094,201.36017,144.48051,0.478348523,60.37983213,,,,5w,41,WAL,Dyfed,Lowlands (Wales),Moderadamente Ácido,3
JRAEIT,QQOPDYOZOS,2007,7.65,3.720908,20.464994,31.72875946,1.033594552,37.77382735,,,,5w,41,WAL,Dyfed,Lowlands (Wales),Levemenete Alcalino,6
JRQNKY,ABFPDVZTRP,2007,6.55,2.86001791,15.7300985,31.27265885,1.325385167,23.10112331,,,,4e,4,ENG,East Sussex,Easterly lowlands (England),Neutro,5
JRQNKY,ADSESQSLTM,2007,4.81,9.990433989,54.94738694,77.88304672,0.944940861,37.69098512,,,,4e,4,ENG,East Sussex,Easterly lowlands (England),Fuertemenete Ácido,2
JRQNKY,NCEXEQHKIQ,2007,6.58,4.269246,23.480853,47.60346375,1.351554072,19.39406923,,,,4e,4,ENG,East Sussex,Easterly lowlands (England),Neutro,5
JRQNKY,PXMWGQYESF,2007,5.74,10.15936654,55.87651599,64.05992603,0.764303511,26.9083298,,,,4e,4,ENG,East Sussex,Easterly lowlands (England),Moderadamente Ácido,3
JRQNKY,SPKBWPCMFV,2007,4.7,7.470055291,41.0853041,62.58726198,1.015566082,27.16056566,,,,4e,4,ENG,East Sussex,Easterly lowlands (England),Fuertemenete Ácido,2
JRZVUS,FILTOZYTEP,2007,7.78,3.138957,17.2642635,41.84820512,1.615985727,18.95610081,,,,3e,3,ENG,Kent,Easterly lowlands (England),Levemenete Alcalino,6
JRZVUS,WDQFGVEFPW,2007,5.75,5.731041,31.5207255,61.98021579,1.310888097,24.53693369,,,,3e,3,ENG,Kent,Easterly lowlands (England),Moderadamente Ácido,3
JTEHKQ,ISZMOHLJQZ,2007,4.65,,,,,,,,,32s,40,SCO,Highland,Intermediate uplands and Islands (Scotland),Fuertemenete Ácido,2
JTEHKQ,OLIQDHXWNF,2007,4.62,,,,,,,,,32s,40,SCO,Highland,Intermediate uplands and Islands (Scotland),Fuertemenete Ácido,2
JTEHKQ,PMZMIWZIFE,2007,4.66,,,,,,,,,32s,40,SCO,Highland,Intermediate uplands and Islands (Scotland),Fuertemenete Ácido,2
JTEHKQ,PYQBONAULZ,2007,4.66,,,,,,,,,32s,40,SCO,Highland,Intermediate uplands and Islands (Scotland),Fuertemenete Ácido,2
JTEHKQ,TQHKLECQRQ,2007,4.7,,,,,,,,,32s,40,SCO,Highland,Intermediate uplands and Islands (Scotland),Fuertemenete Ácido,2
JUAXZV,IYOQOMMNFN,2007,6.64,16.23888,89.31384,77.35576688,0.577407838,49.60545557,0.79,6.84228288,13.2,1e,1,ENG,Buckinghamshire,Westerly lowlands (England),Neutro,5
JUAXZV,KICRADIAGH,2007,6.49,16.89734,92.93537,100.9414562,0.724097877,29.4191276,0.82,8.90640389,15.4,1e,1,ENG,Buckinghamshire,Westerly lowlands (England),Levemenete Ácido,4
JUAXZV,UIQHASQNXV,2007,7.76,9.453077,51.9919235,72.49057765,0.929510749,29.63378191,0.48,6.692477395,8.14,1e,1,ENG,Buckinghamshire,Westerly lowlands (England),Levemenete Alcalino,6
JXGMRG,FNIUWWNWEI,2007,3.96,9.272802,51.000411,54.47337453,0.712064517,32.42748083,,,,3e,3,ENG,Norfolk,Easterly lowlands (England),Extremadamente Ácido,1
JXGMRG,IURMWQRXVV,2007,6.75,4.623936,25.431648,52.16222724,1.367383591,19.52215167,,,,3e,3,ENG,Norfolk,Easterly lowlands (England),Neutro,5
JXGMRG,TJSKDMFNCK,2007,4.48,16.50839,90.796145,63.83746377,0.468723746,36.96833311,,,,3e,3,ENG,Norfolk,Easterly lowlands (England),Fuertemenete Ácido,2
JZISXN,BVUKHWJLUI,2007,5,12.78772379,70.33248082,70.97198393,0.672728381,47.68847492,,,,15w,44,WAL,Dyfed,Lowlands (Wales),Moderadamente Ácido,3
JZISXN,JNTTJCOGHM,2007,6.9,10.17346939,55.95408163,58.74297167,0.699894985,40.88922333,,,,15w,44,WAL,Dyfed,Lowlands (Wales),Neutro,5
KBLGPE,LXGQOLSKOI,2007,6.5,9.102861,50.0657355,74.93031522,0.997759106,33.26989094,0.42,6.285882366,35,18w,45,WAL,Clwyd,Uplands (Wales),Levemenete Ácido,4
KBLGPE,NAOAMYOHLR,2007,5.56,11.37021,62.536155,87.44283048,0.932184275,32.80685825,0.51,7.131209705,17,18w,45,WAL,Clwyd,Uplands (Wales),Moderadamente Ácido,3
KBLGPE,PNDHWLOXQV,2007,4.96,8.959013,49.2745715,67.07755192,0.907534385,36.50353679,0.41,5.581336469,6,18w,45,WAL,Clwyd,Uplands (Wales),Fuertemenete Ácido,2
KDQIHG,GHVOEGXUFT,2007,7.76,3.579668,19.688174,48.46182974,1.640979326,23.75663684,,,,1e,1,ENG,Warwickshire,Westerly lowlands (England),Levemenete Alcalino,6
KDQIHG,HHJJAAWWIM,2007,4.07,14.98383,82.411065,74.93142952,0.606159942,36.95009557,,,,1e,1,ENG,Warwickshire,Westerly lowlands (England),Fuertemenete Ácido,2
KDQIHG,TFBPCBEQHL,2007,6.75,6.024135,33.1327425,62.90319381,1.265680393,28.10954427,,,,1e,1,ENG,Warwickshire,Westerly lowlands (England),Neutro,5
KDQIHG,UVNUNWGNSP,2007,6.69,4.152359,22.8379745,49.66323483,1.449726779,22.39508546,,,,1e,1,ENG,Warwickshire,Westerly lowlands (England),Neutro,5
KDQIHG,ZAHAAHABOL,2007,4.16,6.368037,35.0242035,46.34159663,0.88208709,25.54833536,,,,1e,1,ENG,Warwickshire,Westerly lowlands (England),Fuertemenete Ácido,2
KFACFB,OWFATFMVBO,2007,4.33,85.07612,467.91866,63.0198293,0.089787442,91.90283373,2.55,3.434369655,14,17w3,19,WAL,Gwynedd,Uplands (Wales),Fuertemenete Ácido,2
KFACFB,PFAEUBLHYV,2007,4.52,81.05321,445.792655,67.74179177,0.10130538,88.80828239,2.21,3.358273362,16,17w3,19,WAL,Gwynedd,Uplands (Wales),Fuertemenete Ácido,2
KFACFB,TEDFUQIVHB,2007,4.01,92.0115,506.06325,67.95336879,0.08951894,83.21566374,2.32,3.115259122,,17w3,19,WAL,Gwynedd,Uplands (Wales),Fuertemenete Ácido,2
KFDEHM,JPGAKTURZE,2007,4.14,96.97368,533.35524,53.31054148,0.06663544,93.23047638,,,,24s,32,SCO,Highland,True uplands (Scotland),Fuertemenete Ácido,2
KFDEHM,KPBUHOGHMR,2007,4.41,95.05457,522.800135,24.79453324,0.031617606,93.85658129,,,,24s,32,SCO,Highland,True uplands (Scotland),Fuertemenete Ácido,2
KFDEHM,QEKPKVRXJI,2007,5.28,19.03575,104.696625,55.59075644,0.353979933,72.12106745,,,,24s,32,SCO,Highland,True uplands (Scotland),Moderadamente Ácido,3
KFDEHM,WZNUWZNRDN,2007,3.95,96.6674,531.6707,81.29894419,0.101941476,88.09237256,,,,24s,32,SCO,Highland,True uplands (Scotland),Extremadamente Ácido,1
KFDEHM,YIGRJQKYLB,2007,3.94,92.47059,508.588245,53.19984774,0.069735322,89.84554372,,,,24s,32,SCO,Highland,True uplands (Scotland),Extremadamente Ácido,1
KIZQZD,BLUBGMMYMB,2007,5.62,5.075597,27.9157835,,,,,,,27s,35,SCO,Perth & Kinross,Lowlands (Scotland),Moderadamente Ácido,3
KIZQZD,EMTNFBYQRK,2007,4.77,15.09021,82.996155,106.9588637,0.859147139,16.26141762,,,,27s,35,SCO,Perth & Kinross,Lowlands (Scotland),Fuertemenete Ácido,2
KIZQZD,JRSMDKDGQS,2007,6.31,36.71947,201.957085,163.3979066,0.53938161,54.01531618,,,,27s,35,SCO,Perth & Kinross,Lowlands (Scotland),Levemenete Ácido,4
KJWXAQ,GERYEDIYHU,2007,5.17,5.88181,32.349955,57.64772788,1.188002227,27.16927781,,,,5w,41,WAL,Gwent,Lowlands (Wales),Moderadamente Ácido,3
KJWXAQ,IYJMSPLIEE,2007,6.83,10.85692,59.71306,87.5945753,0.977949942,31.978665,,,,5w,41,WAL,Gwent,Lowlands (Wales),Neutro,5
KJWXAQ,LNRCPRNLWF,2007,6.41,9.273872,51.006296,75.87588489,0.991719204,33.60701089,,,,5w,41,WAL,Gwent,Lowlands (Wales),Levemenete Ácido,4
KJWXAQ,MGQGIOBJMD,2007,5.63,5.965967,32.8128185,58.70636026,1.192752567,28.35347692,,,,5w,41,WAL,Gwent,Lowlands (Wales),Moderadamente Ácido,3
KJWXAQ,XHULCCKYJN,2007,6.47,3.719248,20.455864,43.61276186,1.421361355,18.15072051,,,,5w,41,WAL,Gwent,Lowlands (Wales),Levemenete Ácido,4
KKQPEW,KTOSJZCMNH,2007,7.63,2.37571,13.066405,26.1814121,1.335813082,3.586219631,,,,30s,38,SCO,Eilean Siar,Intermediate uplands and Islands (Scotland),Levemenete Alcalino,6
KKQPEW,KYHYOXDNRG,2007,9.15,1,5.5,11.05958049,1.340555211,6.90920369,,,,30s,38,SCO,Eilean Siar,Intermediate uplands and Islands (Scotland),Fuertemenete Alcalino,8
KKQPEW,WVLHUUFNGX,2007,6.57,19.0451,104.74805,63.30924329,0.40293029,65.91392616,,,,30s,38,SCO,Eilean Siar,Intermediate uplands and Islands (Scotland),Neutro,5
KKWKFZ,ICJTBTGMIL,2007,8.18,2.886328,15.874804,35.98408467,1.511161321,18.51760154,0.17,3.853461368,31.2,7e,7,ENG,Devon,Westerly lowlands (England),Moderadamente Alcalino,7
KKWKFZ,NUBAPLLMHP,2007,7.49,3.045347,16.7494085,36.42476747,1.449793186,20.75322439,0.17,3.696972625,75.4,7e,7,ENG,Devon,Westerly lowlands (England),Neutro,5
KKWKFZ,QKYNKLCFXY,2007,6.02,3.008644,16.547542,31.11283097,1.253472408,20.06307141,0.15,2.820312917,37,7e,7,ENG,Devon,Westerly lowlands (England),Levemenete Ácido,4
KKWKFZ,VRKCJSAISF,2007,6.8,3.44753,18.961415,40.12188899,1.410650313,24.81620143,0.19,4.020353391,9.36,7e,7,ENG,Devon,Westerly lowlands (England),Neutro,5
KKWKFZ,YFPSASUGMP,2007,6.63,3.720598,20.463289,42.94911586,1.39922492,22.49861195,0.23,4.827325973,29.2,7e,7,ENG,Devon,Westerly lowlands (England),Neutro,5
KKXZXW,AHFMBHAHLK,2007,3.85,41.1118,226.1149,90.43109168,0.26662283,64.78256023,,,,22s,30,SCO,Moray,True uplands (Scotland),Extremadamente Ácido,1
KKXZXW,MBLVCLVYIB,2007,3.46,19.15086,105.32973,83.08586611,0.525877902,53.48902888,,,,22s,30,SCO,Moray,True uplands (Scotland),Extremadamente Ácido,1
KKXZXW,NNJXFCQNRK,2007,3.98,15.11358,83.12469,21.29805348,0.170812094,79.95313574,,,,22s,30,SCO,Moray,True uplands (Scotland),Extremadamente Ácido,1
KKXZXW,SJMYICBEQP,2007,3.7,95.9953,527.97415,64.38674208,0.081300372,89.24906462,,,,22s,30,SCO,Moray,True uplands (Scotland),Extremadamente Ácido,1
KKXZXW,ZJLSYJRXIZ,2007,4.9,16.03845,88.211475,67.08624944,0.507010752,57.08606791,,,,22s,30,SCO,Moray,True uplands (Scotland),Fuertemenete Ácido,2
KLOORS,GPVDGZNSYG,2007,3.32,7.527621,41.4019155,56.05864281,0.9026739,34.73004667,0.22,2.978823871,3,6w,42,WAL,West Glamorgan,Lowlands (Wales),Extremadamente Ácido,1
KLOORS,JRVKAWFZAA,2007,4.16,5.74547,31.600085,32.78538404,0.691672908,33.28835413,0.17,1.763765916,3,6w,42,WAL,West Glamorgan,Lowlands (Wales),Fuertemenete Ácido,2
KLOORS,LXLBUIFDHV,2007,3.71,10.26952,56.48236,49.26965456,0.581534418,23.83600813,0.34,2.965825534,14,6w,42,WAL,West Glamorgan,Lowlands (Wales),Extremadamente Ácido,1
KLOORS,PLOWEZTDWO,2007,4.37,8.995032,49.472676,69.59513277,0.937825865,36.08774165,0.33,4.642238034,4,6w,42,WAL,West Glamorgan,Lowlands (Wales),Fuertemenete Ácido,2
KLOORS,YBGABWMALN,2007,4.02,12.96133,71.287315,73.40390293,0.686460632,32.72861568,0.36,3.706887411,4,6w,42,WAL,West Glamorgan,Lowlands (Wales),Fuertemenete Ácido,2
KMOUQH,COBPPKHIAG,2007,6.04,6.918012,38.049066,64.61953251,1.132214082,29.77639324,0.37,6.283788157,8.38,8e,8,ENG,Devon,Westerly lowlands (England),Levemenete Ácido,4
KMOUQH,LTXMMVKVLL,2007,8.13,5.716069,31.4383795,47.89811473,1.01570364,30.665623,0.3,4.570666379,14.1,8e,8,ENG,Devon,Westerly lowlands (England),Moderadamente Alcalino,7
KMOUQH,QYYTYIIWRD,2007,7.09,2.962934,16.296137,40.29018274,1.64825086,17.69739482,0.15,3.708564435,21.7,8e,8,ENG,Devon,Westerly lowlands (England),Neutro,5
KMOUQH,RTSSBSZDUF,2007,5.6,9.206187,50.6340285,73.00792029,0.961249743,38.40323178,0.47,6.776810685,10.3,8e,8,ENG,Devon,Westerly lowlands (England),Moderadamente Ácido,3
KMOUQH,ZSAYQKQSGD,2007,4.83,4.883218,26.857699,52.76182179,1.309663492,22.81203425,0.22,4.321889523,6.9,8e,8,ENG,Devon,Westerly lowlands (England),Fuertemenete Ácido,2
KMXNYL,GHTAWDVAVF,2007,8.03,8.716393,47.9401615,91.014004,1.265661207,21.93384572,0.46,8.733062328,9.76,3e,3,ENG,Hertfordshire,Easterly lowlands (England),Moderadamente Alcalino,7
KMXNYL,JPWUAKKOJL,2007,8.4,4.723362,25.978491,47.15278094,1.2100467,23.64717021,0.23,4.174661114,10.9,3e,3,ENG,Hertfordshire,Easterly lowlands (England),Moderadamente Alcalino,7
KMXNYL,OFYFSEYCRI,2007,7.99,4.123821,22.6810155,48.80341307,1.43448642,20.24604457,0.22,4.733805184,9.95,3e,3,ENG,Hertfordshire,Easterly lowlands (England),Levemenete Alcalino,6
KMXNYL,QCTWXEWZIF,2007,8.41,4.08568,22.47124,51.94865789,1.541189476,17.29504005,0.23,5.317103691,21.5,3e,3,ENG,Hertfordshire,Easterly lowlands (England),Moderadamente Alcalino,7
KNLBPI,ADLXNKMFGU,2007,6.1,6.027191,33.1495505,54.18087915,1.089625215,28.46526888,,,,15w,44,WAL,Clwyd,Lowlands (Wales),Levemenete Ácido,4
KNLBPI,BJZSIMVFNH,2007,6.18,4.608229,25.3452595,50.66515021,1.332666048,22.07635634,,,,15w,44,WAL,Clwyd,Lowlands (Wales),Levemenete Ácido,4
KNLBPI,HCFIQKKKKY,2007,5.05,5.587983,30.7339065,37.85559978,0.821147371,28.31398063,,,,15w,44,WAL,Clwyd,Lowlands (Wales),Moderadamente Ácido,3
KNLBPI,LFVCWTGJOT,2007,6.15,5.602937,30.8161535,51.12785501,1.106083427,26.57422785,,,,15w,44,WAL,Clwyd,Lowlands (Wales),Levemenete Ácido,4
KNLBPI,SRVRVDXDMD,2007,5.75,6.62763,36.451965,56.10850507,1.026163337,30.0100687,,,,15w,44,WAL,Clwyd,Lowlands (Wales),Moderadamente Ácido,3
KNVXKN,JZZBORBYSG,2007,6.88,4.590161,25.2458855,44.21685057,1.167631866,20.42204162,,,,11e,11,ENG,Lincolnshire,Easterly lowlands (England),Neutro,5
KNVXKN,KSBGDJATAM,2007,7.79,5.751112,31.631116,55.96549253,1.179545115,23.46029654,,,,11e,11,ENG,Lincolnshire,Easterly lowlands (England),Levemenete Alcalino,6
KNVXKN,OYDCPEEXMN,2007,5.64,3.980394,21.892167,51.35067128,1.563745647,16.40673457,,,,11e,11,ENG,Lincolnshire,Easterly lowlands (England),Moderadamente Ácido,3
KNVXKN,QCOWVLRCHA,2007,7.77,6.417502,35.296261,58.92537947,1.112967357,20.63554186,,,,11e,11,ENG,Lincolnshire,Easterly lowlands (England),Levemenete Alcalino,6
KNVXKN,XAAJIDYSVA,2007,6.84,2.647164,14.559402,31.1046467,1.424263931,14.33031008,,,,11e,11,ENG,Lincolnshire,Easterly lowlands (England),Neutro,5
KODKGX,BEHFTDPXOQ,2007,8.11,3.660900005,20.13495003,44.66321297,1.47879559,18.42666001,0.19,4.214567432,32.6,3e,3,ENG,Essex,Easterly lowlands (England),Moderadamente Alcalino,7
KODKGX,FSXPJOBSMB,2007,8.06,5.820919526,32.01505739,52.13000733,1.08553103,23.32286466,0.31,5.047719288,20.6,3e,3,ENG,Essex,Easterly lowlands (England),Moderadamente Alcalino,7
KODKGX,HUDYWRHFPX,2007,6.66,2.910324072,16.0067824,29.79876051,1.241088924,15.394539,0.13,2.420123401,23.8,3e,3,ENG,Essex,Easterly lowlands (England),Neutro,5
KODKGX,LSAMKQLCIF,2007,7.55,3.444753359,18.94614348,40.17628928,1.413701574,17.64891124,0.17,3.604939014,53.2,3e,3,ENG,Essex,Easterly lowlands (England),Levemenete Alcalino,6
KODKGX,QMYRRZKFJL,2007,8.09,4.709469761,25.90208369,47.04713394,1.210897021,19.81353786,0.24,4.359229274,86.3,3e,3,ENG,Essex,Easterly lowlands (England),Moderadamente Alcalino,7
KOQHZQ,CJISIXYPXT,2007,5.94,5.715997,31.4379835,55.12009974,1.168864191,24.17624294,0.24,4.207911089,53,26s,34,SCO,Aberdeenshire,Lowlands (Scotland),Moderadamente Ácido,3
KOQHZQ,ETZRQNDXBQ,2007,5.19,8.227084,45.248962,49.16207136,0.724319692,18.56252142,0.31,3.36808657,31,26s,34,SCO,Aberdeenshire,Lowlands (Scotland),Moderadamente Ácido,3
KOQHZQ,JWAATYTBQD,2007,7.01,2.937752,16.157636,39.70599803,1.638275881,12.38704576,0.12,2.948896586,29,26s,34,SCO,Aberdeenshire,Lowlands (Scotland),Neutro,5
KOQHZQ,NYETXYTITM,2007,6.1,5.660602,31.133311,53.0365897,1.13568796,23.6810511,0.23,3.918123463,42,26s,34,SCO,Aberdeenshire,Lowlands (Scotland),Levemenete Ácido,4
KOQHZQ,PVKIJCUKQK,2007,6.47,6.190752,34.049136,56.92647339,1.114594575,23.06489818,0.28,4.681297213,14,26s,34,SCO,Aberdeenshire,Lowlands (Scotland),Levemenete Ácido,4
KPHKQI,FOLJSHHZRZ,2007,4.31,93.84859,516.167245,116.3636157,0.150291876,84.93494838,,,,24s,32,SCO,Highland,True uplands (Scotland),Fuertemenete Ácido,2
KPHKQI,MXDCVSOKID,2007,4.66,59.50773,327.292515,104.172298,0.21219,78.86248837,,,,24s,32,SCO,Highland,True uplands (Scotland),Fuertemenete Ácido,2
KPHKQI,NGVHATJZDR,2007,5.08,24.42817,134.354935,81.68355888,0.405312287,59.82444536,,,,24s,32,SCO,Highland,True uplands (Scotland),Moderadamente Ácido,3
KPHKQI,QGIJWGPDLK,2007,4.47,93.34252,513.38386,78.27082247,0.101640414,86.25273224,,,,24s,32,SCO,Highland,True uplands (Scotland),Fuertemenete Ácido,2
KPHKQI,XIFEQAHXUM,2007,4.64,71.57719,393.674545,79.76380395,0.135075712,85.12384124,,,,24s,32,SCO,Highland,True uplands (Scotland),Fuertemenete Ácido,2
KQIJOF,AMOOKJWFLA,2007,6.13,6.090839,33.4996145,57.47841985,1.143862314,27.75815939,,,,1e,1,ENG,Worcestershire,Westerly lowlands (England),Levemenete Ácido,4
QASSZL,EMFAFZYZQG,2007,4.19,29.01152038,159.5633621,104.7988078,0.437856604,60.54973732,0.64,4.203423402,13.2,18s,27,SCO,North Ayrshire,Intermediate uplands and Islands (Scotland),Fuertemenete Ácido,2
QASSZL,GLRWOBYMTC,2007,5.08,21.84063105,120.1234708,46.89461503,0.260257854,72.22880591,1.03,4.02098384,14.7,18s,27,SCO,North Ayrshire,Intermediate uplands and Islands (Scotland),Moderadamente Ácido,3
QASSZL,KLOYTKMVLN,2007,4.71,17.00406933,93.52238133,77.51885157,0.55258681,54.46792522,0.59,4.89039327,12.5,18s,27,SCO,North Ayrshire,Intermediate uplands and Islands (Scotland),Fuertemenete Ácido,2
QASSZL,NSHCJCCVWT,2007,5.52,47.83344844,263.0839664,106.098204,0.268857646,78.26722864,1.18,4.75878034,18.7,18s,27,SCO,North Ayrshire,Intermediate uplands and Islands (Scotland),Moderadamente Ácido,3
QDJMQK,GOATOURVUV,2007,5.03,8.461109,46.5360995,69.58343651,0.996838114,35.24883477,,,,5w,41,WAL,Gwynedd,Lowlands (Wales),Moderadamente Ácido,3
QDJMQK,GQUYHCGBOS,2007,5.75,12.41628027,68.28954147,63.96200307,0.624419706,52.44877822,,,,5w,41,WAL,Gwynedd,Lowlands (Wales),Moderadamente Ácido,3
QDJMQK,GUIJSPWBFX,2007,6.42,9.962310278,54.79270653,59.78456729,0.727402983,51.56208319,,,,5w,41,WAL,Gwynedd,Lowlands (Wales),Levemenete Ácido,4
QDJMQK,NEKXGVOSQZ,2007,4.79,11.75042977,64.62736374,81.34150278,0.839082169,31.60638078,,,,5w,41,WAL,Gwynedd,Lowlands (Wales),Fuertemenete Ácido,2
QDJMQK,XVYDSGJAGQ,2007,6.02,11.23469388,61.79081632,79.8503142,0.861512211,38.82194825,,,,5w,41,WAL,Gwynedd,Lowlands (Wales),Levemenete Ácido,4
QERSLS,HKDJOUCOBH,2007,7.77,3.179852,17.489186,25.74153712,0.981236333,39.68772599,0.13,1.91341085,7.3,8e,8,ENG,Hampshire,Westerly lowlands (England),Levemenete Alcalino,6
QERSLS,IDSJJCVUJN,2007,8.07,7.30933,40.201315,69.46768675,1.151996923,24.26943808,0.33,5.702384767,30.7,8e,8,ENG,Hampshire,Westerly lowlands (England),Moderadamente Alcalino,7
QERSLS,IFEIJQMNWO,2007,8.45,3.910069,21.5053795,36.72674651,1.138528975,17.88022105,0.18,3.074028231,45.8,8e,8,ENG,Hampshire,Westerly lowlands (England),Moderadamente Alcalino,7
QERSLS,LIOKPHXTTU,2007,5.24,8.037009,44.2035495,51.37966886,0.77489507,27.24737492,0.41,4.765604679,21.8,8e,8,ENG,Hampshire,Westerly lowlands (England),Moderadamente Ácido,3
QERSLS,VRZITDQKQL,2007,7.52,8.656891,47.6129005,63.01039779,0.882259459,28.735615,0.41,5.425895676,14.9,8e,8,ENG,Hampshire,Westerly lowlands (England),Levemenete Alcalino,6
QEYKPU,ASPFMEXNSU,2007,4.15,23.17931,127.486205,120.4415435,0.62982785,53.21215832,,,,17w2,18,WAL,Powys,Uplands (Wales),Fuertemenete Ácido,2
QEYKPU,UJNYHGAMJD,2007,5.05,21.83646,120.10053,110.5228706,0.613501987,52.01357247,,,,17w2,18,WAL,Powys,Uplands (Wales),Moderadamente Ácido,3
QEYKPU,XEJMJWBNNO,2007,4.34,40.25111,221.381105,112.2753623,0.338105827,66.15805781,,,,17w2,18,WAL,Powys,Uplands (Wales),Fuertemenete Ácido,2
QFVTHZ,CUOTIUCEFI,2007,4.37,88.62860689,487.4573379,46.98868489,0.064263654,93.70002708,,,35,29s,37,SCO,Highland,Intermediate uplands and Islands (Scotland),Fuertemenete Ácido,2
QFVTHZ,TDFXWXWVOD,2007,5.25,20.41061221,112.2583671,66.56568081,0.395312364,60.91005968,0.58,3.43921757,6.59,29s,37,SCO,Highland,Intermediate uplands and Islands (Scotland),Moderadamente Ácido,3
QFVTHZ,WSRICCVCMN,2007,5.51,86.37350072,475.054254,51.97288668,0.072936072,92.70790354,2.77,3.030493778,,29s,37,SCO,Highland,Intermediate uplands and Islands (Scotland),Moderadamente Ácido,3
QFVTHZ,XJWHPPWLZU,2007,5.97,38.39113787,211.1512583,53.92803911,0.170266691,81.22615664,1.01,2.579540371,8.82,29s,37,SCO,Highland,Intermediate uplands and Islands (Scotland),Moderadamente Ácido,3
QFVTHZ,YOTMQRHGMM,2007,5.82,70.64195,388.530725,27.28292021,0.046813836,92.16417818,1.74,1.221841109,,29s,37,SCO,Highland,Intermediate uplands and Islands (Scotland),Moderadamente Ácido,3
QHDWPL,ARVKCHGEIB,2007,4.19,11.09285,61.010675,71.59392301,0.782310342,39.27649648,0.31,3.637743089,3.72,22e,22,ENG,Cumbria,Uplands (England),Fuertemenete Ácido,2
QHDWPL,DBLVELSWCH,2007,5.87,15.30024,84.15132,85.35918151,0.676235631,48.00551245,0.73,7.404780163,33.8,22e,22,ENG,Cumbria,Uplands (England),Moderadamente Ácido,3
QHDWPL,DBPZPMKIZS,2007,4.53,12.27254,67.49897,72.53419306,0.716398024,42.10923758,0.37,3.976009031,5.32,22e,22,ENG,Cumbria,Uplands (England),Fuertemenete Ácido,2
QHDWPL,OIVPEWSXBS,2007,5.31,21.93968,120.66824,126.1113528,0.696738721,45.72314892,0.82,8.569886267,5.51,22e,22,ENG,Cumbria,Uplands (England),Moderadamente Ácido,3
QHDWPL,WLADBFDGEL,2007,5.89,13.64966,75.07313,69.79529008,0.619798234,54.68152329,0.74,6.879760396,13.2,22e,22,ENG,Cumbria,Uplands (England),Moderadamente Ácido,3
QIYHKC,MJRXBYZAUL,2007,5.9,3.269209,17.9806495,31.99627846,1.18632268,23.96294996,,,,10e,10,ENG,North Yorkshire,Westerly lowlands (England),Moderadamente Ácido,3
QIYHKC,UFKCVJXTME,2007,6.3,8.015567,44.0856185,,,,,,,10e,10,ENG,North Yorkshire,Westerly lowlands (England),Levemenete Ácido,4
QIYHKC,XAMQOHGHWV,2007,5.92,6.295019,34.6226045,50.53940944,0.973148615,24.35448516,,,,10e,10,ENG,North Yorkshire,Westerly lowlands (England),Moderadamente Ácido,3
QIYHKC,ZAKHEQFFNI,2007,6.38,9.288722,51.087971,86.81311895,1.132857921,28.0091153,,,,10e,10,ENG,North Yorkshire,Westerly lowlands (England),Levemenete Ácido,4
QIYHKC,ZCGZYWGZGJ,2007,5.62,8.547977,47.0138735,71.00277125,1.006834309,32.94918085,,,,10e,10,ENG,North Yorkshire,Westerly lowlands (England),Moderadamente Ácido,3
QNUBNN,DVFIQESRMY,2007,4.72,83.36964,458.53302,63.09391761,0.091733005,90.54261229,,,11,21s,29,SCO,Highland,True uplands (Scotland),Fuertemenete Ácido,2
QNUBNN,HFKVWXPPXZ,2007,4.36,96.05928,528.32604,44.80267528,0.056534125,93.34406918,,,40,21s,29,SCO,Highland,True uplands (Scotland),Fuertemenete Ácido,2
QNUBNN,HUNAZLJLCO,2007,4.31,96.95354,533.24447,47.42720784,0.059293889,92.54877115,,,157,21s,29,SCO,Highland,True uplands (Scotland),Fuertemenete Ácido,2
QNUBNN,HXXRXORPDO,2007,4.5,83.32516,458.28838,85.76562105,0.124762231,86.63987685,,,14,21s,29,SCO,Highland,True uplands (Scotland),Fuertemenete Ácido,2
QNUBNN,RXJMHTBIXD,2007,4.76,92.47274,508.60007,100.0373339,0.131127697,87.63580399,,,11,21s,29,SCO,Highland,True uplands (Scotland),Fuertemenete Ácido,2
QOZLLL,ATUJCWYBBD,2007,3.91,94.1198,517.6589,117.9426276,0.151892334,83.97874032,1.91,4.351715361,53,23s,31,SCO,Angus,True uplands (Scotland),Extremadamente Ácido,1
QOZLLL,DSHIGYURXM,2007,3.91,13.07092,71.89006,66.33347823,0.615138154,49.41685075,0.37,3.414016756,4,23s,31,SCO,Angus,True uplands (Scotland),Extremadamente Ácido,1
QOZLLL,FVLJFDKDWR,2007,4.12,47.79758,262.88669,99.64436743,0.252692817,72.00489875,1.56,5.913011921,26,23s,31,SCO,Angus,True uplands (Scotland),Fuertemenete Ácido,2
QOZLLL,FYKVEDEFWV,2007,3.7,91.3591,502.47505,94.93772745,0.125960121,85.21823827,2.27,4.288942134,,23s,31,SCO,Angus,True uplands (Scotland),Extremadamente Ácido,1
QOZLLL,JEHSUAAFBY,2007,4.35,6.158964,33.874302,37.13595471,0.730857957,34.76635792,0.12,1.315544322,4,23s,31,SCO,Angus,True uplands (Scotland),Fuertemenete Ácido,2
QPNACB,BDQKMVIRLU,2007,8.02,6.940257,38.1714135,54.07144728,0.944361977,29.03981416,0.45,6.374443346,104,10e,10,ENG,Shropshire,Westerly lowlands (England),Moderadamente Alcalino,7
QPNACB,CMAUCCJDVL,2007,6.66,3.725586,20.490723,35.73270228,1.162565202,26.51681359,0.22,3.836465166,22,10e,10,ENG,Shropshire,Westerly lowlands (England),Neutro,5
QPNACB,IFFQBTPVQD,2007,6.54,5.468807,30.0784385,40.06259042,0.887958117,20.55439072,0.27,3.596230374,18,10e,10,ENG,Shropshire,Westerly lowlands (England),Neutro,5
QPNACB,JPNHBUZUFN,2007,7.69,3.510616,19.308388,25.52183742,0.881200351,23.36443118,0.23,3.040141211,63,10e,10,ENG,Shropshire,Westerly lowlands (England),Levemenete Alcalino,6
QQXUFX,EMODCSYQGW,2007,6.11,7.645861,42.0522355,64.85370545,1.028145189,31.0986537,0.39,6.014649358,7.13,17w1,17,WAL,Powys,Uplands (Wales),Levemenete Ácido,4
QQXUFX,FUKLNJGKRD,2007,6.4,10.05249,55.288695,63.90746633,0.770591123,35.23626989,0.54,6.241788094,46,17w1,17,WAL,Powys,Uplands (Wales),Levemenete Ácido,4
QQXUFX,UOGLCPGFLW,2007,6.41,12.42468,68.33574,80.91895268,0.789425394,43.89336552,0.6,7.104828543,19.4,17w1,17,WAL,Powys,Uplands (Wales),Levemenete Ácido,4
QQYDJR,CZGZCIEAQW,2007,4.7,23.44884,128.96862,94.88789824,0.490496051,52.25809977,0.96,7.063143136,33,27s,35,SCO,Dumfries & Galloway,Lowlands (Scotland),Fuertemenete Ácido,2
QQYDJR,PHWPDORNVM,2007,4.02,95.96193,527.790615,73.38984459,0.092700707,90.91270075,1.82,2.530729296,,27s,35,SCO,Dumfries & Galloway,Lowlands (Scotland),Fuertemenete Ácido,2
QQYDJR,PSZAPYZGIX,2007,3.91,95.00896,522.54928,53.4574978,0.068200901,93.89678148,0.29,0.296673921,,27s,35,SCO,Dumfries & Galloway,Lowlands (Scotland),Extremadamente Ácido,1
QQYDJR,WWGSJZJJSO,2007,3.73,71.6971,394.33405,88.64089563,0.149857539,80.77378921,2.02,4.540683443,17,27s,35,SCO,Dumfries & Galloway,Lowlands (Scotland),Extremadamente Ácido,1
QQYDJR,WYXTYVDDYI,2007,4.41,96.35765,529.967075,34.29937595,0.043146549,95.88321407,1.21,0.783109873,26,27s,35,SCO,Dumfries & Galloway,Lowlands (Scotland),Fuertemenete Ácido,2
MDFNRP,OPKITBCGSE,2007,4.77,17.9661561,98.81385854,93.25923502,0.629191333,14.89929101,,,,17e,16,ENG,Shropshire,Uplands (England),Fuertemenete Ácido,2
MDFNRP,QEEQJMEDYP,2007,3.93,27.16001,149.380055,51.45186363,0.229623978,40.58536783,,,,17e,16,ENG,Shropshire,Uplands (England),Extremadamente Ácido,1
MDFNRP,VYJUFOKIVR,2007,4.19,30.30146558,166.6580607,107.876933,0.431530014,47.27497168,,,,17e,16,ENG,Shropshire,Uplands (England),Fuertemenete Ácido,2
MDFNRP,XRTIWJMWDB,2007,4.78,26.271834,144.495087,119.6140019,0.551871137,33.96268102,,,,17e,16,ENG,Shropshire,Uplands (England),Fuertemenete Ácido,2
MENREM,ERNTRASDBH,2007,4.82,51.56222,283.59221,130.5831089,0.306973897,69.69144867,1.45,6.676682265,18,7s,25,SCO,North Ayrshire,Lowlands (Scotland),Fuertemenete Ácido,2
MENREM,JUKYKAHPZV,2007,5.25,9.546825,52.5075375,49.35230025,0.626605913,44.47488461,0.35,3.289681045,6,7s,25,SCO,North Ayrshire,Lowlands (Scotland),Moderadamente Ácido,3
MENREM,ONRPVZEIGC,2007,5.6,12.01666,66.09163,47.87747886,0.482940415,34.8664407,0.53,3.839376301,28,7s,25,SCO,North Ayrshire,Lowlands (Scotland),Moderadamente Ácido,3
MENREM,RNHDFLMJKH,2007,5.58,24.42896,134.35928,39.52026675,0.196092481,80.80059429,0.92,2.706076232,19,7s,25,SCO,North Ayrshire,Lowlands (Scotland),Moderadamente Ácido,3
MENREM,TZEISNBALL,2007,4.28,10.23526,56.29393,62.27699632,0.737521746,31.17671189,0.4,4.425130477,7,7s,25,SCO,North Ayrshire,Lowlands (Scotland),Fuertemenete Ácido,2
MEYBKX,BYPUWMUQOL,2007,5,19.85789,109.218395,78.56300512,0.479546845,49.56265271,,,,25s,33,SCO,East Renfrewshire,Lowlands (Scotland),Moderadamente Ácido,3
MEYBKX,JCFRGPBQVO,2007,5.16,21.18105,116.495775,103.651844,0.593165111,53.21025226,,,,25s,33,SCO,East Renfrewshire,Lowlands (Scotland),Moderadamente Ácido,3
MEYBKX,TJFHNQQRRH,2007,5.13,27.08167,148.949185,94.96836964,0.425059368,53.85010857,,,,25s,33,SCO,East Renfrewshire,Lowlands (Scotland),Moderadamente Ácido,3
MEYBKX,UQAOQDLQUA,2007,5.5,17.57624,96.66932,98.09470469,0.676496636,45.67325243,,,,25s,33,SCO,East Renfrewshire,Lowlands (Scotland),Moderadamente Ácido,3
MEYBKX,XPNMWTEBAV,2007,5.7,37.19254,204.55897,134.0864148,0.436993514,48.41653231,,,,25s,33,SCO,East Renfrewshire,Lowlands (Scotland),Moderadamente Ácido,3
MFKQWC,IREBPHOJPV,2007,4.4,49.91648,274.54064,192.2864759,0.466928991,60.76853816,1.61,11.27633512,37.2,17w3,19,WAL,Dyfed,Uplands (Wales),Fuertemenete Ácido,2
MFKQWC,OVICCGXDGB,2007,4.35,55.22499,303.737445,113.8495933,0.249885979,73.32882843,2.1,7.871408344,16.4,17w3,19,WAL,Dyfed,Uplands (Wales),Fuertemenete Ácido,2
MFKQWC,TYSUZXYUCI,2007,4.93,46.63296,256.48128,56.40884722,0.14662239,85.89476908,1.68,3.694884217,8,17w3,19,WAL,Dyfed,Uplands (Wales),Fuertemenete Ácido,2
MFKQWC,VORYEHQBJS,2007,6.24,37.7716,207.7438,66.51004521,0.213436118,80.24313751,1.21,3.873865535,10.1,17w3,19,WAL,Dyfed,Uplands (Wales),Levemenete Ácido,4
MFKQWC,WPFJOKMXOW,2007,4.3,70.40937,387.251535,103.0102091,0.177335573,82.38995954,2.26,6.011675915,30,17w3,19,WAL,Dyfed,Uplands (Wales),Fuertemenete Ácido,2
MGCMFH,IFBZGJCRZK,2007,8.38,3.29076236,18.09919298,45.69082095,1.682978204,14.21444413,,,,3e,3,ENG,Suffolk,Easterly lowlands (England),Moderadamente Alcalino,7
MGCMFH,RSTMZTNKDL,2007,8.6,3.563744586,19.60059522,38.52273596,1.310257351,14.15246195,,,,3e,3,ENG,Suffolk,Easterly lowlands (England),Moderadamente Alcalino,7
MGCMFH,SUIZYXNIFU,2007,6.07,5.506324401,30.2847842,57.99957624,1.276759441,23.59926233,,,,3e,3,ENG,Suffolk,Easterly lowlands (England),Levemenete Ácido,4
MGCMFH,TVQELZPGJT,2007,7.86,2.855047617,15.70276189,34.89574155,1.481511842,13.71060543,,,,3e,3,ENG,Suffolk,Easterly lowlands (England),Levemenete Alcalino,6
MGWQSP,EWYBOORVKX,2007,5.78,11.29837,62.141035,74.12872619,0.795274021,41.90482355,0.59,7.038175089,32,17w1,17,WAL,Gwynedd,Uplands (Wales),Moderadamente Ácido,3
MGWQSP,HOBOANPRFP,2007,5.75,12.84976,70.67368,73.399043,0.692375087,45.63137634,0.65,6.750657098,12.7,17w1,17,WAL,Gwynedd,Uplands (Wales),Moderadamente Ácido,3
MGWQSP,KXVIDYYMWA,2007,6.24,10.07899,55.434445,72.09762628,0.867061701,35.04129507,0.53,6.893140524,7.31,17w1,17,WAL,Gwynedd,Uplands (Wales),Levemenete Ácido,4
MGWQSP,ZFBOCHROIE,2007,5.64,12.31509,67.732995,77.77440637,0.765499949,44.78513601,0.63,7.233974522,17.4,17w1,17,WAL,Gwynedd,Uplands (Wales),Moderadamente Ácido,3
MIINDP,ANUJZBGQBQ,2007,5.93,7.777993,42.7789615,66.9306117,1.043045605,32.03092469,,,,19e,21,ENG,North Yorkshire,Uplands (England),Moderadamente Ácido,3
MIINDP,ARABQGGACK,2007,3.97,22.5997,124.29835,107.178962,0.574847867,43.52330908,,,,19e,21,ENG,North Yorkshire,Uplands (England),Extremadamente Ácido,1
MIINDP,FVZNKVHVXJ,2007,5.95,10.04788,55.26334,84.46265755,1.018911241,33.60365539,,,,19e,21,ENG,North Yorkshire,Uplands (England),Moderadamente Ácido,3
MIINDP,KTRXVKLSLQ,2007,4.88,42.09432,231.51876,162.4288833,0.467719861,61.98074569,,,,19e,21,ENG,North Yorkshire,Uplands (England),Fuertemenete Ácido,2
MIINDP,UKKWITDLII,2007,3.94,40.58386,223.21123,118.1288058,0.352816197,62.79102731,,,,19e,21,ENG,North Yorkshire,Uplands (England),Extremadamente Ácido,1
MJIHQZ,CCNTZWUTZG,2007,5.65,8.425432,46.339876,78.25804728,1.125856088,23.50950638,0.44,7.430650182,55.9,25e,24,ENG,Northumberland,Easterly lowlands (England),Moderadamente Ácido,3
MJIHQZ,IFCVPDKMAX,2007,6.73,4.9106,27.0083,56.84945866,1.403258965,17.65922193,0.35,7.367109567,14.3,25e,24,ENG,Northumberland,Easterly lowlands (England),Neutro,5
MJNWTN,IYHZAEBOVZ,2007,6.45,4.822648,26.524564,47.57379084,1.195716565,25.85378886,0.29,5.201367059,15.1,6e,6,ENG,Devon,Westerly lowlands (England),Levemenete Ácido,4
MJNWTN,KSOTDAUXQZ,2007,5.77,6.059147,33.3253085,54.1564579,1.083389979,24.9731674,0.4,6.500339872,16.1,6e,6,ENG,Devon,Westerly lowlands (England),Moderadamente Ácido,3
MJNWTN,SPZZGBLBAC,2007,5.42,5.874965,32.3123075,59.97803247,1.237465167,26.44369752,0.33,6.125452575,23.6,6e,6,ENG,Devon,Westerly lowlands (England),Moderadamente Ácido,3
MJNWTN,VOJGCVUZOF,2007,6.55,7.934361,43.6389855,62.03987543,0.947774484,29.72835628,,,,6e,6,ENG,Devon,Westerly lowlands (England),Neutro,5
MJSKRM,BZGPTAEXHJ,2007,6.51,8.488147,46.6848085,65.40821593,0.934039973,21.29851084,,,,3e,3,ENG,Kent,Easterly lowlands (England),Neutro,5
MJSKRM,GFUFKQFDID,2007,5.57,4.408961,24.2492855,38.79340393,1.066516755,23.88355978,,,,3e,3,ENG,Kent,Easterly lowlands (England),Moderadamente Ácido,3
MJSKRM,JCJPAWNKAM,2007,7.39,4.149446,22.821953,45.93811366,1.341927621,23.26367878,,,,3e,3,ENG,Kent,Easterly lowlands (England),Neutro,5
MJSKRM,QJQYCJGZLC,2007,6.66,6.710337,36.9068535,67.83165561,1.225276594,20.16942239,,,,3e,3,ENG,Kent,Easterly lowlands (England),Neutro,5
MJSKRM,TFLLCNTUVF,2007,5.98,7.225866,39.742263,63.71419094,1.06878985,21.51346051,,,,3e,3,ENG,Kent,Easterly lowlands (England),Moderadamente Ácido,3
MNGVAE,CNUSQUDHZZ,2007,3.64,95.53358,525.43469,46.01350691,0.058381511,93.39858817,,,,22e,22,ENG,North Yorkshire,Uplands (England),Extremadamente Ácido,1
MNGVAE,NTIJUJSUTO,2007,3.8,76.04034,418.22187,167.0876683,0.266346135,74.82241825,,,,22e,22,ENG,North Yorkshire,Uplands (England),Extremadamente Ácido,1
MNGVAE,QZQVFYGVPB,2007,3.61,85.88605,472.373275,109.0209618,0.153862729,79.62794946,,,,22e,22,ENG,North Yorkshire,Uplands (England),Extremadamente Ácido,1
MNGVAE,YPHBHDGIKG,2007,3.8,49.65865,273.122575,115.1739058,0.281128734,67.06016722,,,,22e,22,ENG,North Yorkshire,Uplands (England),Extremadamente Ácido,1
MNNPBO,DCBLRFAOKY,2007,5.8,8.499985,46.7499175,47.68348327,0.679979571,24.53544752,0.34,3.467895812,62.8,27s,35,SCO,Dumfries & Galloway,Lowlands (Scotland),Moderadamente Ácido,3
MNNPBO,HDSULEMUFR,2007,6.44,11.19729,61.585095,73.28512857,0.793321052,34.1632977,0.61,7.25888763,45.7,27s,35,SCO,Dumfries & Galloway,Lowlands (Scotland),Levemenete Ácido,4
MNNPBO,TKDEQOBXOP,2007,5.7,11.21796,61.69878,74.3074084,0.802905216,31.89133671,0.42,5.058302859,56.1,27s,35,SCO,Dumfries & Galloway,Lowlands (Scotland),Moderadamente Ácido,3
MOJFPS,CWHKZKQXNP,2007,6.16,4.641478773,25.52813325,50.12984885,1.309139956,25.48224554,,,,5w,41,WAL,Clwyd,Lowlands (Wales),Levemenete Ácido,4
MOJFPS,ELJYOTBJCV,2007,5.63,6.871868289,37.79527559,64.84618315,1.143814619,29.83796188,,,,5w,41,WAL,Clwyd,Lowlands (Wales),Moderadamente Ácido,3
MOJFPS,SBJIPSSKBY,2007,6.23,8.607830951,47.34307023,70.93096702,0.998822238,35.02371234,,,,5w,41,WAL,Clwyd,Lowlands (Wales),Levemenete Ácido,4
MOJFPS,TUOKEMOKBF,2007,6.08,9.07122977,49.89176374,85.67537055,1.144816487,30.0614873,,,,5w,41,WAL,Clwyd,Lowlands (Wales),Levemenete Ácido,4
MPESMQ,BDHVWCWUYX,2007,5.5,9.086205,49.9741275,66.58117723,0.888208633,17.48950338,,,,10e,10,ENG,South Yorkshire,Westerly lowlands (England),Moderadamente Ácido,3
MPESMQ,CJSQEDLGED,2007,5.79,8.365563,46.0105965,56.44779182,0.81789553,38.68163342,,,,10e,10,ENG,South Yorkshire,Westerly lowlands (England),Moderadamente Ácido,3
MPESMQ,FFMUUQULSP,2007,6.46,4.307742,23.692581,43.15673987,1.214353131,20.25695962,,,,10e,10,ENG,South Yorkshire,Westerly lowlands (England),Levemenete Ácido,4
MPESMQ,HIJJFTFXBO,2007,7.57,5.84061,32.123355,58.36212809,1.211208648,20.60970442,,,,10e,10,ENG,South Yorkshire,Westerly lowlands (England),Levemenete Alcalino,6
MPESMQ,IZEROYZQNZ,2007,5.43,9.1677,50.42235,75.91205205,1.003682587,18.26743637,,,,10e,10,ENG,South Yorkshire,Westerly lowlands (England),Moderadamente Ácido,3
MPVOVJ,AWVKDURSTU,2007,3.85,59.03767,324.707185,99.13521861,0.203537676,79.94857282,1.58,4.823842916,33,23s,31,SCO,Scottish Borders,True uplands (Scotland),Extremadamente Ácido,1
MPVOVJ,GQGLXFVFAO,2007,4.35,26.6823,146.75265,71.12135303,0.323089466,71.12138868,0.87,4.216317534,19,23s,31,SCO,Scottish Borders,True uplands (Scotland),Fuertemenete Ácido,2
MPVOVJ,QCINLIVTGE,2007,4.13,28.55084,157.02962,94.75538679,0.402282435,64.81540455,1.09,6.577317808,13,23s,31,SCO,Scottish Borders,True uplands (Scotland),Fuertemenete Ácido,2
MPVOVJ,VUFCLBHAUV,2007,4.03,14.6977,80.83735,68.64148847,0.56608724,50.98705188,0.45,3.821088867,9,23s,31,SCO,Scottish Borders,True uplands (Scotland),Fuertemenete Ácido,2
MPVOVJ,ZOEDJLXQEN,2007,4.04,93.69906,515.34483,76.140832,0.098498232,89.68634315,2.02,2.984496432,118,23s,31,SCO,Scottish Borders,True uplands (Scotland),Fuertemenete Ácido,2
MRCWBN,JOIZWXHUGG,2007,4.3,15.64835,86.065925,62.99753834,0.48797894,47.45063176,,,,19s,28,SCO,East Lothian,Intermediate uplands and Islands (Scotland),Fuertemenete Ácido,2
MRCWBN,LZIPAHMDJZ,2007,4.38,44.92234,247.07287,61.32242266,0.165463797,79.41154726,,,,19s,28,SCO,East Lothian,Intermediate uplands and Islands (Scotland),Fuertemenete Ácido,2
MRCWBN,VNKIVEJOPW,2007,4.17,60.14378,330.79079,85.86014915,0.173040185,76.2934856,,,,19s,28,SCO,East Lothian,Intermediate uplands and Islands (Scotland),Fuertemenete Ácido,2
MRCWBN,VOAGUHGDAX,2007,3.84,81.98279,450.905345,116.9632207,0.17293093,81.11552636,,,,19s,28,SCO,East Lothian,Intermediate uplands and Islands (Scotland),Extremadamente Ácido,1
MRCWBN,YHQUIOWEFI,2007,4.62,12.87917,70.835435,69.7959802,0.656883853,47.5185292,,,,19s,28,SCO,East Lothian,Intermediate uplands and Islands (Scotland),Fuertemenete Ácido,2
MSRUTP,AQWOROPSQN,2007,4.83,57.50848,316.29664,99.951591,0.210670572,79.80201697,1.01,3.191659163,12,22s,30,SCO,Highland,True uplands (Scotland),Fuertemenete Ácido,2
MSRUTP,AUNVDIGQRN,2007,5.24,13.64001,75.020055,61.35563307,0.545237609,49.28535573,0.43,3.516782575,5,22s,30,SCO,Highland,True uplands (Scotland),Moderadamente Ácido,3
MSRUTP,NLUVQNRZVJ,2007,4.98,8.46848,46.57664,43.62164568,0.624370868,34.9126736,0.29,2.716013274,5,22s,30,SCO,Highland,True uplands (Scotland),Fuertemenete Ácido,2
MSRUTP,ZCCQLZOPVC,2007,6.13,24.16076,132.88418,112.8766333,0.566290802,50.84404705,0.72,6.11594066,15,22s,30,SCO,Highland,True uplands (Scotland),Levemenete Ácido,4
MSZMWM,EDVNMLRVAR,2007,5.12,11.65531,64.104205,72.99927062,0.759172981,43.91889762,,,,17w2,18,WAL,Powys,Uplands (Wales),Moderadamente Ácido,3
MSZMWM,GGQFNTBSPC,2007,4.44,21.0081,115.54455,109.2712217,0.630470941,46.06497952,,,,17w2,18,WAL,Powys,Uplands (Wales),Fuertemenete Ácido,2
MSZMWM,KHAGOJCQDN,2007,5.95,9.330586,51.318223,68.7017588,0.892493346,38.70468695,,,,17w2,18,WAL,Powys,Uplands (Wales),Moderadamente Ácido,3
MSZMWM,LOHBYLNLGH,2007,4.36,36.43989,200.419395,89.58190279,0.297981483,67.21009861,,,,17w2,18,WAL,Powys,Uplands (Wales),Fuertemenete Ácido,2
MSZMWM,SGYIBSBJTW,2007,5.51,7.621052,41.915786,52.19410279,0.830142337,45.6974297,,,,17w2,18,WAL,Powys,Uplands (Wales),Moderadamente Ácido,3
MTBCBQ,QBUTBDPVQC,2007,5.37,11.97832,65.88076,82.9355867,0.839249443,41.4693413,,,,6w,42,WAL,Gwynedd,Lowlands (Wales),Moderadamente Ácido,3
MTBCBQ,QZEMWFIPGQ,2007,5.32,7.184245,39.5133475,69.13473882,1.166436883,26.33619804,,,,6w,42,WAL,Gwynedd,Lowlands (Wales),Moderadamente Ácido,3
MTBCBQ,RPVUORPDRN,2007,5.11,6.495785,35.7268175,56.60546129,1.056264645,20.75075412,,,,6w,42,WAL,Gwynedd,Lowlands (Wales),Moderadamente Ácido,3
MTBCBQ,TAVBSKOZPH,2007,4.54,14.24697,78.358335,86.64176327,0.737141435,33.3938264,,,,6w,42,WAL,Gwynedd,Lowlands (Wales),Fuertemenete Ácido,2
MTBCBQ,ZBHLICMOYZ,2007,5.4,26.41049,145.257695,108.5041817,0.497984779,47.29220685,,,,6w,42,WAL,Gwynedd,Lowlands (Wales),Moderadamente Ácido,3
MTFPSJ,UBAYTKESBO,2007,5.57,11.06387391,60.85130651,59.14831506,0.648009259,33.85735443,,,,6e,6,ENG,Devon,Westerly lowlands (England),Moderadamente Ácido,3
MTFPSJ,UCALPFLPHT,2007,5.77,15.45219638,84.9870801,63.24634288,0.496125159,59.84298933,,,,6e,6,ENG,Devon,Westerly lowlands (England),Moderadamente Ácido,3
MTFPSJ,UEVIBXNIAG,2007,5.67,11.96979102,65.83385061,77.08164698,0.780567507,33.44177047,,,,6e,6,ENG,Devon,Westerly lowlands (England),Moderadamente Ácido,3
MTFPSJ,XIJAEYHNWU,2007,3.96,9.715809993,53.43695496,50.94784506,0.635613127,35.40077291,,,,6e,6,ENG,Devon,Westerly lowlands (England),Extremadamente Ácido,1
MTHXEE,EAFQOLAHWK,2007,3.57,,,,,,,,,17w1,17,WAL,Clwyd,Uplands (Wales),Extremadamente Ácido,1
MTHXEE,FUHLSEUCWL,2007,5.06,14.2325534,78.27904368,47.91483336,0.408068632,46.17623382,,,,17w1,17,WAL,Clwyd,Uplands (Wales),Moderadamente Ácido,3
MTHXEE,SVFRWAUMXV,2007,3.72,65.52332745,360.378301,140.9337165,0.260714396,71.78865985,,,,17w1,17,WAL,Clwyd,Uplands (Wales),Extremadamente Ácido,1
MTHXEE,UJPBVOZQSK,2007,4.19,,,,,,,,,17w1,17,WAL,Clwyd,Uplands (Wales),Fuertemenete Ácido,2
MTHXEE,ZPVKGBKCPB,2007,3.81,80.34451684,441.8948426,116.5241676,0.175794716,76.29962427,,,,17w1,17,WAL,Clwyd,Uplands (Wales),Extremadamente Ácido,1
MUABHA,BVHSYAJMJE,2007,5.86,8.292821,45.6105155,69.13903985,1.010571635,33.26627555,,,,6w,42,WAL,South Glamorgan,Lowlands (Wales),Moderadamente Ácido,3
MUABHA,BVVGDUYKIB,2007,5.74,10.35291,56.941005,71.73927171,0.839925132,36.96496316,,,,6w,42,WAL,South Glamorgan,Lowlands (Wales),Moderadamente Ácido,3
MUABHA,YRJIDHUCYJ,2007,7.28,5.798434,31.891387,58.45045452,1.221865003,26.46042243,,,,6w,42,WAL,South Glamorgan,Lowlands (Wales),Neutro,5
MWWCVA,DEGHCXTGXO,2007,5.19,56.74109,312.075995,105.8591943,0.226139778,76.2325419,,,,18s,27,SCO,Argyll & Bute,Intermediate uplands and Islands (Scotland),Moderadamente Ácido,3
MWWCVA,JEHJBEROEW,2007,4.64,89.48331,492.158205,43.17817583,0.058488206,93.36841608,,,,18s,27,SCO,Argyll & Bute,Intermediate uplands and Islands (Scotland),Fuertemenete Ácido,2
MWWCVA,LSSKVUWPZD,2007,4.99,68.90613,378.983715,93.14945634,0.163858327,83.03338322,,,,18s,27,SCO,Argyll & Bute,Intermediate uplands and Islands (Scotland),Fuertemenete Ácido,2
MWWCVA,NRDGYCIHBE,2007,4.66,92.17029,506.936595,67.17527973,0.088341462,94.60640118,,,,18s,27,SCO,Argyll & Bute,Intermediate uplands and Islands (Scotland),Fuertemenete Ácido,2
MWWCVA,QBOKUAIZZO,2007,3.8,80.97747,445.376085,72.03829897,0.107831413,89.80679645,,,,18s,27,SCO,Argyll & Bute,Intermediate uplands and Islands (Scotland),Extremadamente Ácido,1
MXGYRZ,PQTIOJIFHQ,2007,6.37,7.864137,43.2527535,76.16782843,1.173995831,29.4602158,,,,5w,41,WAL,Clwyd,Lowlands (Wales),Levemenete Ácido,4
MXGYRZ,RUAVDDHAZT,2007,6.51,8.94866,49.21763,76.32939079,1.033903106,32.12818763,,,,5w,41,WAL,Clwyd,Lowlands (Wales),Neutro,5
MXGYRZ,SJNWDLKTFO,2007,5.59,7.304812,40.176466,65.25541368,1.082813235,30.6099973,,,,5w,41,WAL,Clwyd,Lowlands (Wales),Moderadamente Ácido,3
MXGYRZ,YMCOBIKHMQ,2007,6.64,9.570653,52.6385915,82.17090112,1.040692754,36.59326363,,,,5w,41,WAL,Clwyd,Lowlands (Wales),Neutro,5
MZHCNF,AILEYQCLOD,2007,8.07,7.19435,39.568925,71.94559918,1.21215658,32.17885471,,,,5e,5,ENG,Wiltshire,Westerly lowlands (England),Moderadamente Alcalino,7
MZHCNF,JSWEUNVCKV,2007,8,6.46255,35.544025,60.47576989,1.134288532,33.41745006,,,,5e,5,ENG,Wiltshire,Westerly lowlands (England),Moderadamente Alcalino,7
MZHCNF,UMUAOHFKLK,2007,7.35,6.567935,36.1236425,68.86357048,1.270886428,26.65661787,,,,5e,5,ENG,Wiltshire,Westerly lowlands (England),Neutro,5
MZHCNF,XQXAFQLFGT,2007,7,12.98594,71.42267,62.53669599,0.583724057,45.19737155,,,,5e,5,ENG,Wiltshire,Westerly lowlands (England),Neutro,5
MZHVIH,HZIKFJPLCS,2007,8.38,6.940402,38.172211,81.17997824,1.41778493,25.25168427,,,,16e,15,ENG,East Riding of Yorkshire Unitary Authority,Westerly lowlands (England),Moderadamente Alcalino,7
MZHVIH,JTVPJYHFHO,2007,8.69,3.345806,18.401933,,,,,,,16e,15,ENG,East Riding of Yorkshire Unitary Authority,Westerly lowlands (England),Moderadamente Alcalino,7
MZHVIH,MNPPQMZIIY,2007,8.39,4.493874,24.716307,53.21013431,1.435223428,20.01238674,,,,16e,15,ENG,East Riding of Yorkshire Unitary Authority,Westerly lowlands (England),Moderadamente Alcalino,7
MZHVIH,SFBRZYRWOR,2007,8.53,5.842761,32.1351855,62.9497804,1.305936767,24.74005174,,,,16e,15,ENG,East Riding of Yorkshire Unitary Authority,Westerly lowlands (England),Moderadamente Alcalino,7
MZKVCB,QOFAIISQZF,2007,6.42,4.932018,27.126099,44.93397694,1.104323354,11.54568939,0.22,3.644267068,7.89,7e,7,ENG,Isle of Wight Unitary Authority,Westerly lowlands (England),Levemenete Ácido,4
MZKVCB,RUFBTSDWZU,2007,8.18,4.703063,25.8668465,59.65758332,1.537555891,22.64979619,0.23,5.304567824,14.2,7e,7,ENG,Isle of Wight Unitary Authority,Westerly lowlands (England),Moderadamente Alcalino,7
MZKVCB,TBZYBEMCTH,2007,6.71,34.28228,188.55254,,,35.86247854,1.36,,,7e,7,ENG,Isle of Wight Unitary Authority,Westerly lowlands (England),Neutro,5
MZWJCL,NYJEDSXWBR,2007,4.43,13.16034,72.38187,78.02036536,0.718599518,17.21807643,0.68,7.329715085,10,15w,44,WAL,Gwynedd,Lowlands (Wales),Fuertemenete Ácido,2
MZWJCL,QFVBNXRPFD,2007,5.44,12.48138,68.64759,66.88965183,0.649594563,48.4197888,0.59,5.748911882,5,15w,44,WAL,Gwynedd,Lowlands (Wales),Moderadamente Ácido,3
MZWJCL,RLPSCHBQVZ,2007,3.82,21.3838,117.6109,82.90411261,0.469934406,39.31707879,0.97,6.837545605,8,15w,44,WAL,Gwynedd,Lowlands (Wales),Extremadamente Ácido,1
NAMISZ,AORNXTOSLW,2007,5.21,20.18051,110.992805,106.1937977,0.637841932,47.09960541,0.86,8.228160919,4,29s,37,SCO,Argyll & Bute,Intermediate uplands and Islands (Scotland),Moderadamente Ácido,3
NAMISZ,BOLUYKDOFK,2007,5.82,23.7784,130.7812,118.5720491,0.604429633,42.79207972,0.93,8.431793381,7,29s,37,SCO,Argyll & Bute,Intermediate uplands and Islands (Scotland),Moderadamente Ácido,3
NAMISZ,CDKZJAVBIK,2007,4.77,52.5804,289.1922,142.136973,0.327664377,65.50379339,1.37,6.733502944,3,29s,37,SCO,Argyll & Bute,Intermediate uplands and Islands (Scotland),Fuertemenete Ácido,2
NAMISZ,LPXCGPHJNE,2007,5.28,70.46312,387.54716,93.98261744,0.161670849,75.67093735,2.6,6.305163102,46,29s,37,SCO,Argyll & Bute,Intermediate uplands and Islands (Scotland),Moderadamente Ácido,3
NAMISZ,NQHQPVBQYP,2007,5.37,40.40575,222.231625,76.156696,0.228460421,75.8689323,1.98,6.785274512,7,29s,37,SCO,Argyll & Bute,Intermediate uplands and Islands (Scotland),Moderadamente Ácido,3
NBXWRU,HMJPCMCTAB,2007,6.12,10.00385,55.021175,84.74086619,1.026766709,30.06499501,0.51,7.854765326,35.7,10e,10,ENG,South Yorkshire,Westerly lowlands (England),Levemenete Ácido,4
NBXWRU,KNLKAAAJHO,2007,6.18,5.779758,31.788669,50.02685171,1.049154794,29.16922033,0.31,4.878569791,10.6,10e,10,ENG,South Yorkshire,Westerly lowlands (England),Levemenete Ácido,4
NBXWRU,RKKOWYAWAS,2007,6.44,9.247029,50.8586595,79.10498516,1.036925812,34.55164175,0.42,6.532632613,11.1,10e,10,ENG,South Yorkshire,Westerly lowlands (England),Levemenete Ácido,4
NBXWRU,SCNGLHOSTD,2007,6.68,9.748761,53.6181855,90.65719282,1.127194589,28.33230059,0.45,7.608563473,29.8,10e,10,ENG,South Yorkshire,Westerly lowlands (England),Neutro,5
NBXWRU,YNKROZMEFP,2007,6.97,11.26955,61.982525,91.89004557,0.988343576,34.13249508,0.51,7.560828353,30.2,10e,10,ENG,South Yorkshire,Westerly lowlands (England),Neutro,5
NDDDBT,DCZHWWNBUZ,2007,4.81,96.31503,529.732665,65.8538464,0.08287683,91.84577116,1.64,2.038770029,14,30s,38,SCO,Eilean Siar,Intermediate uplands and Islands (Scotland),Fuertemenete Ácido,2
NDDDBT,DHCXDFSRHF,2007,4.88,92.94084,511.17462,107.9666963,0.140808629,85.78075376,2.24,4.731169941,66,30s,38,SCO,Eilean Siar,Intermediate uplands and Islands (Scotland),Fuertemenete Ácido,2
NDDDBT,OBUUZQNCZS,2007,4.66,93.59373,514.765515,34.26312258,0.044373761,94.10172185,1.95,1.297932497,,30s,38,SCO,Eilean Siar,Intermediate uplands and Islands (Scotland),Fuertemenete Ácido,2
NDDDBT,RBIWSMSLZL,2007,4.96,96.14704,528.80872,50.82839716,0.064079121,91.0972262,1.18,1.134200447,71,30s,38,SCO,Eilean Siar,Intermediate uplands and Islands (Scotland),Fuertemenete Ácido,2
NDDDBT,RJJFJJAYEL,2007,4.8,94.81856,521.50208,79.23608603,0.101292132,91.87427036,1.48,2.248685323,29,30s,38,SCO,Eilean Siar,Intermediate uplands and Islands (Scotland),Fuertemenete Ácido,2
NDGZWZ,CDHERRQTIX,2007,4.39,17.0527,93.78985,87.95294627,0.625177431,28.63268787,,,,17w2,18,WAL,Powys,Uplands (Wales),Fuertemenete Ácido,2
NDGZWZ,FHCIWFRXMP,2007,5.32,16.31321,89.722655,67.38466607,0.500688602,48.46680431,,,,17w2,18,WAL,Powys,Uplands (Wales),Moderadamente Ácido,3
NDGZWZ,LEDPTNTRTR,2007,4.06,79.06393,434.851615,183.9346369,0.281988354,72.55548219,,,,17w2,18,WAL,Powys,Uplands (Wales),Fuertemenete Ácido,2
NDGZWZ,NKGWEZVYEH,2007,4.85,12.73898,70.06439,68.02104076,0.647224082,37.52419716,,,,17w2,18,WAL,Powys,Uplands (Wales),Fuertemenete Ácido,2
NDGZWZ,SRMXKKHCPZ,2007,6.92,25.75711,141.664105,20.33716002,0.095706013,41.98678496,,,,17w2,18,WAL,Powys,Uplands (Wales),Neutro,5
NERQMG,CDBUGVXOLV,2007,3.91,36.49862,200.74241,125.1305039,0.415559104,53.42884201,,,,17w3,19,WAL,Clwyd,Uplands (Wales),Extremadamente Ácido,1
NERQMG,IWDSOHMUTX,2007,5.76,12.66904,69.67972,71.41463794,0.683265642,35.65906979,,,,17w3,19,WAL,Clwyd,Uplands (Wales),Moderadamente Ácido,3
NERQMG,QHAJDCBXTB,2007,4.13,43.45194,238.98567,124.0446693,0.346030982,56.13993836,,,,17w3,19,WAL,Clwyd,Uplands (Wales),Fuertemenete Ácido,2
NERQMG,RZDVIMQGXZ,2007,4.1,15.19351,83.564305,72.34579528,0.577166653,27.53506025,,,,17w3,19,WAL,Clwyd,Uplands (Wales),Fuertemenete Ácido,2
NERQMG,VEAVWTQKDX,2007,5.54,16.48266,90.65463,73.55687885,0.540931216,30.66939596,,,,17w3,19,WAL,Clwyd,Uplands (Wales),Moderadamente Ácido,3
NFQGQH,AGVODDZNNR,2007,7.21,24.13197,132.725835,109.335617,0.549180281,56.09289428,0.87,7.166802663,10.6,9e,9,ENG,North Yorkshire,Easterly lowlands (England),Neutro,5
NFQGQH,NSEOZDUNAQ,2007,3.96,43.04589,236.752395,65.38036407,0.184103351,61.04330338,,,73,9e,9,ENG,North Yorkshire,Easterly lowlands (England),Extremadamente Ácido,1
NFQGQH,QAXHJTXYDW,2007,3.46,43.94452,241.69486,69.45913742,0.191589062,55.06680073,1.08,3.103742811,33.2,9e,9,ENG,North Yorkshire,Easterly lowlands (England),Extremadamente Ácido,1
NFQGQH,USTLMJKHUS,2007,6.8,7.717441,42.4459255,75.53926144,1.186439147,24.35837101,0.35,6.22880552,8.67,9e,9,ENG,North Yorkshire,Easterly lowlands (England),Neutro,5
NFQGQH,ZHNFYCVHDM,2007,7.7,6.74423,37.093265,71.29935316,1.281442928,25.43976815,0.3,5.766493175,26.3,9e,9,ENG,North Yorkshire,Easterly lowlands (England),Levemenete Alcalino,6
NGQBRD,NMYTNFQFCA,2007,4.4,94.73772,521.05746,84.71386929,0.108387111,88.52608855,,,,32s,40,SCO,Shetland Islands,Intermediate uplands and Islands (Scotland),Fuertemenete Ácido,2
NGQBRD,TSDQMHLEVI,2007,4.94,68.66737,377.670535,105.634843,0.186467363,83.1745445,,,,32s,40,SCO,Shetland Islands,Intermediate uplands and Islands (Scotland),Fuertemenete Ácido,2
NGQBRD,XDQOTUFQRT,2007,4.48,93.2058,512.6319,95.87811924,0.124687414,85.6935926,,,,32s,40,SCO,Shetland Islands,Intermediate uplands and Islands (Scotland),Fuertemenete Ácido,2
NGRWGX,CLWUMEVFFN,2007,4.76,16.67048,91.68764,110.9636334,0.806823642,42.68551122,0.18,2.178423832,5.63,31s,39,SCO,Orkney Islands,Intermediate uplands and Islands (Scotland),Fuertemenete Ácido,2
NGRWGX,GUTHMSNHIB,2007,5.43,17.74561,97.600855,113.6612329,0.77636774,41.16925228,0.48,5.589847729,58.4,31s,39,SCO,Orkney Islands,Intermediate uplands and Islands (Scotland),Moderadamente Ácido,3
NGRWGX,HBEKNAOAUP,2007,4.81,12.21465,67.180575,93.89520943,0.931769433,36.91342083,0.13,1.816950395,3.33,31s,39,SCO,Orkney Islands,Intermediate uplands and Islands (Scotland),Fuertemenete Ácido,2
NGRWGX,TKDLNOZEMA,2007,5.62,7.339955,40.3697525,63.17383616,1.043253628,25.64242032,0.19,2.973272841,37.6,31s,39,SCO,Orkney Islands,Intermediate uplands and Islands (Scotland),Moderadamente Ácido,3
NGRWGX,ZBEVPRRRCF,2007,4.82,9.368993,51.5294615,73.16134234,0.946530913,35.02135303,0.13,1.84573528,2.45,31s,39,SCO,Orkney Islands,Intermediate uplands and Islands (Scotland),Fuertemenete Ácido,2
NHJRMP,AKBZXRAOKG,2007,6.32,7.837816,43.107988,68.25303053,1.055535701,27.73831445,,,,10e,10,ENG,Northumberland,Westerly lowlands (England),Levemenete Ácido,4
NHJRMP,GWUJCFBMJU,2007,6.41,9.509618,52.302899,87.48433128,1.115098563,22.20499535,,,,10e,10,ENG,Northumberland,Westerly lowlands (England),Levemenete Ácido,4
NHJRMP,SYFDJKGIYA,2007,7.63,6.317312,34.745216,58.13517859,1.11545675,23.43600368,,,,10e,10,ENG,Northumberland,Westerly lowlands (England),Levemenete Alcalino,6
NHJRMP,XEENYIJRBH,2007,7.61,7.072484,38.898662,71.41682455,1.223980824,27.20424911,,,,10e,10,ENG,Northumberland,Westerly lowlands (England),Levemenete Alcalino,6
NHJRMP,YWOYYCMWUK,2007,7.48,7.38424,40.61332,70.39144964,1.155473945,23.56771978,,,,10e,10,ENG,Northumberland,Westerly lowlands (England),Neutro,5
NHOCBB,DIDNSZLRED,2007,4.71,74.39371,409.165405,101.2226841,0.164925452,82.72868852,1.97,4.873547108,6,24s,32,SCO,Argyll & Bute,True uplands (Scotland),Fuertemenete Ácido,2
NHOCBB,GJILALBOWI,2007,3.94,84.64194,465.53067,116.302635,0.166552055,84.01064195,2.39,5.970891189,5,24s,32,SCO,Argyll & Bute,True uplands (Scotland),Extremadamente Ácido,1
NHOCBB,RVEHQVUJVU,2007,4.77,56.58476,311.21618,110.4086277,0.236510042,78.24046615,1.85,6.563153668,8,24s,32,SCO,Argyll & Bute,True uplands (Scotland),Fuertemenete Ácido,2
NHQOBM,CXCZIJFDIC,2007,6.83,8.252663,45.3896465,77.76537262,1.142189591,21.88099084,0.42,7.19579442,6.81,9e,9,ENG,Leicestershire,Easterly lowlands (England),Neutro,5
NHQOBM,FCHFWTNQRX,2007,6.51,6.272283,34.4975565,59.21598235,1.14435124,17.6412898,0.33,5.66453864,5.55,9e,9,ENG,Leicestershire,Easterly lowlands (England),Neutro,5
NHQOBM,FUSFFEUSYV,2007,7.74,12.26491,67.457005,89.59031473,0.885406586,27.24022325,0.58,7.703037296,10.4,9e,9,ENG,Leicestershire,Easterly lowlands (England),Levemenete Alcalino,6
NHQOBM,JYEGIQJGFA,2007,7.86,9.58571,52.721405,70.27462352,0.888628613,20.15531825,0.45,5.998243139,191,9e,9,ENG,Leicestershire,Easterly lowlands (England),Levemenete Alcalino,6
NJXLXX,BFRQWPUUZW,2007,8.37,3.376848,18.572664,35.01834517,1.256985182,15.77003241,,,,8e,8,ENG,West Sussex,Westerly lowlands (England),Moderadamente Alcalino,7
NJXLXX,CMEJLHEDVC,2007,7.45,2.529316,13.911238,26.78761981,1.283740039,15.22417203,,,,8e,8,ENG,West Sussex,Westerly lowlands (England),Neutro,5
NJXLXX,DEJIVRSPRD,2007,6.06,6.161447,33.8879585,64.87225015,1.27621045,23.95217224,,,,8e,8,ENG,West Sussex,Westerly lowlands (England),Levemenete Ácido,4
NJXLXX,LXGDFGRYTC,2007,7.19,2.592083,14.2564565,29.79018665,1.393061763,18.10452403,,,,8e,8,ENG,West Sussex,Westerly lowlands (England),Neutro,5
NLQHFO,BTYXBLQAGB,2007,4.87,11.64766,64.06213,86.10843575,0.896092962,24.61782747,,,,17w2,18,WAL,Powys,Uplands (Wales),Fuertemenete Ácido,2
NLQHFO,BWNMRLNSMR,2007,5.68,7.664551,42.1550305,46.89692741,0.741658063,22.43130449,,,,17w2,18,WAL,Powys,Uplands (Wales),Moderadamente Ácido,3
NLQHFO,CDHGCWBYUC,2007,5.96,6.630357,36.4669635,58.63049721,1.0718468,27.84074144,,,,17w2,18,WAL,Powys,Uplands (Wales),Moderadamente Ácido,3
NLQHFO,ELNRBWMFGS,2007,3.82,18.82755,103.551525,82.47234401,0.530958503,38.51939426,,,,17w2,18,WAL,Powys,Uplands (Wales),Extremadamente Ácido,1
NLQHFO,KIRPRAMKLX,2007,4.18,12.99552,71.47536,91.41766455,0.852673001,30.22254231,,,,17w2,18,WAL,Powys,Uplands (Wales),Fuertemenete Ácido,2
NMWCSX,DPOGWBTYML,2007,7.95,4.906323,26.9847765,56.9021372,1.40578367,21.61987705,,,,3e,3,ENG,Hertfordshire,Easterly lowlands (England),Levemenete Alcalino,6
NMWCSX,FDHYPGCNBY,2007,8.5,5.785748,31.821614,64.44672072,1.350166603,25.30914014,,,,3e,3,ENG,Hertfordshire,Easterly lowlands (England),Moderadamente Alcalino,7
NMWCSX,LOLPJLZBFV,2007,8.14,12.99011,71.445605,84.4045252,0.787587752,36.90260217,,,,3e,3,ENG,Hertfordshire,Easterly lowlands (England),Moderadamente Alcalino,7
NMWCSX,WPEGWBFKIZ,2007,7.93,5.142736,28.285048,60.51649909,1.426348392,23.36596964,,,,3e,3,ENG,Hertfordshire,Easterly lowlands (England),Levemenete Alcalino,6
NNTSJE,PCUSAVLWUC,2007,7.88,3.523106,19.377083,56.73882447,1.952093769,19.24030404,,,,12e,12,ENG,Lincolnshire,Easterly lowlands (England),Levemenete Alcalino,6
NNTSJE,RINUOTTCUV,2007,5.95,7.861114,43.236127,67.87714011,1.046611477,23.36869299,,,,12e,12,ENG,Lincolnshire,Easterly lowlands (England),Moderadamente Ácido,3
NNTSJE,VGLEOHDESI,2007,8.19,4.520479,24.8626345,50.48956361,1.353827129,17.52492247,,,,12e,12,ENG,Lincolnshire,Easterly lowlands (England),Moderadamente Alcalino,7
NNTSJE,XCLCTTCCPQ,2007,6.16,6.217325,34.1952875,52.63444401,1.02615395,22.71003551,,,,12e,12,ENG,Lincolnshire,Easterly lowlands (England),Levemenete Ácido,4
NOFKFH,JHMKGHBBNL,2007,8.05,10.49151,57.703305,76.51381233,0.883991103,40.26203523,,,,1e,1,ENG,Somerset,Westerly lowlands (England),Moderadamente Alcalino,7
NOFKFH,RYMBCYLZCQ,2007,7.66,11.9301,65.61555,93.03389903,0.945242391,27.29165955,,,,1e,1,ENG,Somerset,Westerly lowlands (England),Levemenete Alcalino,6
NOFKFH,SBXKSSEYOO,2007,7.92,12.31382,67.72601,44.08416122,0.433946143,73.48941966,,,,1e,1,ENG,Somerset,Westerly lowlands (England),Levemenete Alcalino,6
NOFKFH,YTVAQAMLJX,2007,8.13,14.97229,82.347595,53.36439396,0.432025521,56.45736879,,,,1e,1,ENG,Somerset,Westerly lowlands (England),Moderadamente Alcalino,7
NPPRGB,OLYACPAXTW,2007,5.51,11.67391,64.206505,80.48664654,0.835706045,39.21681652,,,,6e,6,ENG,Devon,Westerly lowlands (England),Moderadamente Ácido,3
NPPRGB,PQJDQFTMPH,2007,5.98,7.206892,39.637906,58.99565356,0.992243024,34.51163122,,,,6e,6,ENG,Devon,Westerly lowlands (England),Moderadamente Ácido,3
NPPRGB,SQNDADTEIE,2007,5.3,8.310746,45.709103,64.66007502,0.943066345,36.81860741,,,,6e,6,ENG,Devon,Westerly lowlands (England),Moderadamente Ácido,3
NPPRGB,YSRLHFROOQ,2007,5.88,8.566473,47.1156015,68.02943056,0.962588872,35.54707442,,,,6e,6,ENG,Devon,Westerly lowlands (England),Moderadamente Ácido,3
NQYHWK,FWJZLJOYWV,2007,6.02,9.725266,53.488963,72.63336774,0.905275452,40.4948756,0.38,5.160070077,8.21,17e,16,ENG,West Yorkshire,Uplands (England),Levemenete Ácido,4
NQYHWK,IMMFSLFGVF,2007,4.18,27.29494,150.12217,76.01811448,0.337583336,58.35584265,0.83,4.202912536,5.55,17e,16,ENG,West Yorkshire,Uplands (England),Fuertemenete Ácido,2
NQYHWK,NDWVSKHUJS,2007,4.44,15.79417,86.867935,63.081253,0.484116132,62.58668641,0.57,4.139192926,5.44,17e,16,ENG,West Yorkshire,Uplands (England),Fuertemenete Ácido,2
NQYHWK,WYBTYOCNBL,2007,6.75,12.29494,67.62217,98.78580586,0.973899594,35.55044079,0.51,7.450331894,99.5,17e,16,ENG,West Yorkshire,Uplands (England),Neutro,5
NQYHWK,XLPUMQKQNU,2007,3.84,56.35274,309.94007,132.118817,0.284181427,65.87901783,1.44,6.138318821,12.8,17e,16,ENG,West Yorkshire,Uplands (England),Extremadamente Ácido,1
NRKWUV,ENWHDPDFRB,2007,5.76,9.219946,50.709703,69.56011309,0.914487879,32.09291398,,,,17w2,18,WAL,Mid Glamorgan,Uplands (Wales),Moderadamente Ácido,3
NRKWUV,FWXBIZNWXA,2007,7.69,7.863879,43.2513345,59.02683222,0.909826759,26.35876718,,,,17w2,18,WAL,Mid Glamorgan,Uplands (Wales),Levemenete Alcalino,6
NRKWUV,HAQEWFDWXW,2007,4.62,8.071927,44.3955985,59.21021116,0.889130352,34.0439565,,,,17w2,18,WAL,Mid Glamorgan,Uplands (Wales),Fuertemenete Ácido,2
NRKWUV,OQXWEWEGYA,2007,4.68,9.239765,50.8187075,67.94097354,0.891285603,30.87586709,,,,17w2,18,WAL,Mid Glamorgan,Uplands (Wales),Fuertemenete Ácido,2
NRKWUV,VLHPEVDRMD,2007,4.03,22.8507,125.67885,89.10845695,0.472678084,45.10744617,,,,17w2,18,WAL,Mid Glamorgan,Uplands (Wales),Fuertemenete Ácido,2
NUTHQC,AJQSAGFSVZ,2007,8.15,6.012548,33.069014,62.20693889,1.25408313,20.84240249,,,,2e,2,ENG,Hampshire,Easterly lowlands (England),Moderadamente Alcalino,7
NUTHQC,CWEKRJUMEL,2007,8.11,6.010623,33.0584265,46.99835131,0.947783592,24.90421094,,,,2e,2,ENG,Hampshire,Easterly lowlands (England),Moderadamente Alcalino,7
NUTHQC,HEADWIWVUZ,2007,8.13,5.97678,32.87229,56.63918047,1.148671226,23.03965121,,,,2e,2,ENG,Hampshire,Easterly lowlands (England),Moderadamente Alcalino,7
NUTHQC,WFUSMXITHM,2007,8.34,5.142149,28.2818195,44.5028427,1.049032995,31.31254753,,,,2e,2,ENG,Hampshire,Easterly lowlands (England),Moderadamente Alcalino,7
NYVXXI,OYZDFANWJZ,2007,7.8,6.913575,38.0246625,68.49925564,1.200961887,22.92587146,0.37,6.665338472,27.2,4e,4,ENG,Cambridgeshire,Easterly lowlands (England),Levemenete Alcalino,6
NYVXXI,RSKGFYVRNM,2007,8.36,3.221156,17.716358,41.15019589,1.548482139,18.95535564,0.17,3.948629454,24,4e,4,ENG,Cambridgeshire,Easterly lowlands (England),Moderadamente Alcalino,7
NYVXXI,XPBYQYCWGC,2007,7.85,6.179192,33.985556,70.33080199,1.379621429,23.93578618,0.31,6.415239644,12.4,4e,4,ENG,Cambridgeshire,Easterly lowlands (England),Levemenete Alcalino,6
NYVXXI,YNJDIQCPKO,2007,8.48,2.868527,15.7768985,37.6075275,1.589139018,15.49879962,0.14,3.337191939,8.54,4e,4,ENG,Cambridgeshire,Easterly lowlands (England),Moderadamente Alcalino,7
NZACAP,FEFMFIZBKZ,2007,5.71,14.0536,77.2948,72.50094106,0.625319694,51.58830727,0.55,5.158887478,8.46,28s,36,SCO,Dumfries & Galloway,Intermediate uplands and Islands (Scotland),Moderadamente Ácido,3
NZACAP,OJWCLMYYGW,2007,4.48,21.88514,120.36827,143.0956246,0.792543442,45.24762256,0.73,8.678350694,12.2,28s,36,SCO,Dumfries & Galloway,Intermediate uplands and Islands (Scotland),Fuertemenete Ácido,2
NZACAP,XXUZNKZSSZ,2007,4.95,20.64759,113.561745,90.11324334,0.529011733,58.74604855,0.91,7.221010159,11.6,28s,36,SCO,Dumfries & Galloway,Intermediate uplands and Islands (Scotland),Fuertemenete Ácido,2
NZACAP,YRRTHSDYOA,2007,4.93,9.635419,52.9948045,83.51500519,1.050606199,35.03681204,0.35,5.515682545,5.25,28s,36,SCO,Dumfries & Galloway,Intermediate uplands and Islands (Scotland),Fuertemenete Ácido,2
NZACAP,ZPMHFQVZYZ,2007,6.55,6.751944,37.135692,40.76178253,0.7317629,36.36796163,0.28,3.073404182,6.09,28s,36,SCO,Dumfries & Galloway,Intermediate uplands and Islands (Scotland),Neutro,5
OADEXO,JAISEXWZLT,2007,8.58,4.143098,22.787039,39.91873401,1.167878343,12.95573402,,,,11e,11,ENG,Lincolnshire,Easterly lowlands (England),Moderadamente Alcalino,7
OADEXO,PRVYBNNBTR,2007,8.15,2.621535,14.4184425,39.32400036,1.818226916,14.01006793,,,,11e,11,ENG,Lincolnshire,Easterly lowlands (England),Moderadamente Alcalino,7
OADEXO,UAGVHRQQPX,2007,8.3,6.087458,33.481019,39.65635314,0.789628558,17.02685525,,,,11e,11,ENG,Lincolnshire,Easterly lowlands (England),Moderadamente Alcalino,7
OBLHMB,EWQYQOYDUF,2007,6.42,8.831537,48.5734535,79.26455184,1.087899475,23.74556406,,,,5w,41,WAL,Gwent,Lowlands (Wales),Levemenete Ácido,4
OBLHMB,KCXWMAOTRN,2007,6.13,9.621092,52.916006,71.08329317,0.895548733,36.53480766,,,,5w,41,WAL,Gwent,Lowlands (Wales),Levemenete Ácido,4
OBLHMB,KDXQXPEQLH,2007,6.15,5.293593,29.1147615,57.22791597,1.310398644,26.47925801,,,,5w,41,WAL,Gwent,Lowlands (Wales),Levemenete Ácido,4
OBLHMB,LSXGTPMKZM,2007,6.12,5.582107,30.7015885,52.50165775,1.140042157,30.20906564,,,,5w,41,WAL,Gwent,Lowlands (Wales),Levemenete Ácido,4
OBLHMB,WODAIDPNLQ,2007,5.89,5.57407,30.657385,51.90087856,1.128621561,25.59672671,,,,5w,41,WAL,Gwent,Lowlands (Wales),Moderadamente Ácido,3
OBNMHM,IQMFHBPLQI,2007,5.35,3.236894,17.802917,29.71642086,1.112792204,17.37549393,,,,23s,31,SCO,Highland,True uplands (Scotland),Moderadamente Ácido,3
OBNMHM,MMXGWRWGTB,2007,5.51,1.823016,10.026588,25.56169728,1.699594271,14.90135158,,,,23s,31,SCO,Highland,True uplands (Scotland),Moderadamente Ácido,3
OBNMHM,RMIDVDZQIX,2007,4.81,5.175361,28.4644855,31.95556256,0.748431176,29.21909104,,,,23s,31,SCO,Highland,True uplands (Scotland),Fuertemenete Ácido,2
OBNMHM,RRWTSISDUD,2007,5.12,2.098872,11.543796,19.30031801,1.114614176,18.57073969,,,,23s,31,SCO,Highland,True uplands (Scotland),Moderadamente Ácido,3
OCGNAL,KMMQFGNDIS,2007,4.26,75.24718,413.85949,121.6076623,0.195892028,81.34158428,,,,18s,27,SCO,Argyll & Bute,Intermediate uplands and Islands (Scotland),Fuertemenete Ácido,2
OCGNAL,LGJHGBAMRT,2007,4.17,14.02613312,77.14373213,19.37749607,0.167457943,84.77775759,,,,18s,27,SCO,Argyll & Bute,Intermediate uplands and Islands (Scotland),Fuertemenete Ácido,2
OCGNAL,MMMUEWNUIJ,2007,4.34,,,,,,,,,18s,27,SCO,Argyll & Bute,Intermediate uplands and Islands (Scotland),Fuertemenete Ácido,2
OCGNAL,OFDCBACTBF,2007,4.12,95.08532,522.96926,113.0423202,0.144103206,85.81375609,,,,18s,27,SCO,Argyll & Bute,Intermediate uplands and Islands (Scotland),Fuertemenete Ácido,2
OCGNAL,WZTMHQHFVE,2007,4.25,95.39237,524.658035,64.13703388,0.081496937,90.8745731,,,,18s,27,SCO,Argyll & Bute,Intermediate uplands and Islands (Scotland),Fuertemenete Ácido,2
OHLVGM,CBPPFNLYAI,2007,5.41,14.48246,79.65353,44.82962834,0.375205203,43.53744321,0.55,3.095442925,5.8,21s,29,SCO,Highland,True uplands (Scotland),Moderadamente Ácido,3
OHLVGM,EDLZKEWIIE,2007,4.42,36.43233,200.377815,120.3969568,0.400566489,62.88050201,1.04,6.248837232,23.2,21s,29,SCO,Highland,True uplands (Scotland),Fuertemenete Ácido,2
OHLVGM,IUYHBOSWEX,2007,4.08,28.26172,155.43946,51.57679687,0.221208509,37.33318585,2.2,7.29988081,86,21s,29,SCO,Highland,True uplands (Scotland),Fuertemenete Ácido,2
OHLVGM,KLWQRRDCYZ,2007,5.68,10.58209,58.201495,72.4207292,0.829540309,41.94151087,0.29,3.608500343,2.32,21s,29,SCO,Highland,True uplands (Scotland),Moderadamente Ácido,3
OHLVGM,KPBFIFSWRM,2007,4.08,56.9535,313.24425,131.8528544,0.28061777,66.36575084,1.03,4.335544548,8.72,21s,29,SCO,Highland,True uplands (Scotland),Fuertemenete Ácido,2
OIBBSC,AMBNLQHCLW,2007,8.48,4.428459,24.3565245,54.40399345,1.489101163,21.21446108,,,,11e,11,ENG,Northamptonshire,Easterly lowlands (England),Moderadamente Alcalino,7
OIBBSC,EJCFMRTDJH,2007,5.83,8.386596,46.126278,89.0920342,1.287654067,27.78748793,,,,11e,11,ENG,Northamptonshire,Easterly lowlands (England),Moderadamente Ácido,3
OIBBSC,GBLSCATJZE,2007,5.6,9.805338,53.929359,84.24662043,1.041444116,30.0741847,,,,11e,11,ENG,Northamptonshire,Easterly lowlands (England),Moderadamente Ácido,3
OIBBSC,UJHFQHAZYI,2007,7.76,7.78418,42.81299,68.04000404,1.059491586,33.2930426,,,,11e,11,ENG,Northamptonshire,Easterly lowlands (England),Levemenete Alcalino,6
OIXPSH,JLIZOKVSZU,2007,5.74,14.44994319,79.47468756,88.21548446,0.739988099,40.64587006,,,,7s,25,SCO,South Ayrshire,Lowlands (Scotland),Moderadamente Ácido,3
OIXPSH,OYRMANDOBG,2007,5,11.05176837,60.78472602,75.06894177,0.823331196,36.84632223,,,,7s,25,SCO,South Ayrshire,Lowlands (Scotland),Moderadamente Ácido,3
OIXPSH,YSTIHUEQZK,2007,5.1,22.86906896,125.7798793,94.48618581,0.500801805,52.05109019,,,,7s,25,SCO,South Ayrshire,Lowlands (Scotland),Moderadamente Ácido,3
OJWELS,AZUFPGCLIK,2007,4.41,93.1177,512.14735,62.47022726,0.081318039,91.34602233,0.5,0.609885292,17,24s,32,SCO,Highland,True uplands (Scotland),Fuertemenete Ácido,2
OJWELS,BNOAGOEPHU,2007,5.04,89.94757,494.711635,90.37426791,0.121787134,86.91223088,,,20,24s,32,SCO,Highland,True uplands (Scotland),Moderadamente Ácido,3
OJWELS,IKQKDBBISE,2007,4.52,86.10201,473.561055,66.7261692,0.093935328,89.71159017,,,5,24s,32,SCO,Highland,True uplands (Scotland),Fuertemenete Ácido,2
OJWELS,MPHQQMPGAJ,2007,5.31,17.47348,96.10414,63.6872508,0.441793321,48.32793897,0.66,4.373753881,7.27,24s,32,SCO,Highland,True uplands (Scotland),Moderadamente Ácido,3
OJWELS,OHHRJOSLCQ,2007,4.17,85.12593,468.192615,81.50845078,0.116061137,88.15563406,,,45,24s,32,SCO,Highland,True uplands (Scotland),Fuertemenete Ácido,2
OMUOKF,CCNSCGUEEI,2007,6.12,9.837708,54.107394,67.68537526,0.833963349,34.46203801,,,,17w2,18,WAL,Powys,Uplands (Wales),Levemenete Ácido,4
OMUOKF,HESVFKJFWO,2007,6.38,11.91745,65.545975,87.48185247,0.889775993,31.61244267,,,,17w2,18,WAL,Powys,Uplands (Wales),Levemenete Ácido,4
OMUOKF,IJLGSZVZHT,2007,6.25,10.158,55.869,74.78057316,0.892332339,31.35285959,,,,17w2,18,WAL,Powys,Uplands (Wales),Levemenete Ácido,4
OMUOKF,JHERIMIPFX,2007,5.66,9.56601,52.613055,57.33565168,0.726507286,34.13684487,,,,17w2,18,WAL,Powys,Uplands (Wales),Moderadamente Ácido,3
OMUOKF,SGYACBHARQ,2007,6.68,9.759048,53.674764,69.60976465,0.864587123,37.00640935,,,,17w2,18,WAL,Powys,Uplands (Wales),Neutro,5
OOLGBN,GYLVIHTRRB,2007,6.83,20.10408,110.57244,105.1298065,0.633851778,55.86160315,0.7,6.655443668,56.3,16e,15,ENG,Greater Manchester,Westerly lowlands (England),Neutro,5
OOLGBN,XHOORJNEWX,2007,5.9,11.65771,64.117405,91.41826175,0.950529857,33.36823435,0.48,6.843814974,17.1,16e,15,ENG,Greater Manchester,Westerly lowlands (England),Moderadamente Ácido,3
OORRGP,BLYXVJWUFH,2007,4.1,95.64052,526.02286,53.65849871,0.068005281,90.9912304,,,,22s,30,SCO,Scottish Borders,True uplands (Scotland),Fuertemenete Ácido,2
OORRGP,ESIWSLYLVF,2007,4.38,64.07822,352.43021,131.8962708,0.249498609,74.47183653,,,,22s,30,SCO,Scottish Borders,True uplands (Scotland),Fuertemenete Ácido,2
OORRGP,GRMZSIETGH,2007,3.79,94.86697,521.768335,88.3159336,0.112841821,85.97074297,,,,22s,30,SCO,Scottish Borders,True uplands (Scotland),Extremadamente Ácido,1
OORRGP,MMCPYDPINI,2007,3.63,91.95646,505.76053,71.41081626,0.094129945,89.66065991,,,,22s,30,SCO,Scottish Borders,True uplands (Scotland),Extremadamente Ácido,1
OORRGP,VRTLGQCCRE,2007,3.54,93.59264,514.75952,65.63679042,0.085006413,90.01018426,,,,22s,30,SCO,Scottish Borders,True uplands (Scotland),Extremadamente Ácido,1
OPLEPV,UTQENEQWTT,2007,7.46,3.422441,18.8234255,34.00914655,1.204497256,11.06552409,,,,10e,10,ENG,Leicestershire,Westerly lowlands (England),Neutro,5
OPLEPV,ZFDJZVWCXJ,2007,6.37,3.406668,18.736674,39.05887989,1.389747895,13.81831017,,,,10e,10,ENG,Leicestershire,Westerly lowlands (England),Levemenete Ácido,4
OQQSNF,DUVSDQJVPJ,2007,4.79,91.23353,501.784415,136.6152182,0.181505861,81.83913458,1.96,5.336272303,13,32s,40,SCO,Eilean Siar,Intermediate uplands and Islands (Scotland),Fuertemenete Ácido,2
OQQSNF,EBBFPHSSEE,2007,4.18,94.45469,519.500795,118.173992,0.151650704,83.08682729,2.08,4.731501969,23,32s,40,SCO,Eilean Siar,Intermediate uplands and Islands (Scotland),Fuertemenete Ácido,2
OQQSNF,UKFBFKCDFC,2007,4.48,92.34724,507.90982,195.2696304,0.256304857,76.79398921,1.66,6.381990929,14.3,32s,40,SCO,Eilean Siar,Intermediate uplands and Islands (Scotland),Fuertemenete Ácido,2
OQQSNF,XKDXUHKVFI,2007,4.56,93.98018,516.89099,196.19904,0.253050184,75.66763902,2.07,7.857208206,17.6,32s,40,SCO,Eilean Siar,Intermediate uplands and Islands (Scotland),Fuertemenete Ácido,2
OQQSNF,ZSIUUASLOZ,2007,4.66,94.14271,517.784905,115.7977305,0.149093738,85.16318852,1.58,3.533521593,20,32s,40,SCO,Eilean Siar,Intermediate uplands and Islands (Scotland),Fuertemenete Ácido,2
OSGDGJ,GRDYYMSIVQ,2007,7.63,2.889801,15.8939055,31.08881055,1.3040139,12.9363376,0.15,2.934031275,61,9e,9,ENG,North Lincolnshire Unitary Authority,Easterly lowlands (England),Levemenete Alcalino,6
OSGDGJ,JDFAKJYFHI,2007,7.97,3.702005,20.3610275,38.93800054,1.274919305,18.07857687,0.18,3.442282123,39,9e,9,ENG,North Lincolnshire Unitary Authority,Easterly lowlands (England),Levemenete Alcalino,6
OSGDGJ,MENTUKOUTH,2007,8.22,3.420197,18.8110835,33.58636612,1.19030415,16.23402817,0.18,3.213821204,46,9e,9,ENG,North Lincolnshire Unitary Authority,Easterly lowlands (England),Moderadamente Alcalino,7
OSGDGJ,NGDSHGGNPU,2007,8.47,2.808378,15.446079,27.43411098,1.184080913,14.59759518,0.12,2.131345643,45,9e,9,ENG,North Lincolnshire Unitary Authority,Easterly lowlands (England),Moderadamente Alcalino,7
OSGDGJ,OLGCTWMYSF,2007,7.93,3.597463,19.7860465,38.17584225,1.28628837,15.03316658,0.18,3.472978599,45,9e,9,ENG,North Lincolnshire Unitary Authority,Easterly lowlands (England),Levemenete Alcalino,6
OSSOAV,DLPHDGVMUV,2007,8.32,10.01404,55.07722,67.0266412,0.811305063,36.5132492,,,,3e,3,ENG,Essex,Easterly lowlands (England),Moderadamente Alcalino,7
OSSOAV,JREFVJIRPQ,2007,8.14,10.85711,59.714105,68.0654163,0.759903279,41.14250971,,,,3e,3,ENG,Essex,Easterly lowlands (England),Moderadamente Alcalino,7
OSSOAV,LLPQQONZIA,2007,7.59,3.933959,21.6367745,32.85717981,1.012386876,18.26966697,,,,3e,3,ENG,Essex,Easterly lowlands (England),Levemenete Alcalino,6
OSSOAV,RDBYYVBNNU,2007,6.83,4.964916,27.307038,48.15138386,1.175554909,19.5747665,,,,3e,3,ENG,Essex,Easterly lowlands (England),Neutro,5
OSSOAV,WMQWUVVYKM,2007,7.26,3.605472,19.830096,39.71512374,1.33518008,18.43199469,,,,3e,3,ENG,Essex,Easterly lowlands (England),Neutro,5
OSWDVT,ANXPEVKCJM,2007,4.44,18.78396,103.31178,78.08925643,0.50390676,38.02194001,,,,18w,45,WAL,Clwyd,Uplands (Wales),Fuertemenete Ácido,2
OSWDVT,ISOZUZWWWF,2007,6.04,7.92657,43.596135,39.3068623,0.601075643,32.50780058,,,,18w,45,WAL,Clwyd,Uplands (Wales),Levemenete Ácido,4
OSWDVT,MINXDOZHIY,2007,6.12,6.26307,34.446885,49.40954577,0.956246034,31.53767988,,,,18w,45,WAL,Clwyd,Uplands (Wales),Levemenete Ácido,4
OSWDVT,YFNGPJAYIO,2007,6.26,8.156269,44.8594795,61.38135718,0.912201953,38.06737829,,,,18w,45,WAL,Clwyd,Uplands (Wales),Levemenete Ácido,4
OTMPPX,PKRNEXTKDE,2007,5.2,34.55251,190.038805,119.7035125,0.41992656,58.38057047,0.98,6.172920431,7.21,21s,29,SCO,Highland,True uplands (Scotland),Moderadamente Ácido,3
OTMPPX,RTNUNNASDA,2007,4.63,96.48756,530.68158,36.25437283,0.045544415,94.02539201,,,,21s,29,SCO,Highland,True uplands (Scotland),Fuertemenete Ácido,2
OTMPPX,VZCSKVKBQC,2007,4.45,96.76468,532.20574,49.1287762,0.061541083,91.92259065,,,,21s,29,SCO,Highland,True uplands (Scotland),Fuertemenete Ácido,2
OTMPPX,XEXMCTIXXE,2007,4.84,94.55614,520.05877,49.74326317,0.063766208,93.41266166,,,,21s,29,SCO,Highland,True uplands (Scotland),Fuertemenete Ácido,2
OTMPPX,YXERKCIJWS,2007,4.65,92.94994,511.22467,46.04997535,0.060051843,93.49672736,,,24,21s,29,SCO,Highland,True uplands (Scotland),Fuertemenete Ácido,2
OVOHHS,BXKNIIVCDB,2007,4.93,85.01935,467.606425,67.25455086,0.09588484,88.3325175,2.31,3.322409706,30,13s,26,SCO,Argyll & Bute,Lowlands (Scotland),Fuertemenete Ácido,2
OVOHHS,IKTREQXSAC,2007,4.94,59.72222,328.47221,53.61843774,0.108823895,85.80273537,1.92,3.134128165,33,13s,26,SCO,Argyll & Bute,Lowlands (Scotland),Fuertemenete Ácido,2
OVOHHS,JQBIGUGVIB,2007,5.52,40.9105,225.00775,81.56513337,0.241666145,76.51058659,1.08,3.914991552,18,13s,26,SCO,Argyll & Bute,Lowlands (Scotland),Moderadamente Ácido,3
OVOHHS,RAKEABTSIH,2007,4.44,15.70551,86.380305,80.08423098,0.618074772,49.11962408,0.58,5.377250516,9,13s,26,SCO,Argyll & Bute,Lowlands (Scotland),Fuertemenete Ácido,2
OVOHHS,YJOPRWKIYU,2007,5.66,7.952929,43.7411095,56.33526371,0.858616594,43.22488689,0.25,3.219812229,6,13s,26,SCO,Argyll & Bute,Lowlands (Scotland),Moderadamente Ácido,3
OVOZHE,KXOOFQIYQO,2007,7.19,3.139898,17.269439,39.26121759,1.515633777,16.21004528,0.14,3.182830932,39.1,3e,3,ENG,Suffolk,Easterly lowlands (England),Neutro,5
OVOZHE,MQAOYZGKHR,2007,8.74,2.655666,14.606163,37.83653724,1.726966772,15.7593278,0.13,3.367585205,29.6,3e,3,ENG,Suffolk,Easterly lowlands (England),Moderadamente Alcalino,7
OVOZHE,QLWRZXJPFP,2007,8.49,2.801645,15.4090475,38.12915821,1.649643744,20.17801302,0.13,3.216805301,15.2,3e,3,ENG,Suffolk,Easterly lowlands (England),Moderadamente Alcalino,7
OVOZHE,YTKIBDYXED,2007,4.94,6.284018,34.562099,63.82365511,1.231091416,29.10405531,0.23,4.247265386,5.66,3e,3,ENG,Suffolk,Easterly lowlands (England),Fuertemenete Ácido,2
OVZQKU,EJLNCMOFTD,2007,4,96.13837,528.761035,87.04649793,0.109749007,88.22710063,,,,21s,29,SCO,Highland,True uplands (Scotland),Fuertemenete Ácido,2
OVZQKU,MSAOEMPJFB,2007,4.28,96.92781,533.102955,49.25410591,0.061594239,92.45054713,,,,21s,29,SCO,Highland,True uplands (Scotland),Fuertemenete Ácido,2
OVZQKU,MXNVJTOPZM,2007,4.13,95.73476,526.54118,117.6996347,0.149022386,84.77466112,,,,21s,29,SCO,Highland,True uplands (Scotland),Fuertemenete Ácido,2
OVZQKU,SRUMFCIYYA,2007,4.34,93.19298,512.56139,152.6950914,0.198603971,81.10033095,,,,21s,29,SCO,Highland,True uplands (Scotland),Fuertemenete Ácido,2
OVZQKU,UBHAAHMKBR,2007,4.24,95.84211,527.131605,38.04496578,0.048115708,94.28280746,,,,21s,29,SCO,Highland,True uplands (Scotland),Fuertemenete Ácido,2
OXVLRI,AKCNRNCIJT,2007,7.32,9.402391,51.7131505,75.22435935,0.96976441,25.89187049,0.45,6.54590977,10.7,8e,8,ENG,Kent,Westerly lowlands (England),Neutro,5
OXVLRI,BCWFYOFOWR,2007,5.64,18.23316,100.28238,91.66424199,0.609374196,22.44625647,,,19,8e,8,ENG,Kent,Westerly lowlands (England),Moderadamente Ácido,3
OXVLRI,QKCLUGYTDR,2007,6.88,5.447716,29.962438,45.04331375,1.002217371,18.85710502,0.26,3.908647746,16.4,8e,8,ENG,Kent,Westerly lowlands (England),Neutro,5
OXXJAK,CQVSPKJMKU,2007,6.38,8.048429,44.2663595,81.16211863,1.222329545,19.83400676,,,,5w,41,WAL,Clwyd,Lowlands (Wales),Levemenete Ácido,4
OXXJAK,ERPUCKKNMG,2007,5.92,8.499642,46.748031,73.73488093,1.051522091,21.16932242,,,,5w,41,WAL,Clwyd,Lowlands (Wales),Moderadamente Ácido,3
OXXJAK,EYXLWBNNVO,2007,6.23,5.217089,28.6939895,51.11036372,1.187481295,14.29481206,,,,5w,41,WAL,Clwyd,Lowlands (Wales),Levemenete Ácido,4
OXXJAK,GJFDHMFIWW,2007,6.79,9.820279,54.0115345,85.76155663,1.05855854,16.35561201,,,,5w,41,WAL,Clwyd,Lowlands (Wales),Neutro,5
OXXJAK,MWVKLNEVXC,2007,7.44,7.269518,39.982349,79.11329214,1.319136971,24.30525102,,,,5w,41,WAL,Clwyd,Lowlands (Wales),Neutro,5
OZXHSI,FNSMKXSYJF,2007,5.3,3.733783,20.5358065,43.7030046,1.418757836,21.69939533,,,,4e,4,ENG,Norfolk,Easterly lowlands (England),Moderadamente Ácido,3
OZXHSI,QZABGBCQEL,2007,8.15,2.830759,15.5691745,35.74275069,1.530492221,19.21426414,,,,4e,4,ENG,Norfolk,Easterly lowlands (England),Moderadamente Alcalino,7
OZXHSI,SWAOETTQER,2007,7.67,2.378762,13.083191,32.21351268,1.641470733,15.05788789,,,,4e,4,ENG,Norfolk,Easterly lowlands (England),Levemenete Alcalino,6
OZXHSI,YJSTAUPBXB,2007,8.52,3.205776,17.631768,40.95268472,1.548443118,17.67090725,,,,4e,4,ENG,Norfolk,Easterly lowlands (England),Moderadamente Alcalino,7
PAMHOJ,MUAZZYDZAH,2007,7.12,11.79455,64.870025,67.4574904,0.693257946,44.05396163,0.55,5.719378052,8.71,17w3,19,WAL,Powys,Uplands (Wales),Neutro,5
PAMHOJ,MZBDLZVAWK,2007,6.85,11.81756,64.99658,76.05574573,0.780099976,42.41487481,0.58,6.78686979,6.98,17w3,19,WAL,Powys,Uplands (Wales),Neutro,5
PAMHOJ,PUXYSKWDSG,2007,6.45,15.04863,82.767465,69.21387009,0.557496597,43.02363258,0.73,6.104587735,15.2,17w3,19,WAL,Powys,Uplands (Wales),Levemenete Ácido,4
PAMHOJ,STPGUPSMIA,2007,5.78,10.12523,55.688765,64.12701261,0.767683423,45.41133765,0.51,5.872778186,7.99,17w3,19,WAL,Powys,Uplands (Wales),Moderadamente Ácido,3
PAMHOJ,UUVAGXACPR,2007,6.3,13.19957,72.597635,60.45906645,0.55519776,39.02698831,0.73,6.079415467,11.8,17w3,19,WAL,Powys,Uplands (Wales),Levemenete Ácido,4
PARJZV,DMUQNTOCQL,2007,4.21,32.93177,181.124735,68.77684327,0.253147251,60.59758547,,,,18e,20,ENG,Cumbria,Uplands (England),Fuertemenete Ácido,2
PARJZV,LYMZCGVLIL,2007,4.7,88.54956,487.02258,67.06997986,0.091809542,89.04949871,,,,18e,20,ENG,Cumbria,Uplands (England),Fuertemenete Ácido,2
PARJZV,MJHXWZLPYC,2007,5.33,56.41855,310.302025,114.2596821,0.245480581,70.9050413,,,,18e,20,ENG,Cumbria,Uplands (England),Moderadamente Ácido,3
PARJZV,WGJYYKEBSI,2007,4.47,22.02139,121.117645,92.58453541,0.509612151,53.33656764,,,,18e,20,ENG,Cumbria,Uplands (England),Fuertemenete Ácido,2
PARJZV,YNWRBLNTDK,2007,5.84,27.201,149.6055,104.2503348,0.464556605,54.26294828,,,,18e,20,ENG,Cumbria,Uplands (England),Moderadamente Ácido,3
PBKYNV,MGIPKHQBTK,2007,6.4,5.046524,27.755882,54.68083859,1.313375392,16.2300074,,,,13e,13,ENG,Cheshire,Westerly lowlands (England),Levemenete Ácido,4
PBKYNV,ODBAEAOOKX,2007,6.82,7.612292,41.867606,59.40654292,0.945942836,28.21228435,,,,13e,13,ENG,Cheshire,Westerly lowlands (England),Neutro,5
PBKYNV,OJHIOAZRZC,2007,6.44,5.257475,28.9161125,58.84755345,1.356741931,21.23061049,,,,13e,13,ENG,Cheshire,Westerly lowlands (England),Levemenete Ácido,4
PBKYNV,TDLIJQPCAL,2007,6.09,5.578596,30.682278,54.40683619,1.182155514,19.52848298,,,,13e,13,ENG,Cheshire,Westerly lowlands (England),Levemenete Ácido,4
PBKYNV,YYVQMIDYHN,2007,6.54,4.929868,27.114274,47.82235398,1.175822348,16.84242509,,,,13e,13,ENG,Cheshire,Westerly lowlands (England),Neutro,5
PDMOYE,CUKZUDLJMK,2007,6.56,6.659288,36.626084,55.44033912,1.009123063,29.98274569,,,,19e,21,ENG,Durham,Uplands (England),Neutro,5
PDMOYE,FSLPYERZZI,2007,6.17,8.500357,46.7519635,63.88289329,0.910947741,26.58698795,,,,19e,21,ENG,Durham,Uplands (England),Levemenete Ácido,4
PDMOYE,NKZHQWNNQN,2007,6.56,6.594338,36.268859,69.32205601,1.274225473,24.44623723,,,,19e,21,ENG,Durham,Uplands (England),Neutro,5
PDMOYE,XWPAXUMPCJ,2007,6.34,9.746381,53.6050955,65.72743159,0.817427659,38.63690761,,,,19e,21,ENG,Durham,Uplands (England),Levemenete Ácido,4
PDNUZO,OYQMFGHCYN,2007,4.51,8.909833,49.0040815,52.32211331,0.711806197,40.00636679,,,,17e,16,ENG,North Yorkshire,Uplands (England),Fuertemenete Ácido,2
PDNUZO,RGMORZRDMZ,2007,4.22,6.941143,38.1762865,68.07001497,1.188696286,25.67230376,,,,17e,16,ENG,North Yorkshire,Uplands (England),Fuertemenete Ácido,2
PDNUZO,YIFEKOMRXA,2007,4.13,3.672636,20.199498,33.20953115,1.096051369,19.9858644,,,,17e,16,ENG,North Yorkshire,Uplands (England),Fuertemenete Ácido,2
PDNUZO,YWWNTDWWXJ,2007,4.22,12.76637,70.215035,63.51633155,0.603064871,34.42139655,,,,17e,16,ENG,North Yorkshire,Uplands (England),Fuertemenete Ácido,2
PEVPIP,FIGBIAIPEZ,2007,5.46,56.058,308.319,98.47372933,0.21292607,80.63967865,,,,31s,39,SCO,Orkney Islands,Intermediate uplands and Islands (Scotland),Moderadamente Ácido,3
PEVPIP,LGWLEWMDFS,2007,5.6,9.896912,54.433016,68.64764822,0.840759932,40.87939157,,,,31s,39,SCO,Orkney Islands,Intermediate uplands and Islands (Scotland),Moderadamente Ácido,3
PEVPIP,PMBIVKCZZU,2007,5.11,32.57691,179.173005,49.64976669,0.184736783,80.76722393,,,,31s,39,SCO,Orkney Islands,Intermediate uplands and Islands (Scotland),Moderadamente Ácido,3
PEVPIP,XHHFVOAIZR,2007,5.43,14.04351,77.239305,84.25595739,0.727228686,44.53933125,,,,31s,39,SCO,Orkney Islands,Intermediate uplands and Islands (Scotland),Moderadamente Ácido,3
PEVPIP,ZLOVDOJRDI,2007,5.32,12.55123,69.031765,76.56811674,0.739448153,39.26334937,,,,31s,39,SCO,Orkney Islands,Intermediate uplands and Islands (Scotland),Moderadamente Ácido,3
PFCFRO,CGLIHIEPDR,2007,6.55,7.712472,42.418596,65.18000568,1.024393573,34.42125678,0.33,5.070748186,17.6,27s,35,SCO,Scottish Borders,Lowlands (Scotland),Neutro,5
PFCFRO,DYYTEANOUP,2007,5.04,14.41837,79.301035,66.46038536,0.5587181,36.94432353,0.52,4.358001177,10.5,27s,35,SCO,Scottish Borders,Lowlands (Scotland),Moderadamente Ácido,3
PFCFRO,MOGEEMIDNT,2007,5.39,6.85164,37.68402,46.61808961,0.824718976,36.46397391,0.24,2.968988315,15.4,27s,35,SCO,Scottish Borders,Lowlands (Scotland),Moderadamente Ácido,3
PFCFRO,PNWKFHHHVC,2007,6.53,9.769137,53.7302535,68.88700629,0.854726488,39.12345754,0.39,5.000149954,11,27s,35,SCO,Scottish Borders,Lowlands (Scotland),Neutro,5
PFCFRO,SWLTBADAHZ,2007,4.18,34.95219,192.237045,119.2782414,0.413649864,60.60678971,0.71,4.405371057,15.1,27s,35,SCO,Scottish Borders,Lowlands (Scotland),Fuertemenete Ácido,2
PFJMJP,FYLPHLBRIW,2007,4.94,4.256549,23.4110195,48.86338461,1.391463953,24.73285906,,,,5w,41,WAL,Gwent,Lowlands (Wales),Fuertemenete Ácido,2
PFJMJP,TDPXTVSUHA,2007,6.05,6.22639,34.245145,61.21674775,1.191735797,27.22995882,,,,5w,41,WAL,Gwent,Lowlands (Wales),Levemenete Ácido,4
PFJMJP,URNWMACUSV,2007,6.53,4.726394,25.995167,43.32928802,1.111213943,28.56359735,,,,5w,41,WAL,Gwent,Lowlands (Wales),Neutro,5
PFJMJP,ZDALOOKIUS,2007,5.36,6.256696,34.411828,62.27374869,1.206440776,28.72168981,,,,5w,41,WAL,Gwent,Lowlands (Wales),Moderadamente Ácido,3
PKSLHM,DPOCVXYMAD,2007,5.84,21.85659,120.211245,69.85465928,0.387399472,46.89522095,,,,26s,34,SCO,Dumfries & Galloway,Lowlands (Scotland),Moderadamente Ácido,3
PKSLHM,EONZXZDTOT,2007,5.99,11.26071,61.933905,67.9344062,0.731257041,38.94106502,,,,26s,34,SCO,Dumfries & Galloway,Lowlands (Scotland),Moderadamente Ácido,3
PKSLHM,EXVOIHORLI,2007,5.56,24.60455,135.325025,81.41696388,0.401093411,36.68786084,,,,26s,34,SCO,Dumfries & Galloway,Lowlands (Scotland),Moderadamente Ácido,3
PKSLHM,TCAOCPNGHC,2007,3.66,94.99797,522.488835,95.2640035,0.121551565,86.08876526,,,,26s,34,SCO,Dumfries & Galloway,Lowlands (Scotland),Extremadamente Ácido,1
PKSLHM,USDDRSRPAB,2007,5.64,13.65253,75.088915,58.75452965,0.521644059,42.28541358,,,,26s,34,SCO,Dumfries & Galloway,Lowlands (Scotland),Moderadamente Ácido,3
PNSAFC,BQZCXUHECM,2007,6.13,12.58282,69.20551,92.70110274,0.893003103,39.66536002,0.58,7.769126994,9,26s,34,SCO,East Ayrshire,Lowlands (Scotland),Levemenete Ácido,4
PNSAFC,GLQNQHPCWY,2007,5.84,9.135066,50.242863,76.16348733,1.010604396,35.38775703,0.41,6.215217036,12,26s,34,SCO,East Ayrshire,Lowlands (Scotland),Moderadamente Ácido,3
PNSAFC,LNDVBEBEII,2007,6.04,8.367726,46.022493,59.58652842,0.863150814,35.42675348,0.37,4.790487016,21,26s,34,SCO,East Ayrshire,Lowlands (Scotland),Levemenete Ácido,4
PNSAFC,YRBUMGBWPC,2007,5.54,12.70273,69.865015,93.50765529,0.892269713,40.14892615,0.5,6.692022845,16,26s,34,SCO,East Ayrshire,Lowlands (Scotland),Moderadamente Ácido,3
PNSAFC,ZYLUZTDKHN,2007,5.92,11.51101,63.310555,89.97399931,0.947435482,38.76535548,0.48,6.821535472,20,26s,34,SCO,East Ayrshire,Lowlands (Scotland),Moderadamente Ácido,3
PPOHHI,CRLTVAVJPK,2007,4.68,51.71881,284.453455,70.79261764,0.165914942,86.08194203,,,,19e,21,ENG,North Yorkshire,Uplands (England),Fuertemenete Ácido,2
PPOHHI,DBERFUMZFH,2007,3.48,50.08984,275.49412,88.52366308,0.214217913,68.45272333,,,,19e,21,ENG,North Yorkshire,Uplands (England),Extremadamente Ácido,1
PPOHHI,LOYYCLILKD,2007,4.05,20.34018,111.87099,115.3099907,0.687160515,41.10106301,,,,19e,21,ENG,North Yorkshire,Uplands (England),Fuertemenete Ácido,2
PPOHHI,ODLSWGUTAS,2007,4.22,88.34516,485.89838,148.8215379,0.204187465,82.82617374,,,,19e,21,ENG,North Yorkshire,Uplands (England),Fuertemenete Ácido,2
PPOHHI,SOISSPQQTH,2007,3.87,36.43603,200.398165,177.2970166,0.589815835,46.98497761,,,,19e,21,ENG,North Yorkshire,Uplands (England),Extremadamente Ácido,1
PPONYG,ANNJVKXAUX,2007,5.94,8.787417,48.3307935,67.29855354,0.928304692,37.2114349,,,,2e,2,ENG,West Berkshire Unitary Authority,Easterly lowlands (England),Moderadamente Ácido,3
PPYLGS,BECYGIJQFC,2007,6.57,30.44527,167.448985,140.8397228,0.56072689,56.89781084,1.52,12.78457308,14,2e,2,ENG,West Sussex,Easterly lowlands (England),Neutro,5
PPYLGS,FUDFFPBEOP,2007,8.07,6.252572,34.389146,46.37670136,0.899056956,29.39890128,0.33,4.45033193,45.6,2e,2,ENG,West Sussex,Easterly lowlands (England),Moderadamente Alcalino,7
PPYLGS,KZEJCDIOOD,2007,7.69,23.55441,129.549255,63.00426578,0.324222967,59.2512357,1.38,6.711415421,14.6,2e,2,ENG,West Sussex,Easterly lowlands (England),Levemenete Alcalino,6
PPYLGS,LNACSMMRBN,2007,8.12,7.60761,41.841855,55.22820166,0.879951453,32.18137175,0.4,5.279708718,17.1,2e,2,ENG,West Sussex,Easterly lowlands (England),Moderadamente Alcalino,7
PPYLGS,VDGCVCTJGZ,2007,8.31,22.88095,125.845225,81.21532048,0.430239185,45.5724838,1.15,7.421625934,15.6,2e,2,ENG,West Sussex,Easterly lowlands (England),Moderadamente Alcalino,7
PSQHJU,IIPDJLBKZO,2007,5.47,9.404056,51.722308,87.49604036,1.127766641,30.22191396,,,,5w,41,WAL,Dyfed,Lowlands (Wales),Moderadamente Ácido,3
PSQHJU,OLXNRZETHW,2007,5.83,8.652363,47.5879965,75.52573078,1.058050157,22.12832157,,,,5w,41,WAL,Dyfed,Lowlands (Wales),Moderadamente Ácido,3
PSQHJU,POUDEXABAY,2007,5.95,7.746207,42.6041385,72.0514762,1.127456608,24.32833467,,,,5w,41,WAL,Dyfed,Lowlands (Wales),Moderadamente Ácido,3
PSQHJU,VPBVYHFTTX,2007,5.81,8.547264,47.009952,64.1060653,0.909113391,25.59249782,,,,5w,41,WAL,Dyfed,Lowlands (Wales),Moderadamente Ácido,3
PSVKQN,CEDPCJOAWN,2007,6.77,11.39118,62.65149,102.9578432,1.095561529,26.96071064,,,,1e,1,ENG,Dorset,Westerly lowlands (England),Neutro,5
PSVKQN,DEKLMIMRIY,2007,4.5,7.233651,39.7850805,73.67875423,1.234612796,23.92176974,,,,1e,1,ENG,Dorset,Westerly lowlands (England),Fuertemenete Ácido,2
PSVKQN,ENBCXFDSVK,2007,7.28,13.51965,74.358075,102.0823896,0.915232494,33.26324014,,,,1e,1,ENG,Dorset,Westerly lowlands (England),Neutro,5
PSVKQN,HVHIUDSIJN,2007,8.38,10.1926,56.0593,83.60022874,0.994188044,19.51320272,,,,1e,1,ENG,Dorset,Westerly lowlands (England),Moderadamente Alcalino,7
PSVKQN,QKOZMYJXRM,2007,4.97,9.399921,51.6995655,69.95401289,0.902058037,20.34909274,,,,1e,1,ENG,Dorset,Westerly lowlands (England),Fuertemenete Ácido,2
PTHHYT,BIDYFTSRPI,2007,5.16,15.94035,87.671925,76.56421378,0.582202446,49.85602607,0.38,3.318553943,18.1,25s,33,SCO,Perth & Kinross,Lowlands (Scotland),Moderadamente Ácido,3
PTHHYT,KCIIJFPBEA,2007,6.36,7.816433,42.9903815,69.78872408,1.082237804,35.9991481,0.28,4.545398776,10.2,25s,33,SCO,Perth & Kinross,Lowlands (Scotland),Levemenete Ácido,4
PTHHYT,QKUCVLPMZY,2007,4.86,7.895253,43.4238915,50.15672929,0.770032772,37.77810279,0.24,2.772117978,10.1,25s,33,SCO,Perth & Kinross,Lowlands (Scotland),Fuertemenete Ácido,2
PTHHYT,WDDRKRDJZD,2007,4.87,16.04445,88.244475,76.44199408,0.577501644,57.07555746,0.55,4.764388563,10,25s,33,SCO,Perth & Kinross,Lowlands (Scotland),Fuertemenete Ácido,2
PTHHYT,WMLOZMVNLS,2007,6.81,5.567096,30.619028,54.99919879,1.197494987,31.0347817,0.22,3.951733456,15.4,25s,33,SCO,Perth & Kinross,Lowlands (Scotland),Neutro,5
PVFUKI,CBTACYWDTT,2007,5.1,11.17243,61.448365,59.27866417,0.643127111,32.94108377,,,,6e,6,ENG,Plymouth Unitary Authority,Westerly lowlands (England),Moderadamente Ácido,3
PVFUKI,JPCYIXXAEB,2007,5.57,9.253117,50.8921435,74.5828909,0.977005955,29.54236098,,,,6e,6,ENG,Plymouth Unitary Authority,Westerly lowlands (England),Moderadamente Ácido,3
PVFUKI,SYFOIZCVWX,2007,4.24,10.85669,59.711795,61.35332731,0.684993948,33.96474768,,,,6e,6,ENG,Plymouth Unitary Authority,Westerly lowlands (England),Fuertemenete Ácido,2
QASSZL,EHHCTQMHPQ,2007,3.86,89.71199265,493.4159596,93.50834734,0.126341471,87.20625076,2.15,4.074512445,27,18s,27,SCO,North Ayrshire,Intermediate uplands and Islands (Scotland),Extremadamente Ácido,1
TJPYWU,DVEDVWAOEF,2007,6.01,7.719226,42.455743,39.68090462,0.623094417,44.94038096,0.39,3.645102337,27,12e,12,ENG,Lincolnshire,Easterly lowlands (England),Levemenete Ácido,4
TJPYWU,DZMXWQOQVC,2007,8.16,3.72411,20.482605,43.10467013,1.40296836,19.85534542,0.18,3.788014573,20,12e,12,ENG,Lincolnshire,Easterly lowlands (England),Moderadamente Alcalino,7
TJPYWU,SSLOQUATIY,2007,8.63,4.857434,26.715887,44.21375633,1.103307465,33.21422782,0.22,3.640914633,48,12e,12,ENG,Lincolnshire,Easterly lowlands (England),Moderadamente Alcalino,7
TJPYWU,ZKEHTBCHIO,2007,8.06,4.664901,25.6569555,44.86235869,1.16569712,22.01292381,0.25,4.371364199,26,12e,12,ENG,Lincolnshire,Easterly lowlands (England),Moderadamente Alcalino,7
TKHLXB,DEBHAIVUQY,2007,6.38,3.815521,20.9853655,37.7202452,1.198303176,17.86120221,0.18,3.235418576,24,9e,9,ENG,Hartlepool Unitary Authority,Easterly lowlands (England),Levemenete Ácido,4
TKHLXB,GIDZSASAPR,2007,6.73,3.472894,19.100917,45.08610989,1.573610659,16.665024,0.15,3.540623984,31,9e,9,ENG,Hartlepool Unitary Authority,Easterly lowlands (England),Neutro,5
TKHLXB,QCVCTUEPYW,2007,6.57,4.93871,27.162905,49.61840797,1.217798267,32.04915476,0.22,4.018734282,17,9e,9,ENG,Hartlepool Unitary Authority,Easterly lowlands (England),Neutro,5
TKHLXB,ZXRZANXQDB,2007,6.52,4.488071,24.6843905,48.02309033,1.29698943,22.57558942,0.2,3.890968289,12,9e,9,ENG,Hartlepool Unitary Authority,Easterly lowlands (England),Neutro,5
TNOEYM,ATKLARKPDL,2007,7.91,17.47701,96.123555,70.82052319,0.491177029,40.44766321,0.76,5.599418127,7.39,2e,2,ENG,East Sussex,Easterly lowlands (England),Levemenete Alcalino,6
TNOEYM,UJCBAAQXRT,2007,8.25,24.09862,132.54241,117.4288984,0.590648173,47.52810282,1.28,11.34044492,17.6,2e,2,ENG,East Sussex,Easterly lowlands (England),Moderadamente Alcalino,7
TNOEYM,XKVLFMXJGX,2007,7.9,15.08691,82.978005,101.3472566,0.814249965,37.7916427,0.83,10.13741207,11.6,2e,2,ENG,East Sussex,Easterly lowlands (England),Levemenete Alcalino,6
TNOEYM,XMGFRBXUYR,2007,8.22,16.49018,90.69599,82.07231537,0.603277796,41.61833411,0.82,7.420316886,8.59,2e,2,ENG,East Sussex,Easterly lowlands (England),Moderadamente Alcalino,7
TNXJSJ,CEZMZJURYH,2007,5.61,8.105923,44.5825765,76.15315227,1.138758057,26.54447748,,,,6w,42,WAL,West Glamorgan,Lowlands (Wales),Moderadamente Ácido,3
TNXJSJ,HDLYDFNFSC,2007,4.15,10.66936,58.68148,56.26859673,0.63925446,38.10598681,,,,6w,42,WAL,West Glamorgan,Lowlands (Wales),Fuertemenete Ácido,2
TNXJSJ,KPJRPHBWLR,2007,5.07,12.49325,68.712875,96.68902006,0.93809707,35.63363577,,,,6w,42,WAL,West Glamorgan,Lowlands (Wales),Moderadamente Ácido,3
TNXJSJ,LQZMBDUEMH,2007,5.84,11.60589,63.832395,80.20640211,0.837677088,38.89502981,,,,6w,42,WAL,West Glamorgan,Lowlands (Wales),Moderadamente Ácido,3
TNXJSJ,TEJIYPCOER,2007,5.42,8.502289,46.7625895,69.68677137,0.993483211,31.73570765,,,,6w,42,WAL,West Glamorgan,Lowlands (Wales),Moderadamente Ácido,3
TOIPRN,AWTWNQNJSX,2007,8.36,1.788387,9.8361285,20.66780049,1.400808627,14.0121933,,,,3e,3,ENG,Norfolk,Easterly lowlands (England),Moderadamente Alcalino,7
TOIPRN,IAFKXOVXLB,2007,8.4,2.101774,11.559757,28.63602967,1.65147818,13.7787584,,,,3e,3,ENG,Norfolk,Easterly lowlands (England),Moderadamente Alcalino,7
TOIPRN,PCJRKSBGHM,2007,7.8,1.657459,9.1160245,18.28601901,1.33728023,12.16139785,,,,3e,3,ENG,Norfolk,Easterly lowlands (England),Levemenete Alcalino,6
TRVAVH,FULEUAEKTG,2007,6.62,1.08536,5.96948,15.09854058,1.686192721,7.395862674,,,,4e,4,ENG,Norfolk,Easterly lowlands (England),Neutro,5
TRVAVH,PQSGFKLSXT,2007,8.4,2.408945,13.2491975,28.15292674,1.416585255,13.24015263,,,,4e,4,ENG,Norfolk,Easterly lowlands (England),Moderadamente Alcalino,7
TSIBRE,AJBHRWREJG,2007,4.17,94.4124,519.2682,105.4746936,0.135414536,85.46950038,,,,13s,26,SCO,Dumfries & Galloway,Lowlands (Scotland),Fuertemenete Ácido,2
TSIBRE,GLNWDBXNIS,2007,5.31,24.86246,136.74353,63.68248539,0.310471656,43.87050183,,,,13s,26,SCO,Dumfries & Galloway,Lowlands (Scotland),Moderadamente Ácido,3
TSIBRE,JUGMIMJMXN,2007,6.05,13.56175,74.589625,60.82386232,0.543631122,42.94294109,,,,13s,26,SCO,Dumfries & Galloway,Lowlands (Scotland),Levemenete Ácido,4
TSIBRE,QMAIVXTWKA,2007,5.98,12.45922,68.52571,78.85348484,0.767142579,37.98995803,,,,13s,26,SCO,Dumfries & Galloway,Lowlands (Scotland),Moderadamente Ácido,3
TWDIGY,DUDYMUZLUU,2007,5.42,9.377568,51.576624,65.84914747,0.85114977,27.0021773,,,,6e,6,ENG,Somerset,Westerly lowlands (England),Moderadamente Ácido,3
TWDIGY,FMQZZHBFSS,2007,4.69,9.2399,50.81945,64.79966197,0.850063797,19.53597947,,,,6e,6,ENG,Somerset,Westerly lowlands (England),Fuertemenete Ácido,2
TWDIGY,HEAWQVWYXV,2007,5.85,11.96449,65.804695,88.94789082,0.901130138,32.11040577,,,,6e,6,ENG,Somerset,Westerly lowlands (England),Moderadamente Ácido,3
TWDIGY,OHQVQESUTA,2007,5.8,9.810159,53.9558745,71.9554235,0.889065051,33.77520035,,,,6e,6,ENG,Somerset,Westerly lowlands (England),Moderadamente Ácido,3
TWDIGY,YOYQKTPRIN,2007,5.22,9.1121,50.11655,58.11512183,0.773066274,26.38876619,,,,6e,6,ENG,Somerset,Westerly lowlands (England),Moderadamente Ácido,3
TWVNHH,GPZIDAGYDZ,2007,4.92,11.63035,63.966925,56.34816107,0.587263507,51.58758022,,,,26s,34,SCO,South Ayrshire,Lowlands (Scotland),Fuertemenete Ácido,2
TWVNHH,NQPWGTRHJX,2007,4.02,92.55235,509.037925,51.22712765,0.067090126,93.66776083,,,,26s,34,SCO,South Ayrshire,Lowlands (Scotland),Fuertemenete Ácido,2
TWVNHH,QOXKUDOQIC,2007,3.75,90.05405,495.297275,113.9652422,0.153396419,78.59093819,,,,26s,34,SCO,South Ayrshire,Lowlands (Scotland),Extremadamente Ácido,1
TWVNHH,WOFXACQOEP,2007,3.68,93.7696,515.7328,95.84910749,0.123900215,80.11618551,,,,26s,34,SCO,South Ayrshire,Lowlands (Scotland),Extremadamente Ácido,1
TZYVRC,JDNZUHCOQW,2007,5.6,13.58633,74.724815,64.23595044,0.573088966,55.04970281,0.49,4.212203899,9.06,31s,39,SCO,Eilean Siar,Intermediate uplands and Islands (Scotland),Moderadamente Ácido,3
TZYVRC,KCCFCTMHWO,2007,6.7,9.869447,54.2819585,67.70614999,0.831536565,45.04809724,0.35,4.365566968,11.3,31s,39,SCO,Eilean Siar,Intermediate uplands and Islands (Scotland),Neutro,5
TZYVRC,NRWTSKCWVF,2007,5.74,40.69634,223.82987,94.14197695,0.28039742,72.78585118,1.6,6.729538069,12.3,31s,39,SCO,Eilean Siar,Intermediate uplands and Islands (Scotland),Moderadamente Ácido,3
TZYVRC,ROLZRDEIUW,2007,5.79,10.90441,59.974255,70.50276193,0.783700294,43.36107136,0.4,4.702201765,7.56,31s,39,SCO,Eilean Siar,Intermediate uplands and Islands (Scotland),Moderadamente Ácido,3
TZYVRC,SZUNWKJGXN,2007,8.46,8.913251,49.0228805,79.1923573,1.07694416,32.99376159,0.31,5.007790345,98.7,31s,39,SCO,Eilean Siar,Intermediate uplands and Islands (Scotland),Moderadamente Alcalino,7
UAFKOG,CBYFHUTYXY,2007,7.69,8.253078,45.391929,58.21879811,0.855053595,30.1645481,,,,6e,6,ENG,Cornwall and Isles of Scilly,Westerly lowlands (England),Levemenete Alcalino,6
UAFKOG,JGVGYFGHSN,2007,6.25,9.599715,52.7984325,76.89301604,0.970900238,34.67921076,,,,6e,6,ENG,Cornwall and Isles of Scilly,Westerly lowlands (England),Levemenete Ácido,4
UAFKOG,SDFTEOXOWX,2007,6.41,9.59549,52.775195,54.66945911,0.690595384,35.86721759,,,,6e,6,ENG,Cornwall and Isles of Scilly,Westerly lowlands (England),Levemenete Ácido,4
UAYXVX,YUAQCGHVQC,2007,6.71,2.095164,11.523402,25.64862192,1.483857049,18.26488151,,,,1e,1,ENG,Hampshire,Westerly lowlands (England),Neutro,5
UBXRLL,FLDAFPRNLB,2007,3.58,81.5184,448.3512,36.07101928,0.053635066,93.29608488,,,,24s,32,SCO,Stirling,True uplands (Scotland),Extremadamente Ácido,1
UBXRLL,GOBXFEUNTS,2007,4.69,7.7354,42.5447,50.12143675,0.785392567,44.74578345,,,,24s,32,SCO,Stirling,True uplands (Scotland),Fuertemenete Ácido,2
UBXRLL,OKUQKUMZXZ,2007,4.23,86.6266,476.4463,34.79540542,0.048687411,94.8436223,,,,24s,32,SCO,Stirling,True uplands (Scotland),Fuertemenete Ácido,2
UBXRLL,TLOHVUJAAE,2007,4.13,90.9747,500.36085,61.38963139,0.081793811,92.61433648,,,,24s,32,SCO,Stirling,True uplands (Scotland),Fuertemenete Ácido,2
UBXRLL,XOLDEHDFON,2007,4.22,59.6122,327.8671,64.00507492,0.130144348,88.96690725,,,,24s,32,SCO,Stirling,True uplands (Scotland),Fuertemenete Ácido,2
UCUYAE,BBFXRQQJWY,2007,6.66,6.587673,36.2322015,53.88044153,0.991391438,28.70679364,0.29,4.312552756,13,16e,15,ENG,Lancashire,Westerly lowlands (England),Neutro,5
UCUYAE,ETMHWXBUVA,2007,6.24,9.362349,51.4929195,77.64920533,1.005305921,28.59181446,0.43,6.484223194,13.9,16e,15,ENG,Lancashire,Westerly lowlands (England),Levemenete Ácido,4
UCUYAE,GBESOZKJHH,2007,6.2,13.91936,76.55648,97.39396211,0.848122955,39.93491275,0.66,8.396417259,30.6,16e,15,ENG,Lancashire,Westerly lowlands (England),Levemenete Ácido,4
UCUYAE,LQZPZSFESM,2007,6,7.274633,40.0104815,64.97522393,1.082636707,25.80861882,0.34,5.521447208,18.3,16e,15,ENG,Lancashire,Westerly lowlands (England),Levemenete Ácido,4
UCUYAE,NLVVLORMTX,2007,6.56,9.490211,52.1961605,72.24653473,0.922756694,34.02818599,0.47,6.505434691,,16e,15,ENG,Lancashire,Westerly lowlands (England),Neutro,5
UDKSUO,BNMWPPINRV,2007,5.14,4.670332,25.686826,35.88797929,0.931423739,22.00301059,0.21,2.933984779,12.5,2e,2,ENG,Surrey,Easterly lowlands (England),Moderadamente Ácido,3
UDKSUO,EKGSPYHFOX,2007,7.88,14.81376,81.47568,105.03052,0.859401808,30.90418266,0.82,10.57064224,11.5,2e,2,ENG,Surrey,Easterly lowlands (England),Levemenete Alcalino,6
UDKSUO,EXTRBOKRFU,2007,7,4.740125,26.0706875,49.65774001,1.269823053,21.66960407,0.27,5.142783366,79.2,2e,2,ENG,Surrey,Easterly lowlands (England),Neutro,5
UDKSUO,TPJKRQPNEC,2007,8.2,17.10963,94.102965,106.8860885,0.757227919,37.3947437,0.9,10.2225769,12.2,2e,2,ENG,Surrey,Easterly lowlands (England),Moderadamente Alcalino,7
UEDLDK,HOYLAXEEAR,2007,7.21,8.017179,44.0944845,60.90842454,0.920877448,32.00422807,,,,17w3,19,WAL,Mid Glamorgan,Uplands (Wales),Neutro,5
UEDLDK,QRUYTITQIT,2007,6.12,7.285919,40.0725545,55.8566573,0.929258741,29.58572643,,,,17w3,19,WAL,Mid Glamorgan,Uplands (Wales),Levemenete Ácido,4
UEDLDK,SADLPBSPYG,2007,5.95,7.044877,38.7468235,59.72338543,1.027583339,26.81268536,,,,17w3,19,WAL,Mid Glamorgan,Uplands (Wales),Moderadamente Ácido,3
UEDLDK,UICGEWRXYA,2007,3.97,18.0965,99.53075,73.34942475,0.491301598,42.48617065,,,,17w3,19,WAL,Mid Glamorgan,Uplands (Wales),Extremadamente Ácido,1
UEDLDK,WZLXLYLJCH,2007,5.67,9.107468,50.091074,56.73465451,0.755086685,33.50796866,,,,17w3,19,WAL,Mid Glamorgan,Uplands (Wales),Moderadamente Ácido,3
UEEHNU,CQFMIGLMQZ,2007,8.26,4.38395,24.111725,43.35332004,1.198678791,19.8605208,,,,7e,7,ENG,Durham,Westerly lowlands (England),Moderadamente Alcalino,7
UEEHNU,NWNELVKGLC,2007,6.39,10.14722,55.80971,79.71177706,0.952185286,31.3687555,0.37,5.28462834,27,7e,7,ENG,Durham,Westerly lowlands (England),Levemenete Ácido,4
UEEHNU,QLFRHKBKDN,2007,7.67,49.33649,271.350695,255.9848934,0.62891527,34.02903165,1.02,9.622403632,14,7e,7,ENG,Durham,Westerly lowlands (England),Levemenete Alcalino,6
UEVYHS,AIVRPFFLWK,2007,5.93,8.913208,49.022644,72.99719778,0.992700404,27.66745785,,,,16e,15,ENG,Northumberland,Westerly lowlands (England),Moderadamente Ácido,3
UEVYHS,JAMSMWZVTA,2007,6.42,6.388114,35.134627,56.66037788,1.075109898,22.0314461,,,,16e,15,ENG,Northumberland,Westerly lowlands (England),Levemenete Ácido,4
UEVYHS,LELFIWIBGB,2007,7.54,4.765381,26.2095955,43.1631863,1.097897811,20.06309054,,,,16e,15,ENG,Northumberland,Westerly lowlands (England),Levemenete Alcalino,6
UEVYHS,NOXIAPBUOC,2007,4.11,15.53635,85.449925,76.05121465,0.59333943,24.54420326,,,,16e,15,ENG,Northumberland,Westerly lowlands (England),Fuertemenete Ácido,2
UEVYHS,YFLLFAZDXV,2007,6.45,6.948951,38.2192305,64.10195693,1.118144908,20.29183298,,,,16e,15,ENG,Northumberland,Westerly lowlands (England),Levemenete Ácido,4
UEZICR,BNXJJXTTDL,2007,6.32,6.575268,36.163974,42.75116923,0.788098661,26.80907682,0.34,4.019303171,25,7s,25,SCO,Dumfries & Galloway,Lowlands (Scotland),Levemenete Ácido,4
UEZICR,IPCHLVCYCS,2007,6.54,6.744944,37.097192,53.83824554,0.967516994,24.25241757,0.39,5.659974416,46,7s,25,SCO,Dumfries & Galloway,Lowlands (Scotland),Neutro,5
UEZICR,PHLDZFRSCN,2007,5.77,7.723962,42.481791,56.96181162,0.893901603,24.56106557,0.44,5.899750581,82.8,7s,25,SCO,Dumfries & Galloway,Lowlands (Scotland),Moderadamente Ácido,3
UFFUSX,KHHBKODJRG,2007,5.15,23.93788,131.65834,119.3627068,0.604406359,56.26431083,0.57,5.167674366,1.55,24s,32,SCO,Argyll & Bute,True uplands (Scotland),Moderadamente Ácido,3
UFFUSX,SILXNWJKVB,2007,5.05,90.8875,499.88125,41.62874598,0.05551818,94.03813544,,,,24s,32,SCO,Argyll & Bute,True uplands (Scotland),Moderadamente Ácido,3
UFFUSX,VOVXKPFCBQ,2007,4.34,95.335,524.3425,76.49539408,0.097258813,86.96437345,,,176,24s,32,SCO,Argyll & Bute,True uplands (Scotland),Fuertemenete Ácido,2
UGOANK,MNBAQKKLYR,2007,5.19,10.01389,55.076395,66.33627807,0.802960785,33.82048102,,,,6w,42,WAL,Gwynedd,Lowlands (Wales),Moderadamente Ácido,3
UGOANK,PKGGFNOJKW,2007,5.9,9.812158,53.966869,67.36507246,0.832178133,37.33384266,,,,6w,42,WAL,Gwynedd,Lowlands (Wales),Moderadamente Ácido,3
UGOANK,TPLXUXNYKP,2007,6.25,11.34887,62.418785,88.431202,0.944493467,35.99969316,,,,6w,42,WAL,Gwynedd,Lowlands (Wales),Levemenete Ácido,4
UGOANK,YIYPPOFCEB,2007,5.91,12.32396,67.78178,82.61630083,0.812571371,38.20905664,,,,6w,42,WAL,Gwynedd,Lowlands (Wales),Moderadamente Ácido,3
UGXHSQ,EPSNPDNUEA,2007,3.86,90.73936,499.06648,129.04145,0.172377102,81.43450796,,,,17w2,18,WAL,Powys,Uplands (Wales),Extremadamente Ácido,1
UGXHSQ,JGRLFLZSOX,2007,3.94,75.84906,417.16983,175.9625948,0.281200576,75.68978135,,,,17w2,18,WAL,Powys,Uplands (Wales),Extremadamente Ácido,1
UGXHSQ,LUVLVSZTHQ,2007,3.89,91.48767,503.182185,95.13752907,0.126047824,85.3542554,,,,17w2,18,WAL,Powys,Uplands (Wales),Extremadamente Ácido,1
UGXHSQ,PNRWQRSIIK,2007,3.9,90.33604,496.84822,88.72816976,0.119054695,86.56367615,,,,17w2,18,WAL,Powys,Uplands (Wales),Extremadamente Ácido,1
UGXHSQ,QZYSEEQFTI,2007,3.88,87.86308,483.24694,194.0531374,0.267707351,73.65062934,,,,17w2,18,WAL,Powys,Uplands (Wales),Extremadamente Ácido,1
UHIPLT,KKBDHFSMTZ,2007,4.24,11.98277,65.905235,76.31305769,0.771947354,28.24526627,,,,11e,11,ENG,Milton Keynes Unitary Authority,Easterly lowlands (England),Fuertemenete Ácido,2
UHIPLT,PPBCSBNHCO,2007,4.46,10.92717,60.099435,57.25065964,0.635065977,22.81683746,,,,11e,11,ENG,Milton Keynes Unitary Authority,Easterly lowlands (England),Fuertemenete Ácido,2
UHIPLT,ZMLUCJERBP,2007,4.03,5.404033,29.7221815,50.73160146,1.137906639,14.28398959,,,,11e,11,ENG,Milton Keynes Unitary Authority,Easterly lowlands (England),Fuertemenete Ácido,2
UHWAME,EOFDMPNFEQ,2007,6.34,3.698024,20.339132,35.37898007,1.159635854,23.1155187,,,,1e,1,ENG,Devon,Westerly lowlands (England),Levemenete Ácido,4
UHWAME,PUFDZVRJUS,2007,5.37,8.575843,47.1671365,91.895204,1.298859203,26.52510661,,,,1e,1,ENG,Devon,Westerly lowlands (England),Moderadamente Ácido,3
UHWAME,TZBEDXAXFW,2007,6.03,4.92547,27.090085,52.74079673,1.297911437,23.54044719,,,,1e,1,ENG,Devon,Westerly lowlands (England),Levemenete Ácido,4
UHWAME,XTWHSEJNLO,2007,6.61,3.645766,20.051713,44.69498491,1.485990579,20.44635148,,,,1e,1,ENG,Devon,Westerly lowlands (England),Neutro,5
UHWAME,XWJUXTOHBO,2007,5.79,7.306697,40.1868335,65.51486416,1.086837959,31.53015521,,,,1e,1,ENG,Devon,Westerly lowlands (England),Moderadamente Ácido,3
UIGLFJ,AAMXZLHVFQ,2007,3.93,77.77567,427.766185,67.45645567,0.105129793,90.21269255,,,,22s,30,SCO,South Ayrshire,True uplands (Scotland),Extremadamente Ácido,1
UIGLFJ,FXWBHBUFUE,2007,3.77,94.80191,521.410505,35.00531815,0.044757209,95.25941557,,,,22s,30,SCO,South Ayrshire,True uplands (Scotland),Extremadamente Ácido,1
UIGLFJ,HVMFHOMAHA,2007,3.81,91.86259,505.244245,58.713263,0.077471789,91.14515039,,,,22s,30,SCO,South Ayrshire,True uplands (Scotland),Extremadamente Ácido,1
UIGLFJ,JTXMXTRZJQ,2007,3.95,95.17822,523.48021,61.24632275,0.077998902,92.62828697,,,,22s,30,SCO,South Ayrshire,True uplands (Scotland),Extremadamente Ácido,1
UIGLFJ,LVUHCAHXHT,2007,3.64,92.02841,506.156255,67.84280126,0.089356861,90.35165851,,,,22s,30,SCO,South Ayrshire,True uplands (Scotland),Extremadamente Ácido,1
UISYES,CLBSZIXYSU,2007,5.94,6.834337,37.5888535,56.47603045,1.001644995,33.19163051,0.32,4.807895975,26,13e,13,ENG,Cheshire,Westerly lowlands (England),Moderadamente Ácido,3
UISYES,DLNSWXPOQK,2007,5.99,8.576436,47.170398,68.5785103,0.969230891,33.66313791,0.39,5.67000071,82.8,13e,13,ENG,Cheshire,Westerly lowlands (England),Moderadamente Ácido,3
UISYES,MHURHAWADE,2007,5.88,7.88899,43.389445,60.18961084,0.924796508,34.89023219,0.4,5.548779049,14.4,13e,13,ENG,Cheshire,Westerly lowlands (England),Moderadamente Ácido,3
UISYES,RIENYBDQVD,2007,5.82,5.73373,31.535515,49.58165953,1.048165527,19.82394836,0.24,3.773395896,47,13e,13,ENG,Cheshire,Westerly lowlands (England),Moderadamente Ácido,3
UIZSGP,BLVJYJHMOX,2007,6.08,9.157659,50.3671245,74.32839564,0.983821575,32.73508421,0.33,4.869916797,6,6w,42,WAL,Mid Glamorgan,Lowlands (Wales),Levemenete Ácido,4
UIZSGP,JIXLUKARIQ,2007,4.78,6.180922,33.995071,57.40477797,1.125747082,30.619658,0.39,6.58562043,9,6w,42,WAL,Mid Glamorgan,Lowlands (Wales),Fuertemenete Ácido,2
UIZSGP,JJZBQOVFMQ,2007,4.05,23.5049,129.27695,106.4359451,0.548878178,45.71370138,0.67,5.516225685,35,6w,42,WAL,Mid Glamorgan,Lowlands (Wales),Fuertemenete Ácido,2
UIZSGP,YXTRFRGWWG,2007,5.34,8.36156,45.98858,70.03265655,1.015218076,34.19696303,1.6,24.36523382,18,6w,42,WAL,Mid Glamorgan,Lowlands (Wales),Moderadamente Ácido,3
UKRUFP,BXPBWHUVUJ,2007,8.17,9.775648,53.766064,,,20.53667235,,,,3e,3,ENG,Suffolk,Easterly lowlands (England),Moderadamente Alcalino,7
UKRUFP,ERQCBOWBRM,2007,8.57,4.372201,24.0471055,52.16326269,1.446141136,21.04876927,,,,3e,3,ENG,Suffolk,Easterly lowlands (England),Moderadamente Alcalino,7
UKRUFP,FRKXEXPSMA,2007,8.48,3.9622,21.7921,51.07787158,1.562580678,18.70137377,,,,3e,3,ENG,Suffolk,Easterly lowlands (England),Moderadamente Alcalino,7
QTFGFT,CEIOJFDPQA,2007,6.1,12.9727,71.34985,94.567758,0.88360623,38.70187108,0.61,8.084997008,85.5,19e,21,ENG,Cumbria,Uplands (England),Levemenete Ácido,4
QTFGFT,DULFCKSFZQ,2007,6.85,17.03551,93.695305,104.6961784,0.744940766,41.52097533,0.81,9.051030308,42.1,19e,21,ENG,Cumbria,Uplands (England),Neutro,5
QTFGFT,EUFDFMRVPU,2007,6.5,7.807588,42.941734,72.04506014,1.118493261,30.25061476,0.39,6.543185577,11.9,19e,21,ENG,Cumbria,Uplands (England),Levemenete Ácido,4
QTFGFT,MMZONMTJTX,2007,6.56,7.083278,38.958029,65.60712527,1.122697545,29.9127564,0.34,5.725757479,19.5,19e,21,ENG,Cumbria,Uplands (England),Neutro,5
QTFGFT,XEJTTAIEJJ,2007,7.09,8.481228,46.646754,73.97528903,1.057240968,32.660513,0.44,6.977790389,13.2,19e,21,ENG,Cumbria,Uplands (England),Neutro,5
QVCPLP,AKMBNVOFWS,2007,4.64,95.92923,527.610765,43.12550034,0.05449156,94.80757353,1.8,1.471272115,28,30s,38,SCO,Eilean Siar,Intermediate uplands and Islands (Scotland),Fuertemenete Ácido,2
QVCPLP,CUDFCFEQOP,2007,4.76,96.51702,530.84361,51.07384146,0.06414173,93.5463933,1.82,1.751069236,26,30s,38,SCO,Eilean Siar,Intermediate uplands and Islands (Scotland),Fuertemenete Ácido,2
QVCPLP,HXXRKYKYGG,2007,4.52,95.91694,527.54317,65.30692773,0.082529647,91.53088999,1.7,2.104506009,19,30s,38,SCO,Eilean Siar,Intermediate uplands and Islands (Scotland),Fuertemenete Ácido,2
QVCPLP,QGIEFVLFUZ,2007,4.7,95.11449,523.129695,48.26047774,0.061502247,93.75741509,1.56,1.439152585,52,30s,38,SCO,Eilean Siar,Intermediate uplands and Islands (Scotland),Fuertemenete Ácido,2
QVCPLP,ULEKNMWOXI,2007,4.79,95.59073,525.749015,67.00159686,0.084960181,92.03489738,1.62,2.064532387,22,30s,38,SCO,Eilean Siar,Intermediate uplands and Islands (Scotland),Fuertemenete Ácido,2
QVIAYN,FLRPBDDPBR,2007,4.93,14.14741,77.810755,57.49121543,0.492572999,49.40064233,0.48,3.546525594,11,22s,30,SCO,Dumfries & Galloway,True uplands (Scotland),Fuertemenete Ácido,2
QVIAYN,MEFIOFKMJF,2007,4.1,95.32889541,524.3089247,,,47.61304174,0.54,,14,22s,30,SCO,Dumfries & Galloway,True uplands (Scotland),Fuertemenete Ácido,2
QVIAYN,RJHZMACCHI,2007,3.86,,,,,,1.9,,46,22s,30,SCO,Dumfries & Galloway,True uplands (Scotland),Extremadamente Ácido,1
QVIAYN,XJHBASDQGD,2007,3.75,37.67762,207.22691,86.41032707,0.277989402,67.86520971,1.01,4.211539435,19,22s,30,SCO,Dumfries & Galloway,True uplands (Scotland),Extremadamente Ácido,1
QVIAYN,ZUPHTMEEWU,2007,5.86,13.88,76.34,58.8257523,0.513717163,59.80992555,0.51,3.929936294,7,22s,30,SCO,Dumfries & Galloway,True uplands (Scotland),Moderadamente Ácido,3
QVZIXI,AOQIICXYDZ,2007,4.88,17.7757,97.76635,80.41524663,0.548349861,23.31992921,0.63,5.181906185,8.92,2e,2,ENG,Kent,Easterly lowlands (England),Fuertemenete Ácido,2
QVZIXI,KNOEZAVZUN,2007,4.65,5.110626,28.108443,47.11643998,1.117491993,11.07676548,0.17,2.849604582,5.78,2e,2,ENG,Kent,Easterly lowlands (England),Fuertemenete Ácido,2
QVZIXI,TBWPXDNRHX,2007,6.49,4.116455,22.6405025,48.482405,1.42760097,13.98576728,0.2,4.282802911,2.58,2e,2,ENG,Kent,Easterly lowlands (England),Levemenete Ácido,4
QVZIXI,XVSHTRYMSQ,2007,5.4,13.42262,73.82441,87.519821,0.79034221,18.29539087,0.35,4.149296601,59.5,2e,2,ENG,Kent,Easterly lowlands (England),Moderadamente Ácido,3
QVZIXI,ZEJZGLFNKR,2007,5.76,6.132234,33.727287,60.21438011,1.190220846,27.75715305,0.2,3.570662539,31.8,2e,2,ENG,Kent,Easterly lowlands (England),Moderadamente Ácido,3
QYKTYP,PPXEFNYCIB,2007,6.1,8.343520782,45.8893643,67.87769718,0.98610645,32.41527855,,,,5w,41,WAL,Powys,Lowlands (Wales),Levemenete Ácido,4
QYKTYP,TQENBBAQPJ,2007,5.67,8.349357352,45.92146544,71.29715899,1.035059288,32.10106124,,,,5w,41,WAL,Powys,Lowlands (Wales),Moderadamente Ácido,3
QYKTYP,YZDCNWKOUO,2007,5.2,6.968177632,38.32497698,54.96224244,0.956073502,34.0940282,,,,5w,41,WAL,Powys,Lowlands (Wales),Moderadamente Ácido,3
QYXARR,ESNQOQHKNS,2007,4.96,94.87328,521.80304,266.4977268,0.340483166,70.21348444,,,,32s,40,SCO,Eilean Siar,Intermediate uplands and Islands (Scotland),Fuertemenete Ácido,2
QYXARR,HXUHQXXAHQ,2007,5.1,20.47303,112.601665,81.00875504,0.479618456,61.08371625,,,,32s,40,SCO,Eilean Siar,Intermediate uplands and Islands (Scotland),Moderadamente Ácido,3
QYXARR,IRYIDUMEVW,2007,4.61,95.21248,523.66864,54.09853833,0.068871209,92.03831361,,,,32s,40,SCO,Eilean Siar,Intermediate uplands and Islands (Scotland),Fuertemenete Ácido,2
QYXARR,LQMUHZKPWG,2007,4.62,91.90544,505.47992,95.68099706,0.126191623,85.70032049,,,,32s,40,SCO,Eilean Siar,Intermediate uplands and Islands (Scotland),Fuertemenete Ácido,2
QYXARR,NUMECIIUVY,2007,4.59,94.90112,521.95616,56.21888247,0.07180537,92.22858631,,,,32s,40,SCO,Eilean Siar,Intermediate uplands and Islands (Scotland),Fuertemenete Ácido,2
QZUDIB,KHYSBZXGMH,2007,8.39,7.261345,39.9373975,49.52100635,0.826643855,40.84835435,,,,8e,8,ENG,Lincolnshire,Westerly lowlands (England),Moderadamente Alcalino,7
QZUDIB,MSARDFQQSN,2007,8.27,8.979053,49.3847915,61.9786087,0.836676054,47.32330754,,,,8e,8,ENG,Lincolnshire,Westerly lowlands (England),Moderadamente Alcalino,7
QZUDIB,PHACVPQPNU,2007,8.69,6.180355,33.9919525,46.61890493,0.914312585,35.15184334,,,,8e,8,ENG,Lincolnshire,Westerly lowlands (England),Moderadamente Alcalino,7
QZUDIB,RHAOWYXPLS,2007,8.32,9.054927,49.8020985,50.33287287,0.673771781,49.19919896,,,,8e,8,ENG,Lincolnshire,Westerly lowlands (England),Moderadamente Alcalino,7
RAGOWO,ETOWAKKFHG,2007,8.16,5.487825,30.1830375,45.7186561,1.009809038,30.96500758,,,,1e,1,ENG,Oxfordshire,Westerly lowlands (England),Moderadamente Alcalino,7
RAGOWO,IMSHEHIXHG,2007,6.06,10.2009,56.10495,76.07922739,0.904010875,31.27860604,,,,1e,1,ENG,Oxfordshire,Westerly lowlands (England),Levemenete Ácido,4
RAGOWO,JPVZIYIODR,2007,6.47,10.43103,57.370665,72.53071832,0.842831649,23.31139145,,,,1e,1,ENG,Oxfordshire,Westerly lowlands (England),Levemenete Ácido,4
RBTFVD,DDRHMVDIWS,2007,3.81,94.55453,520.049915,51.08529141,0.065487677,88.94586694,,,,17w2,18,WAL,Powys,Uplands (Wales),Extremadamente Ácido,1
RBTFVD,OWJVHGVWJG,2007,4.15,92.33275,507.830125,56.850175,0.074631486,92.90904432,,,,17w2,18,WAL,Powys,Uplands (Wales),Fuertemenete Ácido,2
RBTFVD,QUPNLRKKGS,2007,3.71,92.15067,506.828685,74.59068373,0.098114262,89.71024845,,,,17w2,18,WAL,Powys,Uplands (Wales),Extremadamente Ácido,1
RBTFVD,ZBCAVTSFDZ,2007,4.66,85.37587,469.567285,51.75096741,0.073473272,92.99324176,,,,17w2,18,WAL,Powys,Uplands (Wales),Fuertemenete Ácido,2
RBTFVD,ZSEFNASKWV,2007,3.89,93.49977,514.248735,56.47116982,0.073208632,92.52760383,,,,17w2,18,WAL,Powys,Uplands (Wales),Extremadamente Ácido,1
RBWKUY,FTRCVZDXGX,2007,4.72,12.39119,68.151545,87.32199317,0.854194312,33.32332556,0.54,6.91897393,16,17w2,18,WAL,Powys,Uplands (Wales),Fuertemenete Ácido,2
RBWKUY,PMDEDSVEZO,2007,5.23,9.496102,52.228561,65.86242859,0.840694916,28.59883091,0.53,6.683524586,30,17w2,18,WAL,Powys,Uplands (Wales),Moderadamente Ácido,3
RBWKUY,TLJENUIURM,2007,6.87,15.622,85.921,90.81491885,0.704638904,37.36007872,0.58,6.130358461,9,17w2,18,WAL,Powys,Uplands (Wales),Neutro,5
RBWKUY,WTKJBPVUFH,2007,4.32,6.773312,37.253216,30.58737117,0.547377729,26.06786915,0.28,2.298986463,4,17w2,18,WAL,Powys,Uplands (Wales),Fuertemenete Ácido,2
RDSYSP,JVCWKDACZE,2007,8.31,13.20693,72.638115,72.45438383,0.664980397,31.09637329,,,,2e,2,ENG,Wiltshire,Easterly lowlands (England),Moderadamente Alcalino,7
RDSYSP,LVQZNMHPBI,2007,8.22,18.09906,99.54483,102.5306401,0.686663085,28.31230586,,,,2e,2,ENG,Wiltshire,Easterly lowlands (England),Moderadamente Alcalino,7
RDSYSP,WMDVVMATPT,2007,8.4,6.916221,38.0392155,40.92946508,0.717320526,24.25906328,,,,2e,2,ENG,Wiltshire,Easterly lowlands (England),Moderadamente Alcalino,7
RDSYSP,XNWUNERTLG,2007,8.45,7.616184,41.889012,46.04128561,0.732750403,29.22957112,,,,2e,2,ENG,Wiltshire,Easterly lowlands (England),Moderadamente Alcalino,7
RIGILI,DERWHRZNUC,2007,6.99,6.834146,37.587803,66.4625587,1.178796549,30.32568037,,,,3e,3,ENG,East Sussex,Easterly lowlands (England),Neutro,5
RIGILI,HGLPDXAKZF,2007,6.73,4.581367,25.1975185,53.90903689,1.426305448,22.23792682,,,,3e,3,ENG,East Sussex,Easterly lowlands (England),Neutro,5
RIGILI,QJKLKHCALG,2007,6.89,6.333958,34.836769,62.27682466,1.191783403,29.40879475,,,,3e,3,ENG,East Sussex,Easterly lowlands (England),Neutro,5
RIGILI,ZSENODXQDG,2007,6.7,4.658805,25.6234275,56.67919326,1.474671132,24.19068756,,,,3e,3,ENG,East Sussex,Easterly lowlands (England),Neutro,5
RJYDPB,LSWFTZNWIO,2007,4.28,94.59081,520.249455,32.1296297,0.041172082,94.81359519,,,,13s,26,SCO,Argyll & Bute,Lowlands (Scotland),Fuertemenete Ácido,2
RJYDPB,QCEUKQSNNO,2007,4,91.37117,502.541435,79.68308333,0.105706817,87.625902,,,,13s,26,SCO,Argyll & Bute,Lowlands (Scotland),Fuertemenete Ácido,2
RJYDPB,TVYDEMNGAV,2007,4.83,96.55353,531.044415,67.59320471,0.084855683,90.45088053,,,,13s,26,SCO,Argyll & Bute,Lowlands (Scotland),Fuertemenete Ácido,2
RJYDPB,WONDSEEJNP,2007,4.33,96.0139,528.07645,44.49419551,0.056171407,91.43271469,,,,13s,26,SCO,Argyll & Bute,Lowlands (Scotland),Fuertemenete Ácido,2
RKOKSV,KCSLJZQJJG,2007,6.6,16.97631,93.369705,59.41880562,0.42425471,43.47252102,,,,17w2,18,WAL,Powys,Uplands (Wales),Neutro,5
RKOKSV,OWPXSHINUX,2007,5.58,9.550304,52.526672,73.55714503,0.933584688,34.97654827,,,,17w2,18,WAL,Powys,Uplands (Wales),Moderadamente Ácido,3
RKOKSV,ZFMQCCTBJH,2007,6.77,12.68441,69.764255,69.74841999,0.666515347,37.66464286,,,,17w2,18,WAL,Powys,Uplands (Wales),Neutro,5
RKOKSV,ZPDKUVDQXZ,2007,6.16,31.97758,175.87669,118.6896144,0.449897082,61.7005208,,,,17w2,18,WAL,Powys,Uplands (Wales),Levemenete Ácido,4
RLHVZO,DSOBYCEJVH,2007,4.8,90.21833,496.200815,58.91468659,0.07915436,91.98314461,1.93,2.29151871,34,29s,37,SCO,Eilean Siar,Intermediate uplands and Islands (Scotland),Fuertemenete Ácido,2
RLHVZO,HLEYMJKTSS,2007,4.38,95.55897,525.574335,85.70998349,0.108719139,89.31616054,1.54,2.511412102,68.7,29s,37,SCO,Eilean Siar,Intermediate uplands and Islands (Scotland),Fuertemenete Ácido,2
RLHVZO,NOITGJWEVA,2007,4.8,90.9509,500.22995,40.95104884,0.054576299,93.37659805,2.1,1.719153413,61,29s,37,SCO,Eilean Siar,Intermediate uplands and Islands (Scotland),Fuertemenete Ácido,2
RLHVZO,PBXLJXMWUR,2007,4.65,92.97894,511.38417,68.57474376,0.089397558,91.74006556,1.36,1.823710177,,29s,37,SCO,Eilean Siar,Intermediate uplands and Islands (Scotland),Fuertemenete Ácido,2
RLHVZO,PDWVEDIPCN,2007,4.38,29.96548,164.81014,42.47265424,0.171804373,81.33743726,0.66,1.700863296,2.33,29s,37,SCO,Eilean Siar,Intermediate uplands and Islands (Scotland),Fuertemenete Ácido,2
RLJGXU,BTKDDUZSVD,2007,5.44,10.9303,60.11665,58.29395404,0.646453787,50.91091857,0.41,3.975690788,7,22s,30,SCO,Scottish Borders,True uplands (Scotland),Moderadamente Ácido,3
RLJGXU,HNYJRJQVIM,2007,5.32,22.6043,124.32365,120.5367221,0.646359842,51.86055988,0.78,7.562410149,48,22s,30,SCO,Scottish Borders,True uplands (Scotland),Moderadamente Ácido,3
RLJGXU,IYCROEQBUR,2007,5.76,10.15161,55.833855,46.68489289,0.557426349,54.90110103,0.31,2.592032522,12,22s,30,SCO,Scottish Borders,True uplands (Scotland),Moderadamente Ácido,3
RLJGXU,YAKFDZSBBJ,2007,4.25,90.15491,495.852005,132.161273,0.177689138,82.57928864,2.49,6.636689302,38,22s,30,SCO,Scottish Borders,True uplands (Scotland),Fuertemenete Ácido,2
RMNIDX,GBDBPFKYTW,2007,8.03,8.614902,47.381961,65.88400233,0.926991355,30.11474078,0.37,5.144802019,25.2,3e,3,ENG,Cambridgeshire,Easterly lowlands (England),Moderadamente Alcalino,7
RMNIDX,INLEGNLCQK,2007,8.73,2.99587,16.477285,33.79940983,1.367515333,17.19932443,0.17,3.4871641,22.7,3e,3,ENG,Cambridgeshire,Easterly lowlands (England),Moderadamente Alcalino,7
RMNIDX,WHJMISXXTO,2007,8.4,6.371556,35.043558,62.83168548,1.195306433,24.53704569,0.33,5.916766844,10.3,3e,3,ENG,Cambridgeshire,Easterly lowlands (England),Moderadamente Alcalino,7
RMNIDX,XZXWUBMTKG,2007,8,2.785124,15.318182,33.78488365,1.470360893,15.3397447,0.14,3.087757875,26.2,3e,3,ENG,Cambridgeshire,Easterly lowlands (England),Moderadamente Alcalino,7
ROACVK,EHZZKLYTAZ,2007,7.84,11.08014,60.94077,118.8375457,1.300033302,23.50866269,0.55,10.72527474,88.5,12e,12,ENG,Cambridgeshire,Easterly lowlands (England),Levemenete Alcalino,6
ROACVK,EVAJKICLLP,2007,8.35,8.217255,45.1949025,76.80979011,1.133015537,20.06149866,0.42,7.137997885,185,12e,12,ENG,Cambridgeshire,Easterly lowlands (England),Moderadamente Alcalino,7
ROACVK,HQURBRKHKQ,2007,8.48,10.81601,59.488055,76.19383416,0.85388385,23.32755692,0.49,6.276046299,85.6,12e,12,ENG,Cambridgeshire,Easterly lowlands (England),Moderadamente Alcalino,7
ROACVK,OMJAZESZOL,2007,7.41,10.44344,57.43892,99.47809324,1.154595679,24.90978603,0.53,9.179035646,55.8,12e,12,ENG,Cambridgeshire,Easterly lowlands (England),Neutro,5
RRUXQW,IERTZOZEJB,2007,4.64,10.53874,57.96307,57.2631679,0.658616689,38.06014011,,,,17w2,18,WAL,Gwent,Uplands (Wales),Fuertemenete Ácido,2
RRUXQW,QHOZMEWNRQ,2007,5.08,5.232212,28.777166,38.91786667,0.901591368,31.36962635,,,,17w2,18,WAL,Gwent,Uplands (Wales),Moderadamente Ácido,3
RRUXQW,SZYNNREVDM,2007,4.46,16.96204,93.29122,72.16117351,0.515669631,42.87279536,,,,17w2,18,WAL,Gwent,Uplands (Wales),Fuertemenete Ácido,2
RRUXQW,UFBKFYIBBH,2007,3.98,18.16691,99.918005,52.33894285,0.349212623,51.66323817,,,,17w2,18,WAL,Gwent,Uplands (Wales),Extremadamente Ácido,1
RRUXQW,VQSSBPRUWT,2007,5.38,5.180315,28.4917325,49.46966218,1.157520863,21.38428876,,,,17w2,18,WAL,Gwent,Uplands (Wales),Moderadamente Ácido,3
RTQIEV,GJCAEDCNDX,2007,7,6.142374,33.783057,67.043614,1.323022445,20.00684302,0.35,6.945867835,44.3,5w,41,WAL,Clwyd,Lowlands (Wales),Neutro,5
RTQIEV,OBVZTWDLUP,2007,7.18,12.41337,68.273535,71.26813419,0.695907857,45.68348111,0.61,6.367556895,11.7,5w,41,WAL,Clwyd,Lowlands (Wales),Neutro,5
RTQIEV,UQYNUWJIVT,2007,6.69,8.816019,48.4881045,88.56666026,1.217709803,24.51522785,0.48,8.767510581,82.5,5w,41,WAL,Clwyd,Lowlands (Wales),Neutro,5
RTQIEV,YNPCUDCJEY,2007,6.83,10.97313,60.352215,90.08204574,0.995070308,22.12541075,0.58,8.657111679,64.9,5w,41,WAL,Clwyd,Lowlands (Wales),Neutro,5
RVGJUQ,IHDZGUFQUV,2007,5.56,5.158614595,28.37238027,43.01951702,1.010830876,24.83899035,0.22,3.335741892,130,7s,25,SCO,North Ayrshire,Lowlands (Scotland),Moderadamente Ácido,3
RVGJUQ,TASGOAPKHF,2007,5.7,5.108433735,28.09638554,40.71629421,0.966109897,35.44287219,0.22,3.18816266,29.2,7s,25,SCO,North Ayrshire,Lowlands (Scotland),Moderadamente Ácido,3
RVGJUQ,UXEOVEFYTY,2007,5.06,6.422944036,35.3261922,53.22705444,1.00448706,23.00307471,0.3,4.520191772,90.7,7s,25,SCO,North Ayrshire,Lowlands (Scotland),Moderadamente Ácido,3
RXBGEW,GSEEBWSXSH,2007,6.08,7.976337,43.8698535,64.44731968,0.979371399,30.90772257,0.39,5.729322683,24.5,6e,6,ENG,Cornwall and Isles of Scilly,Westerly lowlands (England),Levemenete Ácido,4
RXBGEW,KKTRQTJEQW,2007,6.23,8.123954,44.681747,57.02448263,0.850824426,29.89335609,0.37,4.722075565,17.8,6e,6,ENG,Cornwall and Isles of Scilly,Westerly lowlands (England),Levemenete Ácido,4
RXBGEW,KMUEGWHIDU,2007,6.44,8.559654,47.078097,72.83886255,1.03146144,31.59701863,0.35,5.415172558,18.8,6e,6,ENG,Cornwall and Isles of Scilly,Westerly lowlands (England),Levemenete Ácido,4
RXBGEW,NCHRQHEJFD,2007,4.99,12.23397,67.286835,87.13496075,0.863318565,37.37213622,0.54,6.992880376,34,6e,6,ENG,Cornwall and Isles of Scilly,Westerly lowlands (England),Fuertemenete Ácido,2
RXBGEW,XFCADKDWPO,2007,4.61,6.327631,34.8019705,54.34852691,1.041100569,30.21445933,0.26,4.060292217,2.27,6e,6,ENG,Cornwall and Isles of Scilly,Westerly lowlands (England),Fuertemenete Ácido,2
RYNWUT,ECURRVDHAW,2007,4.21,94.87195,521.795725,19.76223779,0.025249009,95.07909416,,,,30s,38,SCO,Argyll & Bute,Intermediate uplands and Islands (Scotland),Fuertemenete Ácido,2
RYNWUT,OKZNVPDWVD,2007,4.6,92.81689,510.492895,60.53043677,0.079048357,87.43421074,,,,30s,38,SCO,Argyll & Bute,Intermediate uplands and Islands (Scotland),Fuertemenete Ácido,2
RYNWUT,RCWJUFKPGK,2007,3.99,86.70638,476.88509,71.10977767,0.099408682,88.33283071,,,,30s,38,SCO,Argyll & Bute,Intermediate uplands and Islands (Scotland),Extremadamente Ácido,1
RYNWUT,REKGPJMKEH,2007,4.3,94.83631,521.599705,55.82415778,0.071349935,91.0723835,,,,30s,38,SCO,Argyll & Bute,Intermediate uplands and Islands (Scotland),Fuertemenete Ácido,2
RZMHKP,CIBAQOEOUJ,2007,5.24,70.04848,385.26664,59.64883112,0.103216534,86.62392666,2.71,4.195752125,36,31s,39,SCO,Shetland Islands,Intermediate uplands and Islands (Scotland),Moderadamente Ácido,3
RZMHKP,GNLIVMOKRZ,2007,4.56,95.86841,527.276255,32.55235201,0.041157871,87.64843969,,,,31s,39,SCO,Shetland Islands,Intermediate uplands and Islands (Scotland),Fuertemenete Ácido,2
RZMHKP,TZXPWXMAHX,2007,4.43,95.96227,527.792485,92.67524719,0.117060208,87.13112108,,,39,31s,39,SCO,Shetland Islands,Intermediate uplands and Islands (Scotland),Fuertemenete Ácido,2
RZMHKP,VGVPRNMQKF,2007,4.4,95.19046,523.54753,70.61374598,0.089917014,88.99404337,,,230,31s,39,SCO,Shetland Islands,Intermediate uplands and Islands (Scotland),Fuertemenete Ácido,2
RZMHKP,WXMVKOMLTV,2007,4.9,81.11029,446.106595,49.42594303,0.07386268,88.96622779,,,62,31s,39,SCO,Shetland Islands,Intermediate uplands and Islands (Scotland),Fuertemenete Ácido,2
RZPWIO,BNZUCFSWYR,2007,6.18,8.176473,44.9706015,75.85542411,1.124518709,27.89900924,0.38,6.409756641,11.1,10e,10,ENG,West Yorkshire,Westerly lowlands (England),Levemenete Ácido,4
RZPWIO,UQRMWDWILH,2007,6.49,6.532108,35.926594,66.97069143,1.242731989,23.62221558,0.3,5.592293951,33.9,10e,10,ENG,West Yorkshire,Westerly lowlands (England),Levemenete Ácido,4
RZPWIO,WFDETISEDI,2007,5.98,7.976166,43.868913,64.25525784,0.976473672,38.26016778,0.32,4.687073625,23.7,10e,10,ENG,West Yorkshire,Westerly lowlands (England),Moderadamente Ácido,3
SADWLS,GJHGZRVIYT,2007,4.26,45.45675,250.012125,181.8029566,0.484784372,63.15489147,1.24,9.016989321,12.3,18w,45,WAL,Gwynedd,Uplands (Wales),Fuertemenete Ácido,2
SADWLS,JWSMGJJKLA,2007,4.39,47.61079,261.859345,139.4191654,0.3549467,67.32250498,1.64,8.731688809,12.3,18w,45,WAL,Gwynedd,Uplands (Wales),Fuertemenete Ácido,2
SADWLS,UMVSOKOPLT,2007,4.35,20.02732,110.15026,99.61343117,0.602894211,52.05299375,1,9.043413167,9.27,18w,45,WAL,Gwynedd,Uplands (Wales),Fuertemenete Ácido,2
SADWLS,VECLMVOZTW,2007,4.26,75.06749,412.871195,75.55998917,0.122007364,85.9896634,,,205,18w,45,WAL,Gwynedd,Uplands (Wales),Fuertemenete Ácido,2
SADWLS,XGHVLVRAST,2007,4.94,66.73325,367.032875,82.23979555,0.14937771,79.03078334,,,31,18w,45,WAL,Gwynedd,Uplands (Wales),Fuertemenete Ácido,2
SCQIDT,DQDOWUAQQG,2007,7.05,9.163594,50.399767,73.52117983,0.972506875,19.6742723,0.51,7.43967759,86.1,9e,9,ENG,North East Lincolnshire Unitary Authority,Easterly lowlands (England),Neutro,5
SCQIDT,NQRWOQHYYQ,2007,8.29,6.220737,34.2140535,50.46467552,0.983312808,25.76235577,0.32,4.719901478,13.3,9e,9,ENG,North East Lincolnshire Unitary Authority,Easterly lowlands (England),Moderadamente Alcalino,7
SCQIDT,QDHMHXCLUW,2007,7.37,8.164925,44.9070875,79.57936459,1.181392797,27.51110664,0.39,6.911147865,21.3,9e,9,ENG,North East Lincolnshire Unitary Authority,Easterly lowlands (England),Neutro,5
SCQIDT,URQZWKTFZC,2007,7.49,7.579947,41.6897085,65.29175015,1.044090616,24.93662965,0.39,6.107930104,57.4,9e,9,ENG,North East Lincolnshire Unitary Authority,Easterly lowlands (England),Neutro,5
SEQVXD,CDAPQRTNCS,2007,6.37,5.291271,29.1019905,59.45274884,1.361940033,14.21123317,0.21,4.290111103,35.2,27s,35,SCO,"Edinburgh, City of",Lowlands (Scotland),Levemenete Ácido,4
SEQVXD,CRHEHVLEDR,2007,7.03,5.752304,31.637672,80.46750087,1.695605182,15.54395743,0.23,5.849837877,53.1,27s,35,SCO,"Edinburgh, City of",Lowlands (Scotland),Neutro,5
SEQVXD,OAEQFKCINS,2007,7.6,5.880061,32.3403355,62.09825329,1.280099136,18.61574155,0.23,4.416342019,78.2,27s,35,SCO,"Edinburgh, City of",Lowlands (Scotland),Levemenete Alcalino,6
SEQVXD,PCSEUGKVIJ,2007,5.38,7.622913,41.9260215,55.93326256,0.889396141,34.93794775,0.34,4.535920317,19.4,27s,35,SCO,"Edinburgh, City of",Lowlands (Scotland),Moderadamente Ácido,3
SEQVXD,XDNAKKCQWO,2007,7.21,4.513408,24.823744,48.54585129,1.303747769,15.75830675,0.17,3.324556811,68.2,27s,35,SCO,"Edinburgh, City of",Lowlands (Scotland),Neutro,5
SGZFTP,DFVITLKELL,2007,4.48,96.01996,528.10978,81.1359299,0.10242306,89.43033407,,,21,21s,29,SCO,Highland,True uplands (Scotland),Fuertemenete Ácido,2
SGZFTP,HJXKUWMHQZ,2007,4.58,65.28353,359.059415,104.0257425,0.193144901,80.60974873,1.39,4.027071177,9,21s,29,SCO,Highland,True uplands (Scotland),Fuertemenete Ácido,2
SGZFTP,HYEILTXLKJ,2007,6.09,48.35326,265.94293,63.84494121,0.160046722,84.81758043,1.37,3.288960133,9,21s,29,SCO,Highland,True uplands (Scotland),Levemenete Ácido,4
SGZFTP,KXWHDBGKVD,2007,4.92,82.576,454.168,35.36504647,0.051911842,94.39714009,,,3,21s,29,SCO,Highland,True uplands (Scotland),Fuertemenete Ácido,2
SGZFTP,YPZOXJFEWD,2007,4.55,80.8216,444.5188,194.4104009,0.291566822,73.79869669,1.16,5.073262708,3,21s,29,SCO,Highland,True uplands (Scotland),Fuertemenete Ácido,2
SHKRQL,COIDZYQWWV,2007,6.1,24.51812,134.84966,105.5301242,0.521717416,40.78065639,0.95,7.434473174,16.1,28s,36,SCO,Dumfries & Galloway,Intermediate uplands and Islands (Scotland),Levemenete Ácido,4
SHKRQL,LWHMWSGTKU,2007,5.92,26.90226,147.96243,126.5229649,0.570067978,39.26525615,1.13,9.662652223,55,28s,36,SCO,Dumfries & Galloway,Intermediate uplands and Islands (Scotland),Moderadamente Ácido,3
SHKRQL,LXCKBOOXKZ,2007,5.89,20.5088,112.7984,92.99788502,0.549640687,49.05086683,0.82,6.760580444,36.4,28s,36,SCO,Dumfries & Galloway,Intermediate uplands and Islands (Scotland),Moderadamente Ácido,3
SHKRQL,YNNODJDZPZ,2007,6.29,19.37602,106.56811,117.5455164,0.735338907,39.52303975,0.69,7.610757693,13.9,28s,36,SCO,Dumfries & Galloway,Intermediate uplands and Islands (Scotland),Levemenete Ácido,4
SHKRQL,YZYOAAUEGF,2007,5.73,19.14981,105.323955,118.8161844,0.752068127,43.30479644,0.79,8.912007308,8.22,28s,36,SCO,Dumfries & Galloway,Intermediate uplands and Islands (Scotland),Moderadamente Ácido,3
SHOJSV,EGHIOCYVCC,2007,5.11,14.39462,79.17041,77.90241922,0.655989354,50.53564035,0.38,3.73913932,7.37,32s,40,SCO,Orkney Islands,Intermediate uplands and Islands (Scotland),Moderadamente Ácido,3
SHOJSV,JENTNRQHOG,2007,5.97,10.89462,59.92041,83.86313625,0.933050316,33.96829028,0.48,6.717962277,72.8,32s,40,SCO,Orkney Islands,Intermediate uplands and Islands (Scotland),Moderadamente Ácido,3
SHOJSV,ROFTMDFOEW,2007,5.67,11.47573,63.116515,81.52174396,0.861071453,38.44765007,0.49,6.328875182,84.2,32s,40,SCO,Orkney Islands,Intermediate uplands and Islands (Scotland),Moderadamente Ácido,3
SHOJSV,TLRVYWRDED,2007,6.46,12.20274,67.11507,90.0424538,0.8944087,39.17270802,0.56,7.513033083,17.4,32s,40,SCO,Orkney Islands,Intermediate uplands and Islands (Scotland),Levemenete Ácido,4
SHOJSV,XDUKWEMTSU,2007,6.35,14.03521,77.193655,85.08728035,0.734838292,45.7646132,0.66,7.274899087,162,32s,40,SCO,Orkney Islands,Intermediate uplands and Islands (Scotland),Levemenete Ácido,4
SIATHT,BKWBWVVJEL,2007,6.27,12.10137,66.557535,78.30092692,0.784293137,35.86144984,0.6,7.058638237,35,1e,1,ENG,South Gloucestershire Unitary Authority,Westerly lowlands (England),Levemenete Ácido,4
SIATHT,OBIFUVLMTP,2007,6.36,13.24918,72.87049,86.50602564,0.791413421,41.71782787,0.63,7.478856826,17,1e,1,ENG,South Gloucestershire Unitary Authority,Westerly lowlands (England),Levemenete Ácido,4
SIATHT,UOVMEDVTPE,2007,7.66,11.17241,61.448255,89.33915683,0.969261664,33.95287806,0.56,8.141797977,26,1e,1,ENG,South Gloucestershire Unitary Authority,Westerly lowlands (England),Levemenete Alcalino,6
SIATHT,YECNCOAJTM,2007,6.46,13.49865,74.242575,80.58125227,0.723585286,27.37767338,0.72,7.814721086,110,1e,1,ENG,South Gloucestershire Unitary Authority,Westerly lowlands (England),Levemenete Ácido,4
SIVBDR,CANQACMNYE,2007,5.59,18.19263,100.059465,51.00372043,0.339822727,25.82081294,,,,17w2,18,WAL,Powys,Uplands (Wales),Moderadamente Ácido,3
SIVBDR,SHHRGVJQOB,2007,4,49.28138,271.04759,127.3013691,0.313109515,64.5525585,,,,17w2,18,WAL,Powys,Uplands (Wales),Fuertemenete Ácido,2
SIVBDR,SWZEKIARVG,2007,5.78,16.01555,88.085525,92.34882866,0.698933063,29.07072575,,,,17w2,18,WAL,Powys,Uplands (Wales),Moderadamente Ácido,3
SIVBDR,UKJEUXILSJ,2007,5.84,14.54471,79.995905,62.21409213,0.518477307,44.60692799,,,,17w2,18,WAL,Powys,Uplands (Wales),Moderadamente Ácido,3
SJEJAB,FFOIVGBZWJ,2007,6,69.97,384.835,182.5550662,0.316248204,72.63379854,,,,4e,4,ENG,Somerset,Easterly lowlands (England),Levemenete Ácido,4
SJEJAB,HFMIRCNUTK,2007,6.55,56.56921,311.130655,175.1361773,0.375268234,68.54996333,,,,4e,4,ENG,Somerset,Easterly lowlands (England),Neutro,5
SJEJAB,LXSQDTQEWL,2007,6.97,37.36679,205.517345,123.708196,0.401290366,66.07080377,,,,4e,4,ENG,Somerset,Easterly lowlands (England),Neutro,5
SJEJAB,PHMFNQLJYE,2007,7.73,14.24113,78.326215,115.941714,0.986827667,30.65840981,,,,4e,4,ENG,Somerset,Easterly lowlands (England),Levemenete Alcalino,6
SJEJAB,STOKMSXKUL,2007,8.18,9.02232,49.62276,73.45664267,0.986867621,35.82154988,,,,4e,4,ENG,Somerset,Easterly lowlands (England),Moderadamente Alcalino,7
SKMZOO,IUFIVCEMCV,2007,8.24,8.604426,47.324343,52.09563542,0.733880735,20.03537697,,,,2e,2,ENG,Wiltshire,Easterly lowlands (England),Moderadamente Alcalino,7
SKMZOO,LIUEOFDIRF,2007,8.29,11.33702,62.35361,70.58772625,0.754703443,21.33782999,,,,2e,2,ENG,Wiltshire,Easterly lowlands (England),Moderadamente Alcalino,7
SKMZOO,LMQGEPKSBO,2007,8.34,9.40554,51.73047,54.22455929,0.698808772,23.32621523,,,,2e,2,ENG,Wiltshire,Easterly lowlands (England),Moderadamente Alcalino,7
SKMZOO,OIHASNKIVT,2007,8.28,5.873506,32.304283,26.74989473,0.552040209,23.86535209,,,,2e,2,ENG,Wiltshire,Easterly lowlands (England),Moderadamente Alcalino,7
SLBSSG,ECKPRSIABQ,2007,4.13,15.56484,85.60662,109.3212819,0.851346012,25.12894849,,,,17w2,18,WAL,Powys,Uplands (Wales),Fuertemenete Ácido,2
SLBSSG,GFQAJFAUXW,2007,6.17,8.256169,45.4089295,70.08074998,1.028883537,35.41091939,,,,17w2,18,WAL,Powys,Uplands (Wales),Levemenete Ácido,4
SLBSSG,GTJBADCNGG,2007,4.82,33.20419,182.623045,82.60113803,0.301536016,69.83087393,,,,17w2,18,WAL,Powys,Uplands (Wales),Fuertemenete Ácido,2
SLBSSG,RNTRDQYRUA,2007,3.9,17.45202,95.98611,11.42857584,0.079376595,88.56308813,,,,17w2,18,WAL,Powys,Uplands (Wales),Extremadamente Ácido,1
SLBSSG,SLDDBTWKLZ,2007,5.3,8.603269,47.3179795,61.44663014,0.865726316,36.9891999,,,,17w2,18,WAL,Powys,Uplands (Wales),Moderadamente Ácido,3
SNIVSZ,MUSQYZILQL,2007,8.25,20.12271,110.674905,80.27563923,0.483552191,60.01341503,1.08,7.833545497,16.6,2e,2,ENG,Hampshire,Easterly lowlands (England),Moderadamente Alcalino,7
SNIVSZ,NJXQHRRIIO,2007,7.37,13.34079,73.374345,96.71585533,0.878743611,38.30326184,0.74,9.754054083,17.1,2e,2,ENG,Hampshire,Easterly lowlands (England),Neutro,5
SNIVSZ,RUDGNCYBOE,2007,4.65,8.930223,49.1162265,54.43604562,0.738873885,38.3501626,0.36,3.989918978,3,2e,2,ENG,Hampshire,Easterly lowlands (England),Fuertemenete Ácido,2
SNIVSZ,SFVVFRSEGL,2007,6,6.859984,37.729912,61.09583115,1.079529528,31.70912866,0.38,6.153318311,5.35,2e,2,ENG,Hampshire,Easterly lowlands (England),Levemenete Ácido,4
SOXGJY,FSOZQSBWHP,2007,5.32,6.541045,35.9757475,58.97615474,1.092887271,33.07046634,0.38,6.229457442,5.87,17e,16,ENG,County of Herefordshire Unitary Authority,Uplands (England),Moderadamente Ácido,3
SOXGJY,OINTTZUQNM,2007,4.43,6.282503,34.5537665,48.99224882,0.945237018,21.04620701,0.3,4.253566582,3.43,17e,16,ENG,County of Herefordshire Unitary Authority,Uplands (England),Fuertemenete Ácido,2
SOXGJY,SKSIXTWUGB,2007,4.34,11.70634,64.38487,61.08105727,0.63245767,36.34231072,0.55,5.217775775,6.02,17e,16,ENG,County of Herefordshire Unitary Authority,Uplands (England),Fuertemenete Ácido,2
SOXGJY,UEWNNATVLR,2007,6.63,9.914593,54.5302615,59.69973918,0.729866775,42.88190117,0.47,5.145560766,8.63,17e,16,ENG,County of Herefordshire Unitary Authority,Uplands (England),Neutro,5
SOXGJY,WZARUVRWBU,2007,5.49,6.602318,36.312749,62.92133142,1.155174296,26.52863734,0.34,5.891388912,4.93,17e,16,ENG,County of Herefordshire Unitary Authority,Uplands (England),Moderadamente Ácido,3
SQOIDY,DORPNARFTM,2007,6.37,84.88956,466.89258,105.5460185,0.150707069,84.72494979,2.54,5.741939334,26,19s,28,SCO,Scottish Borders,Intermediate uplands and Islands (Scotland),Levemenete Ácido,4
SQOIDY,JRQCDMOHPG,2007,5.03,13.27717,73.024435,86.88405884,0.793196221,36.69258727,0.54,6.424889392,22.7,19s,28,SCO,Scottish Borders,Intermediate uplands and Islands (Scotland),Moderadamente Ácido,3
SQOIDY,OHUDRTVFMP,2007,4.71,18.37647,101.070585,106.6962801,0.703774034,43.78021917,0.72,7.600759572,29.7,19s,28,SCO,Scottish Borders,Intermediate uplands and Islands (Scotland),Fuertemenete Ácido,2
SQOIDY,PHQIBNYTZC,2007,3.96,74.15998,407.87989,137.7021205,0.225069723,79.27597348,2.59,8.743958721,14.2,19s,28,SCO,Scottish Borders,Intermediate uplands and Islands (Scotland),Extremadamente Ácido,1
SQOIDY,YJETYQCYYK,2007,3.97,17.35629,95.459595,80.6381961,0.56315761,60.17625005,0.56,4.730523926,6.66,19s,28,SCO,Scottish Borders,Intermediate uplands and Islands (Scotland),Extremadamente Ácido,1
SSAXXL,DXBEDAGMKG,2007,3.33,95.94744,527.71092,68.55006072,0.086600521,80.33436426,,,,22s,30,SCO,Aberdeenshire,True uplands (Scotland),Extremadamente Ácido,1
SSAXXL,IWTCNYBPQC,2007,3.79,89.16556,490.41058,65.16271237,0.088582527,91.50069668,,,,22s,30,SCO,Aberdeenshire,True uplands (Scotland),Extremadamente Ácido,1
SSAXXL,JSRFMIQNSE,2007,4.28,33.15195,182.335725,118.4284493,0.433005104,55.462841,,,,22s,30,SCO,Aberdeenshire,True uplands (Scotland),Fuertemenete Ácido,2
SSAXXL,MDOUICHGIL,2007,3.83,91.87672,505.32196,114.7300891,0.151362363,83.20883174,,,,22s,30,SCO,Aberdeenshire,True uplands (Scotland),Extremadamente Ácido,1
SSAXXL,MRWXODYDXZ,2007,4.2,93.66595,515.162725,73.94282789,0.095688636,90.40178487,,,,22s,30,SCO,Aberdeenshire,True uplands (Scotland),Fuertemenete Ácido,2
SSUYPV,AZKKWITMOZ,2007,7.91,5.241976,28.830868,54.01431853,1.24899277,17.92913878,,,,11e,11,ENG,Northamptonshire,Easterly lowlands (England),Levemenete Alcalino,6
SSUYPV,CJLGNXLFRP,2007,8.6,5.36993,29.534615,61.51720503,1.388589965,25.56024319,,,,11e,11,ENG,Northamptonshire,Easterly lowlands (England),Moderadamente Alcalino,7
SSUYPV,GDMWEUGWLU,2007,7.56,6.167756,33.922658,50.88373203,0.999994989,20.31510053,,,,11e,11,ENG,Northamptonshire,Easterly lowlands (England),Levemenete Alcalino,6
SSUYPV,IFVREKAEGF,2007,6.81,6.3746,35.0603,62.66034609,1.191477656,24.85876511,,,,11e,11,ENG,Northamptonshire,Easterly lowlands (England),Neutro,5
SSUYPV,LXRZQHTULO,2007,8.33,3.780797,20.7943835,36.72807186,1.177499744,18.02834874,,,,11e,11,ENG,Northamptonshire,Easterly lowlands (England),Moderadamente Alcalino,7
STXVMF,HHRNBARQLK,2007,4.75,9.206611,50.6363605,70.77841231,0.931852284,36.12849242,0.4,5.591113707,12,29s,37,SCO,Argyll & Bute,Intermediate uplands and Islands (Scotland),Fuertemenete Ácido,2
STXVMF,PHHPIRNODN,2007,4.66,84.92839568,467.1061763,72.36820186,0.10328587,88.93821683,2.12,3.284490673,11,29s,37,SCO,Argyll & Bute,Intermediate uplands and Islands (Scotland),Fuertemenete Ácido,2
STXVMF,RFHBQAPGRD,2007,5.02,12.30369,67.670295,65.81011964,0.648340798,48.68785698,0.57,5.543313827,69.2,29s,37,SCO,Argyll & Bute,Intermediate uplands and Islands (Scotland),Moderadamente Ácido,3
STXVMF,RPLEUJEYML,2007,4.28,32.11474,176.63107,70.3508445,0.265528386,71.56680425,0.89,3.544803958,10.3,29s,37,SCO,Argyll & Bute,Intermediate uplands and Islands (Scotland),Fuertemenete Ácido,2
STXVMF,RZKLOAECJR,2007,4.08,95.6569,526.11295,50.45536538,0.06393477,89.03015259,1.67,1.601565979,147,29s,37,SCO,Argyll & Bute,Intermediate uplands and Islands (Scotland),Fuertemenete Ácido,2
SUADBS,DEDLVWUCTH,2007,5.9,16.42162,90.31891,76.17084265,0.562236211,55.12773616,,,,21s,29,SCO,Highland,True uplands (Scotland),Moderadamente Ácido,3
SUADBS,GNCDBPFRAU,2007,4.36,96.46035,530.531925,67.82036127,0.085223098,90.56118012,,,,21s,29,SCO,Highland,True uplands (Scotland),Fuertemenete Ácido,2
SUADBS,JIIUJTZSAZ,2007,4.38,84.25451,463.399805,81.88028282,0.117796457,89.30196726,,,,21s,29,SCO,Highland,True uplands (Scotland),Fuertemenete Ácido,2
SUADBS,QCJHKVXSCV,2007,4.62,83.05094,456.78017,,,,,,,21s,29,SCO,Highland,True uplands (Scotland),Fuertemenete Ácido,2
SUADBS,WXDBIBKWGV,2007,5.85,37.98287,208.905785,72.3719499,0.230955627,77.55793296,,,,21s,29,SCO,Highland,True uplands (Scotland),Moderadamente Ácido,3
SUADYK,MWWYDYKDSM,2007,7.11,13.53937,74.466535,85.84443113,0.768528048,39.60549007,0.54,6.225077185,5.02,11e,11,ENG,Oxfordshire,Easterly lowlands (England),Neutro,5
SUADYK,RGTWAFSCCK,2007,7.48,6.481696,35.649328,63.17363524,1.181389922,24.61866924,0.26,4.607420696,10.3,11e,11,ENG,Oxfordshire,Easterly lowlands (England),Neutro,5
SUADYK,TGJHQYXDOX,2007,5.37,10.06506,55.35783,60.26367934,0.72574713,30.40160485,0.34,3.701310361,9.26,11e,11,ENG,Oxfordshire,Easterly lowlands (England),Moderadamente Ácido,3
SUADYK,XCCDKXTZTD,2007,7.76,10.91591,60.037505,85.92713954,0.954149572,35.37364241,0.44,6.297387174,4.18,11e,11,ENG,Oxfordshire,Easterly lowlands (England),Levemenete Alcalino,6
SUGYHV,FDEAUOVVBR,2007,4.01,94.0102,517.0561,114.0947468,0.147108147,85.68979895,,,103,23s,31,SCO,Perth & Kinross,True uplands (Scotland),Fuertemenete Ácido,2
SUGYHV,JUZWFOAXJI,2007,4.43,28.20852,155.14686,98.29675122,0.422381526,64.39871267,0.87,5.512078914,8.07,23s,31,SCO,Perth & Kinross,True uplands (Scotland),Fuertemenete Ácido,2
SUGYHV,KOLOODMPGJ,2007,4.38,74.58944,410.24192,162.967039,0.264830792,76.55291685,,,21.5,23s,31,SCO,Perth & Kinross,True uplands (Scotland),Fuertemenete Ácido,2
SUGYHV,RUBCMAKSTQ,2007,4.66,15.04486,82.74673,81.4788461,0.65645169,45.28102199,0.34,3.347903618,5.12,23s,31,SCO,Perth & Kinross,True uplands (Scotland),Fuertemenete Ácido,2
SUGYHV,TSQPUMJHAG,2007,4.16,93.97639,516.870145,45.64055174,0.058867851,91.59982473,,,72,23s,31,SCO,Perth & Kinross,True uplands (Scotland),Fuertemenete Ácido,2
SURVKO,CEJPUEXFAR,2007,3.73,14.8073,81.44015,83.32772837,0.682118328,38.44722599,,,,10e,10,ENG,West Yorkshire,Westerly lowlands (England),Extremadamente Ácido,1
SURVKO,FAHVILFASQ,2007,6.62,9.789918,53.844549,84.57363441,1.047133349,35.75409977,,,,10e,10,ENG,West Yorkshire,Westerly lowlands (England),Neutro,5
SURVKO,GDNZZBHFEC,2007,4.2,8.123774,44.680757,72.91621619,1.087958532,28.10614078,,,,10e,10,ENG,West Yorkshire,Westerly lowlands (England),Fuertemenete Ácido,2
SURVKO,GSJYYXJFJJ,2007,6,10.52154,57.86847,88.7788281,1.022765686,31.41083936,,,,10e,10,ENG,West Yorkshire,Westerly lowlands (England),Levemenete Ácido,4
SURVKO,UNDZRJXNBK,2007,6.08,10.35603,56.958165,80.883375,0.946699213,42.3604456,,,,10e,10,ENG,West Yorkshire,Westerly lowlands (England),Levemenete Ácido,4
SXFQWQ,FUAQLASTBH,2007,6.61,5.134764,28.241202,53.83024449,1.270726,23.96761051,0.29,5.527658101,70.4,26s,34,SCO,Fife,Lowlands (Scotland),Neutro,5
SXFQWQ,GBGYVSRYXL,2007,7.17,4.214659,23.1806245,34.30145251,0.986497797,18.48945871,0.19,2.811518722,59.6,26s,34,SCO,Fife,Lowlands (Scotland),Neutro,5
SXFQWQ,GJQKNMVYSJ,2007,6,3.659494,20.127217,36.76392179,1.217718336,20.09424656,0.19,3.470497257,70.5,26s,34,SCO,Fife,Lowlands (Scotland),Levemenete Ácido,4
SXFQWQ,YEQMTCTITV,2007,5.27,5.823086,32.026973,50.55140689,1.052267347,26.32648417,0.29,4.577362961,105,26s,34,SCO,Fife,Lowlands (Scotland),Moderadamente Ácido,3
SXVOJP,BJHYVPRHID,2007,,,,,,,0.04,,,21s,29,SCO,East Ayrshire,True uplands (Scotland),,
SXVOJP,CQWTXTVTCJ,2007,4,84.65313,465.592215,78.86952285,0.112930758,83.40194901,1.69,2.862794723,32,21s,29,SCO,East Ayrshire,True uplands (Scotland),Fuertemenete Ácido,2
SXVOJP,DHGIDMFORB,2007,4.02,76.60918,421.35049,103.675797,0.164037303,78.35866353,1.79,4.404401586,216,21s,29,SCO,East Ayrshire,True uplands (Scotland),Fuertemenete Ácido,2
SXVOJP,FTMYHDVRWZ,2007,4.07,94.58778,520.23279,71.77757033,0.091981348,89.32594733,1.7,2.345524386,,21s,29,SCO,East Ayrshire,True uplands (Scotland),Fuertemenete Ácido,2
SXXOPZ,BMLLVOJUAV,2007,4.58,95.76846,526.72653,97.65896894,0.123604899,88.54709487,,,34,32s,40,SCO,Shetland Islands,Intermediate uplands and Islands (Scotland),Fuertemenete Ácido,2
SXXOPZ,EYQAEPQCML,2007,4.32,94.90734,521.99037,97.29716738,0.12426432,87.92307023,1.76,3.280578042,108,32s,40,SCO,Shetland Islands,Intermediate uplands and Islands (Scotland),Fuertemenete Ácido,2
SXXOPZ,GEAMEFPCJT,2007,4.19,95.52742,525.40081,84.23445022,0.106882782,89.00377302,,,38,32s,40,SCO,Shetland Islands,Intermediate uplands and Islands (Scotland),Fuertemenete Ácido,2
SXXOPZ,YUEIBVZFDK,2007,4.65,91.36296,502.49628,85.89037831,0.113951594,87.55879717,2.29,3.914237262,131,32s,40,SCO,Shetland Islands,Intermediate uplands and Islands (Scotland),Fuertemenete Ácido,2
SXXOPZ,YYUULLNVTR,2007,4.31,95.82941,527.061755,107.2301822,0.135632661,86.68022997,,,32,32s,40,SCO,Shetland Islands,Intermediate uplands and Islands (Scotland),Fuertemenete Ácido,2
SYFGLR,AFJURABGPL,2007,8.75,6.603235,36.3177925,44.96798286,0.825453674,45.10551187,0.28,3.46690543,15,1e,1,ENG,Worcestershire,Westerly lowlands (England),Moderadamente Alcalino,7
SYFGLR,KLRNSJQGNN,2007,6.96,13.40557,73.730635,90.43452939,0.81770198,39.36994349,0.58,7.11400723,10,1e,1,ENG,Worcestershire,Westerly lowlands (England),Neutro,5
SYFGLR,WLVZZOYUWE,2007,8.24,9.303084,51.166962,59.13793502,0.770522393,33.49423181,0.43,4.969869436,11,1e,1,ENG,Worcestershire,Westerly lowlands (England),Moderadamente Alcalino,7
SZHMUG,DSDFBEJHDU,2007,5.77,12.86386,70.75123,77.23530205,0.727764045,30.85120608,,,,17e,16,ENG,Shropshire,Uplands (England),Moderadamente Ácido,3
SZHMUG,FASQUMXXFS,2007,5.86,12.71191,69.915505,86.60922153,0.825846585,25.13192825,,,,17e,16,ENG,Shropshire,Uplands (England),Moderadamente Ácido,3
SZHMUG,KIQHNAGHUW,2007,5.23,15.84325,87.137875,79.56048573,0.608694254,22.03306373,,,,17e,16,ENG,Shropshire,Uplands (England),Moderadamente Ácido,3
SZHMUG,YPLGYNBXIQ,2007,5.79,10.61975,58.408625,73.62953624,0.840395703,24.09983779,,,,17e,16,ENG,Shropshire,Uplands (England),Moderadamente Ácido,3
SZHMUG,ZHODRRWAAR,2007,5.18,16.6841,91.76255,54.72230568,0.397564552,29.29460305,,,,17e,16,ENG,Shropshire,Uplands (England),Moderadamente Ácido,3
SZQTHT,JIBOSLXICJ,2007,4.46,25.02001,137.610055,102.7778168,0.497918154,56.25921352,,,,19s,28,SCO,Stirling,Intermediate uplands and Islands (Scotland),Fuertemenete Ácido,2
SZQTHT,KCTLOFZEDO,2007,4.52,19.20733,105.640315,81.04260831,0.511437376,48.18620636,,,,19s,28,SCO,Stirling,Intermediate uplands and Islands (Scotland),Fuertemenete Ácido,2
SZQTHT,VKQICIAQIR,2007,4.25,28.53042,156.91731,101.9615235,0.433185791,63.83841876,,,,19s,28,SCO,Stirling,Intermediate uplands and Islands (Scotland),Fuertemenete Ácido,2
SZQTHT,ZXEXNVQSPE,2007,3.88,17.29305,95.111775,71.26001992,0.499482634,47.55779422,,,,19s,28,SCO,Stirling,Intermediate uplands and Islands (Scotland),Extremadamente Ácido,1
SZZFDN,FUFXYDMRGD,2007,4.09,45.65909,251.124995,151.7379462,0.402821833,62.69984665,1.21,7.311216268,12,22e,22,ENG,Durham,Uplands (England),Fuertemenete Ácido,2
SZZFDN,SBJUWNHRBW,2007,4.27,15.06593292,82.86263108,91.37255588,0.735132791,36.80942883,0.49,5.403226014,3,22e,22,ENG,Durham,Uplands (England),Fuertemenete Ácido,2
SZZFDN,UYOVHMEJEE,2007,3.9,92.12617,506.693935,43.34270865,0.057026811,91.65331295,,,18,22e,22,ENG,Durham,Uplands (England),Extremadamente Ácido,1
TAJFPX,EFFELYBPGO,2007,8.31,5.573988,30.656934,57.11472003,1.242018527,26.1686336,,,,9e,9,ENG,East Riding of Yorkshire Unitary Authority,Easterly lowlands (England),Moderadamente Alcalino,7
TAJFPX,LPXILNEPBS,2007,8.35,4.738323,26.0607765,54.41539686,1.392012676,22.82226175,,,,9e,9,ENG,East Riding of Yorkshire Unitary Authority,Easterly lowlands (England),Moderadamente Alcalino,7
TAJFPX,OXPWXDAQHF,2007,8.36,4.027366,22.150513,41.23923299,1.241182179,17.07900591,,,,9e,9,ENG,East Riding of Yorkshire Unitary Authority,Easterly lowlands (England),Moderadamente Alcalino,7
TAJFPX,THSSRMJWXH,2007,8.44,7.655291,42.1041005,57.17897935,0.905358839,31.19223927,,,,9e,9,ENG,East Riding of Yorkshire Unitary Authority,Easterly lowlands (England),Moderadamente Alcalino,7
TAJFPX,ULFTTDSKLK,2007,8.43,5.740073,31.5704015,58.86671413,1.243078144,23.56574319,,,,9e,9,ENG,East Riding of Yorkshire Unitary Authority,Easterly lowlands (England),Moderadamente Alcalino,7
TAZMMI,DMBCZEODIE,2007,4.2,51.33302,282.33161,97.11552631,0.229317873,47.51989382,1.41,4.850073008,151,6e,6,ENG,Somerset,Westerly lowlands (England),Fuertemenete Ácido,2
TAZMMI,HBEWIEOGTQ,2007,3.51,92.52556,508.89058,80.99898708,0.106111858,64.06776201,2.05,3.262939619,79,6e,6,ENG,Somerset,Westerly lowlands (England),Extremadamente Ácido,1
TAZMMI,IPCYZBAKKI,2007,3.49,64.59885,355.293675,92.7787811,0.174088438,51.7998864,1.33,3.473064328,18,6e,6,ENG,Somerset,Westerly lowlands (England),Extremadamente Ácido,1
TAZMMI,LSALNTYAWU,2007,6.15,5.869255,32.2809025,44.9121043,0.927526821,20.33442172,0.3,4.173870693,14.3,6e,6,ENG,Somerset,Westerly lowlands (England),Levemenete Ácido,4
TAZMMI,QOGKXJPQWT,2007,3.7,77.28652,425.07586,137.7042403,0.215968102,55.1778279,1.5,4.859282303,30,6e,6,ENG,Somerset,Westerly lowlands (England),Extremadamente Ácido,1
TBRBZK,ANGOWNLCFX,2007,4.78,58.63097,322.470335,116.212732,0.240255138,77.20811718,,,,21s,29,SCO,Highland,True uplands (Scotland),Fuertemenete Ácido,2
TBRBZK,BHHGJDGZMH,2007,5.12,42.71648,234.94064,117.0396661,0.332111311,70.05967375,,,,21s,29,SCO,Highland,True uplands (Scotland),Moderadamente Ácido,3
TBRBZK,BJZIIACDFR,2007,4.51,93.23077,512.769235,81.17547955,0.105538676,89.29127989,,,,21s,29,SCO,Highland,True uplands (Scotland),Fuertemenete Ácido,2
TBRBZK,EDASDHLYGQ,2007,5.2,48.35361,265.944855,76.72206428,0.192325747,82.25048387,,,,21s,29,SCO,Highland,True uplands (Scotland),Moderadamente Ácido,3
TBRBZK,PZFBSZBRSU,2007,5.7,13.52761,74.401855,80.55848272,0.721832206,46.00656701,,,,21s,29,SCO,Highland,True uplands (Scotland),Moderadamente Ácido,3
TBXJJD,ASDPXOMMNV,2007,6.92,3.836862,21.102741,35.92104673,1.134798768,9.806110118,,,,12e,12,ENG,Nottinghamshire,Easterly lowlands (England),Neutro,5
TBXJJD,DEEZPJECHR,2007,7.8,3.919492,21.557206,40.78479732,1.261288911,11.88455515,,,,12e,12,ENG,Nottinghamshire,Easterly lowlands (England),Levemenete Alcalino,6
TBXJJD,OXGAOQCISE,2007,7.69,8.199056,45.094808,73.54595954,1.087279043,17.17035735,,,,12e,12,ENG,Nottinghamshire,Easterly lowlands (England),Levemenete Alcalino,6
TBXJJD,PILGGHQSOT,2007,7.22,4.307127,23.6891985,43.47309167,1.223429367,13.47652767,,,,12e,12,ENG,Nottinghamshire,Easterly lowlands (England),Neutro,5
TBXJJD,PJZLOZLIYX,2007,7.12,3.911784,21.514812,38.95973318,1.20722205,15.23960642,,,,12e,12,ENG,Nottinghamshire,Easterly lowlands (England),Neutro,5
TDZOHS,BHJCKGOZYR,2007,5.68,3.932949,21.6312195,36.59801011,1.127937951,22.68675079,0.17,2.876241776,23,27s,35,SCO,Angus,Lowlands (Scotland),Moderadamente Ácido,3
TDZOHS,GRVMWLKQGK,2007,6.43,5.373435,29.5538925,37.52669205,0.84651437,26.69458855,0.19,2.412565956,28,27s,35,SCO,Angus,Lowlands (Scotland),Levemenete Ácido,4
TDZOHS,PHFLHJFXXW,2007,5.53,3.65545,20.104975,25.29995753,0.838928591,14.94196228,0.16,2.013428619,41,27s,35,SCO,Angus,Lowlands (Scotland),Moderadamente Ácido,3
TDZOHS,PXUEZWEMUK,2007,5.9,5.131663,28.2241465,41.77059028,0.986639585,21.1189116,0.21,3.107914692,30,27s,35,SCO,Angus,Lowlands (Scotland),Moderadamente Ácido,3
TGNTVD,MSSTURZFIM,2007,5.02,6.092498,33.508739,46.44132645,0.923964471,30.01336986,,,,15w,44,WAL,Powys,Lowlands (Wales),Moderadamente Ácido,3
TGNTVD,SRDYWCJLIS,2007,6.03,5.993658586,32.96512223,56.15635364,1.135672085,23.20305725,,,,15w,44,WAL,Powys,Lowlands (Wales),Levemenete Ácido,4
TGNTVD,SYQKWVYNSF,2007,7.08,4.814024,26.477132,38.14061176,0.960340965,30.04445013,,,,15w,44,WAL,Powys,Lowlands (Wales),Neutro,5
TGNTVD,YQJZCLQQNJ,2007,5.73,10.13687352,55.75280436,74.72784346,0.89356155,30.83650755,,,,15w,44,WAL,Powys,Lowlands (Wales),Moderadamente Ácido,3
TGNTVD,YTMXSUDPBC,2007,6.06,6.191982046,34.05590125,52.44492223,1.026643847,25.70315162,,,,15w,44,WAL,Powys,Lowlands (Wales),Levemenete Ácido,4
THOXDJ,JFUOXZFCLW,2007,6.15,18.8996,103.9478,71.37172591,0.457740814,66.66297494,,,,19e,21,ENG,North Yorkshire,Uplands (England),Levemenete Ácido,4
THOXDJ,OVWKWAHUSJ,2007,3.65,59.52885,327.408675,133.5166251,0.271865379,71.99468502,,,,19e,21,ENG,North Yorkshire,Uplands (England),Extremadamente Ácido,1
THOXDJ,VJMTYLMWGN,2007,4.15,90.9649,500.30695,109.4733113,0.145874863,79.93665381,,,,19e,21,ENG,North Yorkshire,Uplands (England),Fuertemenete Ácido,2
THOXDJ,YYALFPHSFZ,2007,4.09,11.95476,65.75118,83.95200147,0.851209073,36.21977471,,,,19e,21,ENG,North Yorkshire,Uplands (England),Fuertemenete Ácido,2
TIFMNB,DWULOIMBVT,2007,6.46,6.815859,37.4872245,59.40317534,1.05641635,24.89901335,,,,7w,43,WAL,Dyfed,Lowlands (Wales),Levemenete Ácido,4
TIFMNB,JCGJEZFVNO,2007,4.94,19.33588,106.34734,57.60667473,0.361122806,45.91101299,,,,7w,43,WAL,Dyfed,Lowlands (Wales),Fuertemenete Ácido,2
TIFMNB,KQRYYTTXRF,2007,5.34,11.53925,63.465875,90.82210038,0.95402556,29.87885154,,,,7w,43,WAL,Dyfed,Lowlands (Wales),Moderadamente Ácido,3
TIFMNB,NMKNLCVLLT,2007,6.1,11.22764,61.75202,89.90964318,0.970652654,33.39143364,,,,7w,43,WAL,Dyfed,Lowlands (Wales),Levemenete Ácido,4
TIFMNB,YDYCKGUUYT,2007,6.42,6.569417,36.1317935,,,22.24628437,,,,7w,43,WAL,Dyfed,Lowlands (Wales),Levemenete Ácido,4
YUCTHB,OTUHUFBALR,2007,5.72,49.21791,270.698505,100.2129767,0.246800961,77.87225163,,,,32s,40,SCO,Eilean Siar,Intermediate uplands and Islands (Scotland),Moderadamente Ácido,3
YUCTHB,PMMAPZNYDR,2007,5.39,52.63032,289.46676,133.8377754,0.308239826,62.28651113,,,,32s,40,SCO,Eilean Siar,Intermediate uplands and Islands (Scotland),Moderadamente Ácido,3
YUCTHB,YSACIQEVWG,2007,4.3,91.59811,503.789605,142.9891279,0.189218047,79.51570709,,,,32s,40,SCO,Eilean Siar,Intermediate uplands and Islands (Scotland),Fuertemenete Ácido,2
YUFBVU,AAHWAXPEOK,2007,5.42,85.75581,471.656955,24.79679897,0.035049201,96.22482131,,,,18e,20,ENG,Cumbria,Uplands (England),Moderadamente Ácido,3
YUFBVU,HDCZCZWOUS,2007,5.55,15.57758,85.67669,76.32957279,0.593934965,49.66849508,,,,18e,20,ENG,Cumbria,Uplands (England),Moderadamente Ácido,3
YUFBVU,PTKWDRHOGJ,2007,5.02,39.58453,217.714915,90.87139611,0.278258064,59.32957258,,,,18e,20,ENG,Cumbria,Uplands (England),Moderadamente Ácido,3
YUFBVU,YCWQMTKEHQ,2007,4.29,87.93816,483.65988,83.89894331,0.115644549,88.63260046,,,,18e,20,ENG,Cumbria,Uplands (England),Fuertemenete Ácido,2
YUGUQF,GSGHWQQHDF,2007,7.18,13.25289,72.890895,84.74598939,0.775094424,47.23691282,0.58,6.743321487,6.12,4e,4,ENG,Norfolk,Easterly lowlands (England),Neutro,5
YUGUQF,IDEYCSBHMJ,2007,8.11,9.366288,51.514584,58.58211796,0.758129878,44.99175107,0.47,5.344815643,23.5,4e,4,ENG,Norfolk,Easterly lowlands (England),Moderadamente Alcalino,7
YUGUQF,MUPEXEYYOZ,2007,8.09,20.98993,115.444615,92.40358476,0.533609903,60.5661465,1.03,8.244273005,14.5,4e,4,ENG,Norfolk,Easterly lowlands (England),Moderadamente Alcalino,7
YVEKKQ,GCIRVTWSLK,2007,8.17,5.243853,28.8411915,46.29603144,1.07013682,24.97391654,,,,31s,39,SCO,Highland,Intermediate uplands and Islands (Scotland),Moderadamente Alcalino,7
YVEKKQ,NVTGZACVZC,2007,8.58,3.609684,19.853262,35.75804753,1.200744661,19.14252663,,,,31s,39,SCO,Highland,Intermediate uplands and Islands (Scotland),Moderadamente Alcalino,7
YVEKKQ,QLPVKXYVZQ,2007,7.66,1.250263,6.8764465,14.08757918,1.365780924,9.335821038,,,,31s,39,SCO,Highland,Intermediate uplands and Islands (Scotland),Levemenete Alcalino,6
YVEKKQ,ZMRTWOBVVG,2007,8.34,4.96434,27.30387,39.56519048,0.966045973,24.46607513,,,,31s,39,SCO,Highland,Intermediate uplands and Islands (Scotland),Moderadamente Alcalino,7
YVWYWC,RIGYOPDMDN,2007,5.02,7.355712,40.456416,59.69879688,0.983754911,22.20051222,0.26,3.836644153,12.2,11e,11,ENG,Derbyshire,Easterly lowlands (England),Moderadamente Ácido,3
YXYQWV,EQZCECUYQW,2007,3.78,92.79643,510.380365,62.89967544,0.082160522,92.18385391,,,,17w2,18,WAL,Dyfed,Uplands (Wales),Extremadamente Ácido,1
YXYQWV,INCBYHWCGT,2007,3.8,88.61841,487.401255,77.2550134,0.105669285,80.71371134,,,,17w2,18,WAL,Dyfed,Uplands (Wales),Extremadamente Ácido,1
YXYQWV,NQLLTCBZLS,2007,3.83,93.29812,513.13966,75.3793427,0.097932199,89.24493936,,,,17w2,18,WAL,Dyfed,Uplands (Wales),Extremadamente Ácido,1
YXYQWV,XOZAGTSEMI,2007,3.73,92.70506,509.87783,82.74827762,0.108193601,87.84604331,,,,17w2,18,WAL,Dyfed,Uplands (Wales),Extremadamente Ácido,1
YXYQWV,YJDPYVVCGO,2007,3.97,67.82579,373.041845,133.4169234,0.238430666,72.35008853,,,,17w2,18,WAL,Dyfed,Uplands (Wales),Extremadamente Ácido,1
YYKFOS,JJUNVBEZVE,2007,5.24,13.48593,74.172615,66.06557515,0.593800242,40.7582937,0.65,5.789552363,9,9e,9,ENG,Warwickshire,Easterly lowlands (England),Moderadamente Ácido,3
YYKFOS,OEGJSKIHVS,2007,5.36,12.96568,71.31124,75.27276251,0.703701712,42.39629305,0.57,6.016649638,10,9e,9,ENG,Warwickshire,Easterly lowlands (England),Moderadamente Ácido,3
YYKFOS,VPGTNPRUEN,2007,5.53,11.43798,62.90889,68.60418422,0.727021615,41.96010013,0.52,5.670768598,11,9e,9,ENG,Warwickshire,Easterly lowlands (England),Moderadamente Ácido,3
YYKFOS,XOCPKWKLWY,2007,6.19,6.695883,36.8273565,53.33004007,0.965406248,31.37189759,0.29,4.199517177,7,9e,9,ENG,Warwickshire,Easterly lowlands (England),Levemenete Ácido,4
YYKFOS,ZWPASMTMJR,2007,5.47,9.978105,54.8795775,54.01492793,0.656163068,47.92406967,0.47,4.625949631,13,9e,9,ENG,Warwickshire,Easterly lowlands (England),Moderadamente Ácido,3
YYKNUC,OFQMLEPSAC,2007,6.19,3.875291,21.3141005,29.98500052,0.937876799,38.38684961,0.15,2.110222797,3,22s,30,SCO,South Lanarkshire,True uplands (Scotland),Levemenete Ácido,4
YYKNUC,PJCAZUCCQV,2007,5.29,63.84048,351.12264,107.5991461,0.204295468,81.96438671,2.2,6.741750443,40,22s,30,SCO,South Lanarkshire,True uplands (Scotland),Moderadamente Ácido,3
YYKNUC,QYTKVKCFDI,2007,4.15,88.37054,486.03797,72.62248713,0.099611541,90.99678085,1.97,2.943521051,28,22s,30,SCO,South Lanarkshire,True uplands (Scotland),Fuertemenete Ácido,2
YYKNUC,TIACCEVTES,2007,3.89,92.87488,510.81184,86.35656158,0.112704986,88.78273862,2.22,3.75307602,33,22s,30,SCO,South Lanarkshire,True uplands (Scotland),Extremadamente Ácido,1
YYKNUC,VIIHGFAORY,2007,4.4,48.42272,266.32496,91.22190819,0.228347375,79.4377672,1.7,5.822858057,9,22s,30,SCO,South Lanarkshire,True uplands (Scotland),Fuertemenete Ácido,2
YZQAFJ,IGLFDHMCMT,2007,8.44,4.404877221,24.22682471,38.75167637,1.06635728,27.79980227,0.22,3.518979025,18.7,3e,3,ENG,Suffolk,Easterly lowlands (England),Moderadamente Alcalino,7
YZQAFJ,MFBBAYBZOQ,2007,8.56,2.94993206,16.22462633,37.88341115,1.556621824,14.34700117,0.13,3.035412557,36,3e,3,ENG,Suffolk,Easterly lowlands (England),Moderadamente Alcalino,7
YZQAFJ,TRSIAABJWM,2007,8.44,3.004705541,16.52588047,37.84848722,1.526836942,14.71540285,0.14,3.206357578,27.1,3e,3,ENG,Suffolk,Easterly lowlands (England),Moderadamente Alcalino,7
ZAGVKX,CWSZMOPHNN,2007,3.38,93.46362,514.04991,88.16635653,0.114342148,88.81044443,,,,22e,22,ENG,Northumberland,Uplands (England),Extremadamente Ácido,1
ZAGVKX,KVAOZEXNQB,2007,4.97,16.81051,92.457805,70.30370084,0.506924579,50.67465892,,,,22e,22,ENG,Northumberland,Uplands (England),Fuertemenete Ácido,2
ZAGVKX,OSOIQPQUJP,2007,4.24,15.76823,86.725265,73.70753432,0.566597937,51.8667737,,,,22e,22,ENG,Northumberland,Uplands (England),Fuertemenete Ácido,2
ZAGVKX,XIJGULXAMV,2007,3.82,13.54098,74.47539,68.66693531,0.614672268,49.91549763,,,,22e,22,ENG,Northumberland,Uplands (England),Extremadamente Ácido,1
ZAGVKX,YWWGUKPIVI,2007,5.12,15.80842,86.94631,71.24807932,0.546299429,54.74653098,,,,22e,22,ENG,Northumberland,Uplands (England),Moderadamente Ácido,3
ZBPEQL,AQWVQTETJA,2007,6.38,16.32532738,89.78930056,62.06178266,0.46079568,51.58250744,,,,7e,7,ENG,Devon,Westerly lowlands (England),Levemenete Ácido,4
ZBPEQL,FJVZPIUCXC,2007,5.29,18.05836672,99.32101698,49.13553002,0.329809551,48.54062309,,,,7e,7,ENG,Devon,Westerly lowlands (England),Moderadamente Ácido,3
ZBPEQL,RCOPWRGVMC,2007,5.83,16.13944546,88.76695001,63.0606288,0.473604412,47.94855913,,,,7e,7,ENG,Devon,Westerly lowlands (England),Moderadamente Ácido,3
ZBPEQL,THTOQWAVIM,2007,6.57,7.827292619,43.0501094,33.90602931,0.525062999,40.18465433,,,,7e,7,ENG,Devon,Westerly lowlands (England),Neutro,5
ZBTLJG,AJGUVEURGO,2007,6.7,10.00118,55.00649,69.1776705,0.838418285,40.80352184,,,,1e,1,ENG,Warwickshire,Westerly lowlands (England),Neutro,5
ZBTLJG,BBSIZORQSP,2007,6.66,8.81917,48.505435,66.6355307,0.91584968,38.2601855,,,,1e,1,ENG,Warwickshire,Westerly lowlands (England),Neutro,5
ZBTLJG,LBBTLMKZVU,2007,6.14,2.148654,11.817597,28.55046504,1.610618754,17.04701043,,,,1e,1,ENG,Warwickshire,Westerly lowlands (England),Levemenete Ácido,4
ZBTLJG,LFYXCLDSWR,2007,6.8,4.604432,25.324376,49.77250328,1.310266,24.06385943,,,,1e,1,ENG,Warwickshire,Westerly lowlands (England),Neutro,5
ZBTLJG,LLTVXVAGVY,2007,7.04,3.370859,18.5397245,46.09458162,1.657506889,19.36419688,,,,1e,1,ENG,Warwickshire,Westerly lowlands (England),Neutro,5
ZBYRGE,EHGKKIKGZK,2007,5.4,12.98119,71.396545,81.51037077,0.761104717,42.20181544,,,,15w,44,WAL,Gwynedd,Lowlands (Wales),Moderadamente Ácido,3
ZBYRGE,FLUJWLZCID,2007,5.76,10.03517,55.193435,73.05278066,0.882384903,35.15363851,,,,15w,44,WAL,Gwynedd,Lowlands (Wales),Moderadamente Ácido,3
ZBYRGE,GYOHWCPSZF,2007,5.73,6.205373,34.1295515,44.63490268,0.871872043,31.49201917,,,,15w,44,WAL,Gwynedd,Lowlands (Wales),Moderadamente Ácido,3
ZBYRGE,JUDXWZVKFG,2007,3.84,34.51984,189.85912,88.35093257,0.310233302,52.42764355,,,,15w,44,WAL,Gwynedd,Lowlands (Wales),Extremadamente Ácido,1
ZBYRGE,WDHPCJDFHU,2007,5.38,8.494497,46.7197335,72.86346984,1.039724393,32.5281956,,,,15w,44,WAL,Gwynedd,Lowlands (Wales),Moderadamente Ácido,3
ZCCYJT,IHSZFHNFET,2007,8.07,9.92062,54.56341,96.00762716,1.173040409,30.59927446,,,,18e,20,ENG,Derbyshire,Uplands (England),Moderadamente Alcalino,7
ZCCYJT,SUNUUYMXMO,2007,6.04,7.478408,41.131244,69.79307913,1.131225679,33.07875408,,,,18e,20,ENG,Derbyshire,Uplands (England),Levemenete Ácido,4
ZCCYJT,VOLFPRHTGU,2007,5.96,8.460082,46.530451,70.87153784,1.015414441,25.69206629,,,,18e,20,ENG,Derbyshire,Uplands (England),Moderadamente Ácido,3
ZDMFRI,CFXHWZCIDO,2007,5.5,74.61159989,410.3637994,31.86570407,0.051768218,94.00343336,,,37,22s,30,SCO,Dumfries & Galloway,True uplands (Scotland),Moderadamente Ácido,3
UKRUFP,ZGRLDYOOQI,2007,8.09,3.903537,21.4694535,37.56733777,1.166536067,14.72025004,,,,3e,3,ENG,Suffolk,Easterly lowlands (England),Moderadamente Alcalino,7
UKWMMX,LTGHUXXGRY,2007,6.34,8.549351,47.0214305,56.28534746,0.798009856,19.18307552,,,,25s,33,SCO,Aberdeenshire,Lowlands (Scotland),Levemenete Ácido,4
UKWMMX,NVWVSONZCZ,2007,7.56,4.823954,26.531747,44.62652451,1.121336501,25.99919615,,,,25s,33,SCO,Aberdeenshire,Lowlands (Scotland),Levemenete Alcalino,6
UKWMMX,NZUHHGPPYX,2007,4.43,38.13603,209.748165,80.71419929,0.256543204,26.34692301,,,,25s,33,SCO,Aberdeenshire,Lowlands (Scotland),Fuertemenete Ácido,2
UKWMMX,PSBGRSPART,2007,5.67,7.955988,43.757934,54.47477394,0.829941285,23.84894783,,,,25s,33,SCO,Aberdeenshire,Lowlands (Scotland),Moderadamente Ácido,3
UMWECN,BETDERKDGZ,2007,8.23,5.656323,31.1097765,54.36151003,1.164939475,25.35478616,,,,2e,2,ENG,West Sussex,Easterly lowlands (England),Moderadamente Alcalino,7
UMWECN,RANDFMISBZ,2007,8.07,11.39692,62.68306,53.33970562,0.567295275,45.22258576,,,,2e,2,ENG,West Sussex,Easterly lowlands (England),Moderadamente Alcalino,7
UMWECN,XCRVLWZJKC,2007,8.19,14.49933,79.746315,71.74754806,0.599798231,48.72809173,,,,2e,2,ENG,West Sussex,Easterly lowlands (England),Moderadamente Alcalino,7
URCWKY,GPVFMFQSGE,2007,8.36,2.361397,12.9876835,31.3950324,1.611528461,19.13331965,,,,12e,12,ENG,Lincolnshire,Easterly lowlands (England),Moderadamente Alcalino,7
URCWKY,HZISQHLBXB,2007,8,3.235017,17.7925935,35.63165552,1.335074452,20.63333534,,,,12e,12,ENG,Lincolnshire,Easterly lowlands (England),Moderadamente Alcalino,7
URCWKY,RRTBFGLHVO,2007,7.49,3.79732,20.88526,16.2994328,0.520285049,18.68801199,,,,12e,12,ENG,Lincolnshire,Easterly lowlands (England),Neutro,5
URCWKY,SSRTHNFHTA,2007,8.35,4.668259,25.6754245,56.25157061,1.460581385,22.43900922,,,,12e,12,ENG,Lincolnshire,Easterly lowlands (England),Moderadamente Alcalino,7
USAOZK,IKMLQJJMSN,2007,5.92,8.360772,45.984246,67.0849954,0.972579398,34.05455542,,,,17w2,18,WAL,Powys,Uplands (Wales),Moderadamente Ácido,3
USAOZK,NEAVFRGGYC,2007,6.1,9.977035,54.8736925,68.58080365,0.833195903,42.98446594,,,,17w2,18,WAL,Powys,Uplands (Wales),Levemenete Ácido,4
USAOZK,PRJHPDPLZR,2007,5.21,8.665772,47.661746,47.64497712,0.666432113,36.47520461,,,,17w2,18,WAL,Powys,Uplands (Wales),Moderadamente Ácido,3
USAOZK,YCZNYORBFU,2007,6.67,10.4336,57.3848,80.38598723,0.933882459,37.28720174,,,,17w2,18,WAL,Powys,Uplands (Wales),Neutro,5
USETNA,CKEULYYIJN,2007,5.32,12.47489,68.611895,96.07371437,0.93349911,32.98934129,,,,6e,6,ENG,Cornwall and Isles of Scilly,Westerly lowlands (England),Moderadamente Ácido,3
USETNA,QDXNEQOZDO,2007,6.39,7.110374,39.107057,53.389711,0.910146234,28.71819137,,,,6e,6,ENG,Cornwall and Isles of Scilly,Westerly lowlands (England),Levemenete Ácido,4
USETNA,TNUKNZBKLW,2007,5.92,8.720514,47.962827,74.93894764,1.041625391,27.79800819,,,,6e,6,ENG,Cornwall and Isles of Scilly,Westerly lowlands (England),Moderadamente Ácido,3
USETNA,WPOPVGGNEC,2007,7.66,12.9794,71.3867,,,38.22154321,,,,6e,6,ENG,Cornwall and Isles of Scilly,Westerly lowlands (England),Levemenete Alcalino,6
USTYVS,FAMBQYBKAT,2007,6.79,8.017433,44.0958815,57.6993655,0.87233189,31.91494109,,,,2e,2,ENG,Buckinghamshire,Easterly lowlands (England),Neutro,5
USTYVS,QUMDLOFLWO,2007,5.6,7.89177,43.404735,50.76698791,0.779745772,30.90266964,,,,2e,2,ENG,Buckinghamshire,Easterly lowlands (England),Moderadamente Ácido,3
USTYVS,SZCUNNESRP,2007,5.09,6.262151,34.4418305,41.94000195,0.81180358,32.04462885,,,,2e,2,ENG,Buckinghamshire,Easterly lowlands (England),Moderadamente Ácido,3
USTYVS,XRUTXRBNBQ,2007,5.82,6.560229,36.0812595,56.16271717,1.037707995,29.18918531,,,,2e,2,ENG,Buckinghamshire,Easterly lowlands (England),Moderadamente Ácido,3
USTYVS,YUNETBWOUK,2007,5.87,7.497467,41.2360685,54.65560397,0.883621321,32.28796893,,,,2e,2,ENG,Buckinghamshire,Easterly lowlands (England),Moderadamente Ácido,3
UTZMGL,CAFORYGEYB,2007,4.49,,,,,,,,,31s,39,SCO,Highland,Intermediate uplands and Islands (Scotland),Fuertemenete Ácido,2
UTZMGL,CXJCWWTKHC,2007,4.78,,,,,,,,,31s,39,SCO,Highland,Intermediate uplands and Islands (Scotland),Fuertemenete Ácido,2
UTZMGL,ELXFTNVIWH,2007,4.54,94.75542,521.15481,61.84196915,0.079108892,89.26088529,,,,31s,39,SCO,Highland,Intermediate uplands and Islands (Scotland),Fuertemenete Ácido,2
UTZMGL,RPXIUQRWFB,2007,4.47,95.33173,524.324515,66.77697976,0.084905407,90.51304531,,,,31s,39,SCO,Highland,Intermediate uplands and Islands (Scotland),Fuertemenete Ácido,2
UTZMGL,UAZRBYWTQM,2007,6.2,16.61848,91.40164,63.79967379,0.465343027,60.46069341,,,,31s,39,SCO,Highland,Intermediate uplands and Islands (Scotland),Levemenete Ácido,4
UUNMAK,GBPURWLYYR,2007,6.45,8.510661,46.8086355,73.89503572,1.052441641,28.07204837,,,,16e,15,ENG,Durham,Westerly lowlands (England),Levemenete Ácido,4
UUNMAK,XSSWXHMMNG,2007,6.65,4.384583,24.1152065,47.43515469,1.311348359,23.55328111,,,,16e,15,ENG,Durham,Westerly lowlands (England),Neutro,5
UWPAYK,DLNLPLKJLX,2007,5.7,5.978652,32.882586,68.16188181,1.381924601,20.00800001,,,,25e,24,ENG,Northumberland,Easterly lowlands (England),Moderadamente Ácido,3
UWPAYK,MNZDAXINEV,2007,6.34,4.308466,23.696563,53.77330609,1.512829971,17.10682531,,,,25e,24,ENG,Northumberland,Easterly lowlands (England),Levemenete Ácido,4
UWPAYK,PHZKJLVSZH,2007,7.08,5.507924,30.293582,72.74208219,1.600824936,16.45318269,,,,25e,24,ENG,Northumberland,Easterly lowlands (England),Neutro,5
UWPAYK,QMYKNTDOXX,2007,6,6.978915,38.3840325,77.72859338,1.35001611,19.97729946,,,,25e,24,ENG,Northumberland,Easterly lowlands (England),Levemenete Ácido,4
UWPAYK,TMGFXQEIYN,2007,6.35,5.891961,32.4057855,70.71487758,1.454778861,16.42341403,,,,25e,24,ENG,Northumberland,Easterly lowlands (England),Levemenete Ácido,4
UXXKAG,CRPADGTQKZ,2007,5.65,14.70435,80.873925,77.90029503,0.642154193,43.32969709,0.45,4.334540801,2.27,22s,30,SCO,Aberdeenshire,True uplands (Scotland),Moderadamente Ácido,3
UXXKAG,ICAEIRRMBE,2007,5.96,11.77531,64.764205,57.43000623,0.591170243,52.60423872,0.45,3.990399141,3.44,22s,30,SCO,Aberdeenshire,True uplands (Scotland),Moderadamente Ácido,3
UXXKAG,QCOHLTZIPH,2007,4.98,18.42962,101.36291,98.88106868,0.650343528,41.20766805,0.51,4.975127986,13.4,22s,30,SCO,Aberdeenshire,True uplands (Scotland),Fuertemenete Ácido,2
UXXKAG,QUOTMETUHT,2007,5.42,18.61541,102.384755,77.87134934,0.507050419,56.5272112,0.6,4.563453769,3.6,22s,30,SCO,Aberdeenshire,True uplands (Scotland),Moderadamente Ácido,3
UXXKAG,WVBDGUGTZP,2007,5.06,10.28291,56.556005,65.35965259,0.770441649,37.93065764,0.2,2.311324946,2.3,22s,30,SCO,Aberdeenshire,True uplands (Scotland),Moderadamente Ácido,3
UYZJMJ,JIKAELHLNI,2007,6.98,6.511905,35.8154775,57.06222334,1.062152033,28.61922788,,,,25e,24,ENG,Northumberland,Easterly lowlands (England),Neutro,5
UYZJMJ,KFXMYCEWCH,2007,6.32,7.577061,41.6738355,61.54264685,0.984512962,32.71651176,,,,25e,24,ENG,Northumberland,Easterly lowlands (England),Levemenete Ácido,4
UYZJMJ,TVOUSRSXLF,2007,6.73,8.093059,44.5118245,71.90514603,1.076944487,29.63550074,,,,25e,24,ENG,Northumberland,Easterly lowlands (England),Neutro,5
UYZJMJ,YMJDNRMMRX,2007,6.36,6.826604,37.546322,58.88597102,1.045570163,29.61021482,,,,25e,24,ENG,Northumberland,Easterly lowlands (England),Levemenete Ácido,4
UZZKAZ,JPNKFADKNV,2007,4.57,55.2438,303.8409,117.3849897,0.257558017,76.3591102,,,,17w1,17,WAL,Gwynedd,Uplands (Wales),Fuertemenete Ácido,2
UZZKAZ,UOWAUOBFEK,2007,4.34,91.92043,505.562365,44.34646931,0.058478073,94.13031843,,,,17w1,17,WAL,Gwynedd,Uplands (Wales),Fuertemenete Ácido,2
UZZKAZ,VPQLUCSYAP,2007,4.87,46.50212,255.76166,113.2069309,0.295084444,71.11053663,,,,17w1,17,WAL,Gwynedd,Uplands (Wales),Fuertemenete Ácido,2
UZZKAZ,VYZEHYAUOV,2007,5.02,37.49277,206.210235,61.46930155,0.198726966,82.962267,,,,17w1,17,WAL,Gwynedd,Uplands (Wales),Moderadamente Ácido,3
UZZKAZ,YOZOWIPHLX,2007,4.77,28.72959,158.012745,123.9604147,0.522997537,59.39640916,,,,17w1,17,WAL,Gwynedd,Uplands (Wales),Fuertemenete Ácido,2
VCQDRX,DFGACPFQHV,2007,3.58,92.03389,506.186395,77.63730153,0.102251269,87.51188011,,,,18e,20,ENG,South Yorkshire,Uplands (England),Extremadamente Ácido,1
VCQDRX,FAVNGZHAYX,2007,3.5,92.4433,508.43815,85.51712075,0.11213048,88.02542983,,,,18e,20,ENG,South Yorkshire,Uplands (England),Extremadamente Ácido,1
VCQDRX,OXNTDDCUGF,2007,3.51,84.60355,465.319525,130.3772363,0.186792414,78.52894376,,,,18e,20,ENG,South Yorkshire,Uplands (England),Extremadamente Ácido,1
VCQDRX,QNUGOEYWJZ,2007,3.56,86.06735,473.370425,43.55489487,0.061340116,84.47948856,,,,18e,20,ENG,South Yorkshire,Uplands (England),Extremadamente Ácido,1
VCQDRX,WIWVEIHULA,2007,4.81,92.15224,506.83732,43.53706835,0.057266328,95.09366929,,,,18e,20,ENG,South Yorkshire,Uplands (England),Fuertemenete Ácido,2
VDMHHE,ARASQLFGEO,2007,6.11,2.509686418,13.8032753,25.33531117,1.223637657,7.090170904,0.09,1.651910837,5,25s,33,SCO,Aberdeenshire,Lowlands (Scotland),Levemenete Ácido,4
VDMHHE,AUWCLUKVDU,2007,6.32,5.577619,30.6769045,58.34185434,1.26787791,22.99825189,0.17,3.23308867,45,25s,33,SCO,Aberdeenshire,Lowlands (Scotland),Levemenete Ácido,4
VDMHHE,BPYZICFWDQ,2007,6.86,3.19734,17.58537,35.55961737,1.348075791,15.74526303,0.16,3.2353819,68,25s,33,SCO,Aberdeenshire,Lowlands (Scotland),Neutro,5
VDMHHE,UEEEHOGTES,2007,6.41,5.800807,31.9044385,66.1620377,1.382504354,23.68868327,0.2,4.147513062,29,25s,33,SCO,Aberdeenshire,Lowlands (Scotland),Levemenete Ácido,4
VDMHHE,YLEKWLKJGW,2007,5.23,6.505033,35.7776815,46.34320703,0.863540343,16.49852387,0.23,2.979214183,17,25s,33,SCO,Aberdeenshire,Lowlands (Scotland),Moderadamente Ácido,3
VDTMEB,JNCOMHXRXH,2007,5.99,8.035517,44.1953435,46.94417301,0.70813151,24.06109155,,,,25s,33,SCO,Angus,Lowlands (Scotland),Moderadamente Ácido,3
VDTMEB,KXJZQANYRO,2007,4.85,6.343153,34.8873415,49.8823375,0.953207961,31.19599524,,,,25s,33,SCO,Angus,Lowlands (Scotland),Fuertemenete Ácido,2
VDTMEB,NYUTRXHPGV,2007,4.59,20.71504,113.93272,75.01468081,0.438941396,43.51857032,,,,25s,33,SCO,Angus,Lowlands (Scotland),Fuertemenete Ácido,2
VDTMEB,OZAFFYCRBD,2007,4.34,18.03669,99.201795,81.74295778,0.549337894,23.33457158,,,,25s,33,SCO,Angus,Lowlands (Scotland),Fuertemenete Ácido,2
VDTMEB,ZRCIKNODWF,2007,3.96,24.04889,132.268895,67.74347702,0.341443225,42.0928919,,,,25s,33,SCO,Angus,Lowlands (Scotland),Extremadamente Ácido,1
VFCIBD,GWHZZFETMR,2007,6.89,3.809993,20.9549615,39.45440172,1.255212732,16.86992954,,,,1e,1,ENG,County of Herefordshire Unitary Authority,Westerly lowlands (England),Neutro,5
VFCIBD,JIQICBXLPA,2007,6.03,3.520384816,19.36211649,33.10901207,1.139992868,12.0753089,,,,1e,1,ENG,County of Herefordshire Unitary Authority,Westerly lowlands (England),Levemenete Ácido,4
VFCIBD,KKEIGLBVTB,2007,6.72,3.777007,20.7735385,35.16029457,1.128368014,17.90736753,,,,1e,1,ENG,County of Herefordshire Unitary Authority,Westerly lowlands (England),Neutro,5
VFCIBD,PEKOGYXJIH,2007,6.15,2.921687708,16.06928239,31.53641508,1.308351935,14.09345387,,,,1e,1,ENG,County of Herefordshire Unitary Authority,Westerly lowlands (England),Levemenete Ácido,4
VFCIBD,RWSIEFOTCF,2007,6.51,6.626727,36.4469985,63.51096028,1.161704446,14.07761948,,,,1e,1,ENG,County of Herefordshire Unitary Authority,Westerly lowlands (England),Neutro,5
VFFKQD,CAVMLHMVPD,2007,6.83,10.36995,57.034725,79.43691739,0.928521088,36.19761909,0.5,6.963908162,18,9e,9,ENG,Oxfordshire,Easterly lowlands (England),Neutro,5
VFFKQD,LNINJJFZWN,2007,7.78,9.761839,53.6901145,71.76173864,0.891060851,34.32417847,0.43,5.747342486,23.1,9e,9,ENG,Oxfordshire,Easterly lowlands (England),Levemenete Alcalino,6
VFFKQD,OKDHYNNUYS,2007,7.1,4.503275,24.7680125,53.08891962,1.4289646,21.08627659,0.2,4.286893801,47.9,9e,9,ENG,Oxfordshire,Easterly lowlands (England),Neutro,5
VGSKFD,GBCPSCVTTA,2007,7.36,4.543767,24.9907185,46.87080229,1.250352267,22.62887937,0.23,4.31371532,16.4,16e,15,ENG,Lancashire,Westerly lowlands (England),Neutro,5
VGSKFD,LCPXCKDJYL,2007,6.83,5.94049,32.672695,60.8660494,1.241935086,22.84030515,0.31,5.774998149,36.2,16e,15,ENG,Lancashire,Westerly lowlands (England),Neutro,5
VGSKFD,LWZQOKFDAF,2007,6.29,8.410456,46.257508,76.95225162,1.109041609,25.46963696,0.45,7.486030858,38,16e,15,ENG,Lancashire,Westerly lowlands (England),Levemenete Ácido,4
VGSKFD,OXDJHSQKJD,2007,7.91,6.56325,36.097875,49.72353542,0.918309557,39.52468935,0.26,3.581407274,19.6,16e,15,ENG,Lancashire,Westerly lowlands (England),Levemenete Alcalino,6
VIBTBA,ASQKBXZWDR,2007,4.55,37.82454,208.03497,76.24499785,0.244333914,75.48484345,,,,30s,38,SCO,Argyll & Bute,Intermediate uplands and Islands (Scotland),Fuertemenete Ácido,2
VIBTBA,GIGSXRUOXU,2007,4.57,37.53856,206.46208,94.39843802,0.304812835,54.58603956,,,,30s,38,SCO,Argyll & Bute,Intermediate uplands and Islands (Scotland),Fuertemenete Ácido,2
VIBTBA,GJZAHQTGJV,2007,4.66,31.4528,172.9904,104.1524596,0.401380499,56.70822957,,,,30s,38,SCO,Argyll & Bute,Intermediate uplands and Islands (Scotland),Fuertemenete Ácido,2
VIBTBA,PHRIAFAQQP,2007,4.34,87.80927,482.950985,50.97559675,0.070366833,90.42136387,,,,30s,38,SCO,Argyll & Bute,Intermediate uplands and Islands (Scotland),Fuertemenete Ácido,2
VIBTBA,TZSXZSKYSY,2007,5.05,45.01245,247.568475,89.61617714,0.24132361,60.60625587,,,,30s,38,SCO,Argyll & Bute,Intermediate uplands and Islands (Scotland),Moderadamente Ácido,3
VIPXTV,CUMEIQOBEW,2007,8.18,4.476522,24.620871,41.18053239,1.115057557,15.76795757,,,,9e,9,ENG,Lincolnshire,Easterly lowlands (England),Moderadamente Alcalino,7
VIPXTV,DPACKRZAQQ,2007,8.58,3.785881,20.8223455,33.06960596,1.058785811,16.52323181,,,,9e,9,ENG,Lincolnshire,Easterly lowlands (England),Moderadamente Alcalino,7
VIPXTV,RDGCCFYGRW,2007,8.27,4.725943,25.9926865,47.02482013,1.206103882,15.2788883,,,,9e,9,ENG,Lincolnshire,Easterly lowlands (England),Moderadamente Alcalino,7
VIPXTV,VMOSWUAIQE,2007,8.29,4.947948,27.213714,47.8115611,1.171261448,22.63966668,,,,9e,9,ENG,Lincolnshire,Easterly lowlands (England),Moderadamente Alcalino,7
VIPXTV,WWJSLRVPQV,2007,8.36,4.62809,25.454495,39.29968445,1.02927949,18.32221017,,,,9e,9,ENG,Lincolnshire,Easterly lowlands (England),Moderadamente Alcalino,7
VIYZXK,BSRDGNKTGE,2007,4.07,29.98986,164.94423,86.56215697,0.349864343,62.67631864,0.64,3.358697692,21,28s,36,SCO,Highland,Intermediate uplands and Islands (Scotland),Fuertemenete Ácido,2
VIYZXK,TWATGKXDDJ,2007,4.31,26.39678,145.18229,109.6621701,0.503560823,49.07699186,0.56,4.229910911,16,28s,36,SCO,Highland,Intermediate uplands and Islands (Scotland),Fuertemenete Ácido,2
VIYZXK,UQMNPCKOFU,2007,5.37,5.97451,32.859805,48.55320425,0.985057666,27.505298,0.22,3.250690299,13,28s,36,SCO,Highland,Intermediate uplands and Islands (Scotland),Moderadamente Ácido,3
VIYZXK,WFEQXRXJZW,2007,5.63,5.142732,28.285026,51.91569455,1.223632004,29.23184147,0.18,3.30380641,19,28s,36,SCO,Highland,Intermediate uplands and Islands (Scotland),Moderadamente Ácido,3
VIYZXK,ZTAWGAGJGM,2007,5.71,4.527097,24.8990335,39.35239361,1.053652507,23.11454796,0.16,2.528766018,10,28s,36,SCO,Highland,Intermediate uplands and Islands (Scotland),Moderadamente Ácido,3
VJURQL,CQQLDLVOTV,2007,4.1,65.15722,358.36471,63.62379755,0.118359492,78.02023146,,,7,19e,21,ENG,North Yorkshire,Uplands (England),Fuertemenete Ácido,2
VJURQL,FEWEAZQZXE,2007,3.68,92.99616,511.47888,100.0159045,0.130361726,86.5081927,,,25,19e,21,ENG,North Yorkshire,Uplands (England),Extremadamente Ácido,1
VJURQL,LNFVYEWCEE,2007,3.84,79.69219,438.307045,139.2064939,0.211733602,68.82068782,1.64,5.2086466,110,19e,21,ENG,North Yorkshire,Uplands (England),Extremadamente Ácido,1
VJURQL,NBYWFWXUGA,2007,4.03,91.84865,505.167575,89.48362672,0.118091014,87.17242132,1.94,3.436448506,89,19e,21,ENG,North Yorkshire,Uplands (England),Fuertemenete Ácido,2
VJURQL,RVZITNVRHQ,2007,4.26,27.76319,152.697545,109.4598608,0.477894,55.93988801,0.7,5.017886996,12.6,19e,21,ENG,North Yorkshire,Uplands (England),Fuertemenete Ácido,2
VJVJJJ,ADPUBRZXNW,2007,6.89,3.6097,19.85335,49.59980176,1.665539292,20.69404613,0.19,4.746786983,12,13e,13,ENG,Merseyside,Westerly lowlands (England),Neutro,5
VJVJJJ,ARVIKOWKCN,2007,6.4,3.66044,20.13242,31.93550981,1.057515186,17.05815406,0.18,2.855291001,18,13e,13,ENG,Merseyside,Westerly lowlands (England),Levemenete Ácido,4
VJVJJJ,NZKGJAZIZO,2007,5.34,4.594303,25.2686665,50.99702358,1.345461412,22.17015425,0.29,5.852757144,17,13e,13,ENG,Merseyside,Westerly lowlands (England),Moderadamente Ácido,3
VJVJJJ,ODTPGLXUOC,2007,5.93,5.554396,30.549178,50.6551656,1.105434339,26.92153004,0.3,4.974454527,20,13e,13,ENG,Merseyside,Westerly lowlands (England),Moderadamente Ácido,3
VJVJJJ,OJHMTRURXD,2007,6.83,5.199038,28.594709,44.14560284,1.029225438,24.38508511,0.24,3.705211576,46,13e,13,ENG,Merseyside,Westerly lowlands (England),Neutro,5
VKOMTT,ITNNJJATEC,2007,4.52,93.72023,515.461265,58.42868177,0.075568151,91.79998606,,,,29s,37,SCO,Highland,Intermediate uplands and Islands (Scotland),Fuertemenete Ácido,2
VKOMTT,SEMPIUASBY,2007,4.84,79.60069,437.803795,53.06282734,0.080801534,90.66428132,,,,29s,37,SCO,Highland,Intermediate uplands and Islands (Scotland),Fuertemenete Ácido,2
VKOMTT,UQKKXXKBRU,2007,5.6,35.7519,196.63545,57.38983477,0.194572697,76.54995876,,,,29s,37,SCO,Highland,Intermediate uplands and Islands (Scotland),Moderadamente Ácido,3
VKOMTT,VGIRAUVROZ,2007,5.34,15.30616,84.18388,55.25067265,0.437539607,64.6834779,,,,29s,37,SCO,Highland,Intermediate uplands and Islands (Scotland),Moderadamente Ácido,3
VKOMTT,XVZKQPHRXK,2007,5.81,13.52269,74.374795,64.16597983,0.575158828,49.16292189,,,,29s,37,SCO,Highland,Intermediate uplands and Islands (Scotland),Moderadamente Ácido,3
VLABYI,CIGIYJAGMX,2007,6.29,1.244757,6.8461635,14.97767313,1.458497948,7.953899965,,,,25s,33,SCO,Moray,Lowlands (Scotland),Levemenete Ácido,4
VLABYI,ERIJIVBCQV,2007,4.26,6.036432,33.200376,48.99292777,0.983782589,31.50313584,,,,25s,33,SCO,Moray,Lowlands (Scotland),Fuertemenete Ácido,2
VLABYI,MFCYUPVPGB,2007,5.74,3.645411,20.0497605,40.95935354,1.361923285,17.40085079,,,,25s,33,SCO,Moray,Lowlands (Scotland),Moderadamente Ácido,3
VLABYI,MUDZAIKTTA,2007,5.63,8.445059,46.4478245,81.50352522,1.169821925,28.0643129,,,,25s,33,SCO,Moray,Lowlands (Scotland),Moderadamente Ácido,3
VLABYI,SYCQUJYCLR,2007,4.32,14.506,79.783,76.50310201,0.639259842,34.98320508,,,,25s,33,SCO,Moray,Lowlands (Scotland),Fuertemenete Ácido,2
VLSKJS,FOSIKDRSMM,2007,8.27,3.520046,19.360253,41.62679902,1.433410986,16.38573024,0.15,3.225174719,22.8,3e,3,ENG,Essex,Easterly lowlands (England),Moderadamente Alcalino,7
VLSKJS,MPGHEMDTKA,2007,8.35,7.894679,43.4207345,65.36764202,1.003631756,20.57200826,0.35,5.269066719,21.5,3e,3,ENG,Essex,Easterly lowlands (England),Moderadamente Alcalino,7
VLSKJS,UABMRFGNTQ,2007,8.48,3.233604,17.784822,28.3974418,1.06448228,13.81010244,0.14,2.235412788,30.5,3e,3,ENG,Essex,Easterly lowlands (England),Moderadamente Alcalino,7
VMLMLA,GBPISRXDXX,2007,8.38,4.213348,23.173414,45.0601423,1.296317188,20.09802918,,,,3e,3,ENG,Kent,Easterly lowlands (England),Moderadamente Alcalino,7
VMLMLA,URVMDXKHDR,2007,6.91,5.937191,32.6545505,66.38787271,1.355357251,22.66120657,,,,3e,3,ENG,Kent,Easterly lowlands (England),Neutro,5
VMLMLA,YWMPZNISPB,2007,8.43,3.148471,17.3165905,34.89852489,1.343548735,19.23676194,,,,3e,3,ENG,Kent,Easterly lowlands (England),Moderadamente Alcalino,7
VMLMLA,YWZKNKWFKP,2007,8.15,3.807597,20.9417835,46.13888431,1.46879831,19.25311022,,,,3e,3,ENG,Kent,Easterly lowlands (England),Moderadamente Alcalino,7
VOQWLO,EZYWFFKILG,2007,6.06,11.15047,61.327585,60.25859556,0.655046127,33.66154196,,,,13s,26,SCO,Dumfries & Galloway,Lowlands (Scotland),Levemenete Ácido,4
VOQWLO,HBSYKWTJUJ,2007,6.99,16.92226,93.07243,87.24259491,0.624908256,52.59338352,,,,13s,26,SCO,Dumfries & Galloway,Lowlands (Scotland),Neutro,5
VOQWLO,LPPQICAWAJ,2007,5.59,11.33529,62.344095,62.31080048,0.666310637,37.28106843,,,,13s,26,SCO,Dumfries & Galloway,Lowlands (Scotland),Moderadamente Ácido,3
VOWCHO,BAOFZZFWJN,2007,7.67,3.785813,20.8219715,44.54802185,1.426314566,15.28855503,,,,9e,9,ENG,Lincolnshire,Easterly lowlands (England),Levemenete Alcalino,6
VOWCHO,FKBYIMQVCM,2007,8.35,3.857207,21.2146385,45.99049948,1.445244188,15.87116267,,,,9e,9,ENG,Lincolnshire,Easterly lowlands (England),Moderadamente Alcalino,7
VOWCHO,IYVXQMWSLT,2007,7.06,2.82866,15.55763,29.42878475,1.26106546,10.24802246,,,,9e,9,ENG,Lincolnshire,Easterly lowlands (England),Neutro,5
VOWCHO,MRPFDLKMKJ,2007,6.86,2.815927,15.4875985,25.10732029,1.080749448,12.54643568,,,,9e,9,ENG,Lincolnshire,Easterly lowlands (England),Neutro,5
VOWCHO,XLGKMBPUSX,2007,6.49,2.541394,13.977667,34.32864845,1.637309404,13.99094398,,,,9e,9,ENG,Lincolnshire,Easterly lowlands (England),Levemenete Ácido,4
VQJRCD,GNRDNSMRLQ,2007,4.28,57.1693,314.43115,70.64629818,0.14978647,85.88078627,,,,19e,21,ENG,Cumbria,Uplands (England),Fuertemenete Ácido,2
VQJRCD,LUGONEYYIY,2007,6.38,12.54158,68.97869,61.45715043,0.593972336,55.74320894,,,,19e,21,ENG,Cumbria,Uplands (England),Levemenete Ácido,4
VQJRCD,NIVELBCVBT,2007,5.43,25.30977,139.203735,147.9162899,0.708392343,47.21084308,,,,19e,21,ENG,Cumbria,Uplands (England),Moderadamente Ácido,3
VQJRCD,RDJSDZKYMP,2007,5.9,12.8484,70.6662,73.0424439,0.68908421,50.60953179,,,,19e,21,ENG,Cumbria,Uplands (England),Moderadamente Ácido,3
VQJRCD,VUHCENACBY,2007,6.14,12.42487,68.336785,74.16198763,0.723495041,48.6347667,,,,19e,21,ENG,Cumbria,Uplands (England),Levemenete Ácido,4
VRPIED,OKUQGFZTRC,2007,4.62,11.19355,61.564525,81.35960029,0.881022529,32.53479559,,,,3e,3,ENG,Suffolk,Easterly lowlands (England),Fuertemenete Ácido,2
VRPIED,SOSOCAHJDI,2007,7,7.950015,43.7250825,72.19276555,1.100707137,31.51219759,,,,3e,3,ENG,Suffolk,Easterly lowlands (England),Neutro,5
VRPIED,TJQQJVXINH,2007,8.58,4.506299,24.7846445,48.58101043,1.306750246,22.35094263,,,,3e,3,ENG,Suffolk,Easterly lowlands (England),Moderadamente Alcalino,7
VUJWHD,BLPNFMVTWT,2007,6.52,6.802046,37.411253,66.04055208,1.176839351,31.00374306,0.31,5.472302984,6.93,13e,13,ENG,Cheshire,Westerly lowlands (England),Neutro,5
VXSVLY,FIISURPHPR,2007,4.74,32.26489,177.456895,128.4405337,0.482522939,59.49765068,,,,25s,33,SCO,Perth & Kinross,Lowlands (Scotland),Fuertemenete Ácido,2
VXSVLY,FKFQTBIDFY,2007,5.39,27.0078,148.5429,113.5744815,0.509726961,50.44665766,,,,25s,33,SCO,Perth & Kinross,Lowlands (Scotland),Moderadamente Ácido,3
VXSVLY,ZENVRDNZET,2007,5.5,15.48559,85.170745,101.0103174,0.790649555,40.33567246,,,,25s,33,SCO,Perth & Kinross,Lowlands (Scotland),Moderadamente Ácido,3
VYDRFG,GYLAESQCLD,2007,6.06,10.8998,59.9489,65.80796943,0.73182293,48.47607708,,,,17w2,18,WAL,Powys,Uplands (Wales),Levemenete Ácido,4
VYDRFG,JBPUTWWBIH,2007,6.16,11.12821,61.205155,85.54824448,0.931819599,41.00206598,,,,17w2,18,WAL,Powys,Uplands (Wales),Levemenete Ácido,4
VYDRFG,JDFUFQAAQW,2007,6.25,13.45541,74.004755,87.34269238,0.786820544,43.02499451,,,,17w2,18,WAL,Powys,Uplands (Wales),Levemenete Ácido,4
VYDRFG,NBPAQPQZGQ,2007,4.77,12.41351,68.274305,78.26383706,0.764209777,31.30896296,,,,17w2,18,WAL,Powys,Uplands (Wales),Fuertemenete Ácido,2
VYDRFG,TGGAOLJCEX,2007,5.18,10.7961,59.37855,80.55066747,0.904374475,35.69210282,,,,17w2,18,WAL,Powys,Uplands (Wales),Moderadamente Ácido,3
VZFXEK,CADSDYTYJY,2007,6.65,10.65673,58.612015,62.61886097,0.712241463,35.24375092,,,,17w2,18,WAL,Powys,Uplands (Wales),Neutro,5
VZFXEK,HOUFYRMEHU,2007,5.31,11.96218,65.79199,79.52803943,0.805853311,37.15339266,,,,17w2,18,WAL,Powys,Uplands (Wales),Moderadamente Ácido,3
VZFXEK,IKJBJXIBVR,2007,4.82,31.42482,172.83651,134.0367984,0.517008042,31.87775755,,,,17w2,18,WAL,Powys,Uplands (Wales),Fuertemenete Ácido,2
VZFXEK,KJYXLZODME,2007,5.85,17.84481,98.146455,102.8640345,0.698711156,51.11621025,,,,17w2,18,WAL,Powys,Uplands (Wales),Moderadamente Ácido,3
VZFXEK,YSXWOKVNTA,2007,6.47,11.19984,61.59912,84.34302375,0.912816328,30.1572709,,,,17w2,18,WAL,Powys,Uplands (Wales),Levemenete Ácido,4
VZJPNX,CVPXVFTRZM,2007,4.73,20.69229,113.807595,86.91281965,0.50912138,35.28270682,,,,22s,30,SCO,Perth & Kinross,True uplands (Scotland),Fuertemenete Ácido,2
VZJPNX,HICJGHSVLS,2007,5.98,15.26757,83.971635,80.66356127,0.640403245,44.86338733,,,,22s,30,SCO,Perth & Kinross,True uplands (Scotland),Moderadamente Ácido,3
VZJPNX,MHRGGVLBGZ,2007,5.38,16.06562,88.36091,89.23988693,0.673298385,45.07211807,,,,22s,30,SCO,Perth & Kinross,True uplands (Scotland),Moderadamente Ácido,3
VZJPNX,PJDZFQVGJI,2007,5.76,16.63205,91.476275,98.84574953,0.720374396,48.64151305,,,,22s,30,SCO,Perth & Kinross,True uplands (Scotland),Moderadamente Ácido,3
VZJPNX,THQLDUNZFT,2007,5.34,12.5168,68.8424,63.75791178,0.617428714,55.39346166,,,,22s,30,SCO,Perth & Kinross,True uplands (Scotland),Moderadamente Ácido,3
VZNMFT,FXXEYZYSNX,2007,4.09,16.59149,91.253195,115.7826783,0.845871229,39.76849085,,,,19e,21,ENG,West Yorkshire,Uplands (England),Fuertemenete Ácido,2
VZNMFT,HUAOMDUAWS,2007,4.08,25.21437,138.679035,136.8680925,0.657960989,51.72238118,,,,19e,21,ENG,West Yorkshire,Uplands (England),Fuertemenete Ácido,2
VZNMFT,MMPRXMYTDL,2007,4.01,35.5408,195.4744,112.372334,0.38324655,60.95582017,,,,19e,21,ENG,West Yorkshire,Uplands (England),Fuertemenete Ácido,2
VZNMFT,SHVCKJGOZS,2007,3.83,42.58771,234.232405,139.2897748,0.396443224,67.51209796,,,,19e,21,ENG,West Yorkshire,Uplands (England),Extremadamente Ácido,1
VZNMFT,VTMJOZPJWJ,2007,4.45,24.90964,137.00302,130.1506259,0.633322418,49.40643347,,,,19e,21,ENG,West Yorkshire,Uplands (England),Fuertemenete Ácido,2
WBZDEZ,IJCFQITVKD,2007,5.84,10.39548,57.17514,78.50601289,0.915386336,29.65283925,0.44,6.041549819,22,19e,21,ENG,Cumbria,Uplands (England),Moderadamente Ácido,3
WBZDEZ,ODASSNCLJL,2007,5.8,11.70546,64.38003,74.0709804,0.767018183,41.44834398,0.53,6.097794551,9.89,19e,21,ENG,Cumbria,Uplands (England),Moderadamente Ácido,3
WBZDEZ,QNURQLHKJQ,2007,3.93,66.97325,368.352875,75.86377019,0.137302707,86.11189806,,,50,19e,21,ENG,Cumbria,Uplands (England),Extremadamente Ácido,1
WBZDEZ,YECNIPGMSC,2007,5.4,10.20651,56.135805,55.57424452,0.659997596,50.35577148,0.35,3.464987378,4.02,19e,21,ENG,Cumbria,Uplands (England),Moderadamente Ácido,3
WBZDEZ,YGYXEYHLMC,2007,3.92,54.47918,299.63549,109.6562697,0.24397704,75.01980899,0.77,2.817934808,18.8,19e,21,ENG,Cumbria,Uplands (England),Extremadamente Ácido,1
WCDRAN,BOLODKZFRN,2007,5.3,8.182283,45.0025565,81.14253538,1.202043346,29.33885279,,,,6w,42,WAL,Dyfed,Lowlands (Wales),Moderadamente Ácido,3
WCDRAN,DWUBRBMULP,2007,5.62,7.688386,42.286123,55.53490529,0.875541846,30.40174495,,,,6w,42,WAL,Dyfed,Lowlands (Wales),Moderadamente Ácido,3
WCDRAN,LFAQWUVLMX,2007,8.07,16.88967,92.893185,52.57178782,0.377292032,57.48171158,,,,6w,42,WAL,Dyfed,Lowlands (Wales),Moderadamente Alcalino,7
WCDRAN,WOKEWPPAVN,2007,5.76,6.634733,36.4910315,62.95798817,1.150200211,26.07801223,,,,6w,42,WAL,Dyfed,Lowlands (Wales),Moderadamente Ácido,3
WDGZFA,EZZNHFKPIQ,2007,5.16,18.29733,100.635315,92.63643247,0.613677432,46.81811103,0.44,4.050271049,2.62,23s,31,SCO,Aberdeenshire,True uplands (Scotland),Moderadamente Ácido,3
WDGZFA,GPDRHBFRMI,2007,4.36,89.48489,492.166895,41.25887093,0.055887371,93.27662448,2.06,1.72691977,,23s,31,SCO,Aberdeenshire,True uplands (Scotland),Fuertemenete Ácido,2
WDGZFA,MEBECQNMQN,2007,4.92,22.44588,123.45234,75.24780776,0.406352809,60.60083806,0.48,2.925740227,2.43,23s,31,SCO,Aberdeenshire,True uplands (Scotland),Fuertemenete Ácido,2
WDGZFA,NJEICESPOW,2007,4.48,35.51608,195.33844,91.70063858,0.312963281,61.54919272,0.95,4.459726752,8.34,23s,31,SCO,Aberdeenshire,True uplands (Scotland),Fuertemenete Ácido,2
WDGZFA,ZRVINCZHDD,2007,4.47,95.04874,522.76807,51.94481018,0.066243283,92.24478337,,,,23s,31,SCO,Aberdeenshire,True uplands (Scotland),Fuertemenete Ácido,2
WEPWXB,RPTITEHNSV,2007,4.15,94.05643,517.310365,74.74682845,0.096327509,89.34057074,,,,30s,38,SCO,Argyll & Bute,Intermediate uplands and Islands (Scotland),Fuertemenete Ácido,2
WEPWXB,RVBAZZQFXA,2007,4.43,89.86281,494.245455,43.26750377,0.058361695,93.09162872,,,,30s,38,SCO,Argyll & Bute,Intermediate uplands and Islands (Scotland),Fuertemenete Ácido,2
WEPWXB,TSPOFCQVUR,2007,4.1,94.39601,519.178055,24.41387299,0.03134939,93.95726431,,,,30s,38,SCO,Argyll & Bute,Intermediate uplands and Islands (Scotland),Fuertemenete Ácido,2
WEPWXB,UIUNLVGQDX,2007,4.3,94.84063,521.623465,46.1519802,0.058985051,92.82810683,,,,30s,38,SCO,Argyll & Bute,Intermediate uplands and Islands (Scotland),Fuertemenete Ácido,2
WEPWXB,YOLTSTRFTD,2007,6.4,8.456797,46.5123835,58.8493214,0.843493237,47.34096109,,,,30s,38,SCO,Argyll & Bute,Intermediate uplands and Islands (Scotland),Levemenete Ácido,4
WFCADS,CHVCLDMJJC,2007,6.28,7.350075,40.4254125,73.04182188,1.204552901,24.53273163,,,,1e,1,ENG,Dorset,Westerly lowlands (England),Levemenete Ácido,4
WFCADS,MYPXZOXDCJ,2007,6.4,9.983733,54.9105315,89.93895138,1.091945375,33.57250697,,,,1e,1,ENG,Dorset,Westerly lowlands (England),Levemenete Ácido,4
WFCADS,YLWAMOKADH,2007,6.03,7.588324,41.735782,61.52734678,0.982807299,31.13399085,,,,1e,1,ENG,Dorset,Westerly lowlands (England),Levemenete Ácido,4
WGFZAS,DFISTYRYPB,2007,8.27,4.827806,26.552933,48.2276606,1.21085583,23.1440419,0.21,3.814195865,48.2,12e,12,ENG,Cambridgeshire,Easterly lowlands (England),Moderadamente Alcalino,7
WGFZAS,JEQFSHKGOQ,2007,8.14,5.168771,28.4282405,57.79903912,1.355437131,18.84176162,0.24,4.879573672,68.9,12e,12,ENG,Cambridgeshire,Easterly lowlands (England),Moderadamente Alcalino,7
WGFZAS,OXLYLCKGXQ,2007,8.19,5.649841,31.0741255,58.70722282,1.259509251,23.44612967,0.26,4.91208608,41.4,12e,12,ENG,Cambridgeshire,Easterly lowlands (England),Moderadamente Alcalino,7
WGFZAS,SQYRJSQPMU,2007,8.19,5.488573,30.1871515,54.67470808,1.207460909,25.04982796,0.24,4.346859272,39.2,12e,12,ENG,Cambridgeshire,Easterly lowlands (England),Moderadamente Alcalino,7
WHKFUF,CJYAPIJXGN,2007,4.5,13.19768,72.58724,65.06238582,0.597555767,40.39703626,0.63,5.646901999,5,15w,44,WAL,Dyfed,Lowlands (Wales),Fuertemenete Ácido,2
WHKFUF,QASMZBZRGI,2007,4.47,12.15726,66.86493,52.16453679,0.520098621,45.74045197,0.55,4.29081362,4,15w,44,WAL,Dyfed,Lowlands (Wales),Fuertemenete Ácido,2
WHKFUF,SCDKKDHUWY,2007,5.75,13.8723,76.29765,54.6134888,0.477196775,55.06642564,0.59,4.223191461,7,15w,44,WAL,Dyfed,Lowlands (Wales),Moderadamente Ácido,3
WIMSDK,EQKDZBYOSX,2007,6.09,5.577605,30.6768275,63.12737155,1.371879617,19.69414698,,,,15e,14,ENG,Cheshire,Westerly lowlands (England),Levemenete Ácido,4
WIMSDK,FTTZTTJHJL,2007,6.22,7.264277,39.9535235,74.47045478,1.24261806,22.06822661,,,,15e,14,ENG,Cheshire,Westerly lowlands (England),Levemenete Ácido,4
WIMSDK,JPQKDYQOOE,2007,6.5,4.766673,26.2167015,45.3824204,1.154033315,20.48975726,,,,15e,14,ENG,Cheshire,Westerly lowlands (England),Levemenete Ácido,4
WIVLRO,ERBULGDLIA,2007,4.13,12.90081,70.954455,65.63542643,0.616690678,29.63180921,,,,9e,9,ENG,Nottinghamshire,Easterly lowlands (England),Fuertemenete Ácido,2
WIVLRO,EZRRAFOPXN,2007,3.96,8.977766,49.377713,61.09070721,0.82480811,17.32455823,,,,9e,9,ENG,Nottinghamshire,Easterly lowlands (England),Extremadamente Ácido,1
WIVLRO,LUTSQWFRLL,2007,7.64,7.736165,42.5489075,73.22220438,1.147263368,16.68071666,,,,9e,9,ENG,Nottinghamshire,Easterly lowlands (England),Levemenete Alcalino,6
WIVLRO,MFXINODQRT,2007,7.22,2.623477,14.4291235,28.75724145,1.328666589,12.94176339,,,,9e,9,ENG,Nottinghamshire,Easterly lowlands (England),Neutro,5
WIVLRO,RHKASGHNVH,2007,5.27,7.780374,42.792057,57.48672987,0.895598138,15.54351781,,,,9e,9,ENG,Nottinghamshire,Easterly lowlands (England),Moderadamente Ácido,3
WJHOZP,BDNQYPRHHK,2007,5.87,72.31355,397.724525,56.38919984,0.094519693,91.59097248,,,,22e,22,ENG,Northumberland,Uplands (England),Moderadamente Ácido,3
WJHOZP,CJVXIRNAVF,2007,3.8,94.40206,519.21133,23.53361108,0.030217126,97.05236007,,,,22e,22,ENG,Northumberland,Uplands (England),Extremadamente Ácido,1
WJHOZP,KOFMDCJMHH,2007,3.47,94.59336,520.26348,27.87843975,0.035723489,96.56476816,,,,22e,22,ENG,Northumberland,Uplands (England),Extremadamente Ácido,1
WJHOZP,MKFXLGJCAQ,2007,4.02,92.01824,506.10032,17.30855952,0.022799906,97.27466852,,,,22e,22,ENG,Northumberland,Uplands (England),Fuertemenete Ácido,2
WJHOZP,WFBFPDHTKM,2007,3.38,96.76009,532.180495,67.29587092,0.084302064,86.3727113,,,,22e,22,ENG,Northumberland,Uplands (England),Extremadamente Ácido,1
WKDWFI,BLCGSVVEBU,2007,5.75,4.863441,26.7489255,47.82750478,1.192010617,28.42579627,0.42,7.509666887,13,5e,5,ENG,North Somerset Unitary Authority,Westerly lowlands (England),Moderadamente Ácido,3
WKDWFI,MYCOMPEYJU,2007,6.11,6.575724,36.166482,73.53239703,1.355442811,24.16641815,0.25,5.082910541,6,5e,5,ENG,North Somerset Unitary Authority,Westerly lowlands (England),Levemenete Ácido,4
WKDWFI,RILMGYLXMP,2007,5.81,8.741447,48.0779585,79.12360226,1.097156989,28.12063745,0.49,8.064103867,10,5e,5,ENG,North Somerset Unitary Authority,Westerly lowlands (England),Moderadamente Ácido,3
WKDWFI,YCENZTZEDE,2007,5.94,8.320275,45.7615125,70.62362509,1.02886496,28.74689969,0.46,7.099168223,8,5e,5,ENG,North Somerset Unitary Authority,Westerly lowlands (England),Moderadamente Ácido,3
WKTPKP,JXIOUBSZMS,2007,3.37,44.57573,245.166515,110.1001706,0.29938882,59.55020622,1.61,7.230240015,62.3,25s,33,SCO,Scottish Borders,Lowlands (Scotland),Extremadamente Ácido,1
WKTPKP,OKFFBOPKTM,2007,6.69,9.497466,52.236063,82.95518202,1.058721724,30.72393164,0.34,5.399480793,14.4,25s,33,SCO,Scottish Borders,Lowlands (Scotland),Neutro,5
WKTPKP,QDCOYJAXKO,2007,5.98,12.26239,67.443145,104.9368628,1.037287163,28.40864872,0.39,6.068129901,16.4,25s,33,SCO,Scottish Borders,Lowlands (Scotland),Moderadamente Ácido,3
WKTPKP,RKXCMRTCJO,2007,4.16,33.71993,185.459615,125.8415587,0.452359251,61.97406571,0.73,4.953333793,39.7,25s,33,SCO,Scottish Borders,Lowlands (Scotland),Fuertemenete Ácido,2
WKTPKP,ZBUZKOVVGV,2007,5.01,10.19688,56.08284,64.23996495,0.763631858,25.69767448,0.34,3.894522475,25.1,25s,33,SCO,Scottish Borders,Lowlands (Scotland),Moderadamente Ácido,3
WOSSFN,EGOCIYYYPG,2007,8.55,12.78327,70.307985,64.56326057,0.612194671,35.96978913,0.59,5.417922834,8.5,7e,7,ENG,East Sussex,Westerly lowlands (England),Moderadamente Alcalino,7
WOSSFN,EUZVFABQOU,2007,8.56,8.609124,47.350182,,,30.66066911,0.41,,4.38,7e,7,ENG,East Sussex,Westerly lowlands (England),Moderadamente Alcalino,7
WOSSFN,MKLPULKBJL,2007,8.26,6.358047,34.9692585,61.89266033,1.179944194,25.48376815,0.36,6.37169865,4.24,7e,7,ENG,East Sussex,Westerly lowlands (England),Moderadamente Alcalino,7
WOSSFN,QQFLJQWTQN,2007,7.79,15.65847,86.121585,67.71613333,0.524190177,31.84375649,0.8,6.290282124,6.7,7e,7,ENG,East Sussex,Westerly lowlands (England),Levemenete Alcalino,6
WOSSFN,YFMJEOKAHN,2007,8.48,19.15233,105.337815,112.0943509,0.709427733,36.87397983,1.03,10.96065847,12.8,7e,7,ENG,East Sussex,Westerly lowlands (England),Moderadamente Alcalino,7
WRBZTH,DAGOVJVZIF,2007,5.7,9.37151,51.543305,87.59805825,1.133002734,27.46872595,0.38,6.458115586,59.8,16e,15,ENG,Lancashire,Westerly lowlands (England),Moderadamente Ácido,3
WRBZTH,DQACSQDBKO,2007,5.53,8.9144,49.0292,73.71507728,1.002328915,27.66899568,0.4,6.013973492,14.7,16e,15,ENG,Lancashire,Westerly lowlands (England),Moderadamente Ácido,3
WRBZTH,GXVEEMJHDH,2007,5.96,7.515194,41.333567,59.60982181,0.961443304,31.89622042,0.33,4.759144353,51.6,16e,15,ENG,Lancashire,Westerly lowlands (England),Moderadamente Ácido,3
WRBZTH,PCYCVUXIJB,2007,6.29,8.098301,44.5406555,69.12210258,1.034591907,28.9091267,0.4,6.207551443,64.8,16e,15,ENG,Lancashire,Westerly lowlands (England),Levemenete Ácido,4
WRBZTH,PSCERFZYJW,2007,6.3,7.906817,43.4874935,77.24026778,1.184099329,31.39461812,0.37,6.571751273,40.4,16e,15,ENG,Lancashire,Westerly lowlands (England),Levemenete Ácido,4
WSXUFY,KPXTJMAMCZ,2007,8.64,1.994395,10.9691725,22.64584715,1.376332758,9.538226801,,,,3e,3,ENG,Suffolk,Easterly lowlands (England),Moderadamente Alcalino,7
WSXUFY,SAOZMVSLVJ,2007,8.52,2.065964,11.362802,22.15120279,1.299632655,10.27712143,,,,3e,3,ENG,Suffolk,Easterly lowlands (England),Moderadamente Alcalino,7
WWZSMA,DUISUZDVGV,2007,5.51,11.09305,61.011775,57.85911591,0.632218026,35.17969813,,,,19s,28,SCO,South Lanarkshire,Intermediate uplands and Islands (Scotland),Moderadamente Ácido,3
WWZSMA,HJMNVYDBCS,2007,5.97,10.10049,55.552695,82.49958341,0.990045978,34.19729071,,,,19s,28,SCO,South Lanarkshire,Intermediate uplands and Islands (Scotland),Moderadamente Ácido,3
WWZSMA,LPXQLPFTLA,2007,5.79,9.057263,49.8149465,78.17763541,1.046240682,32.63643431,,,,19s,28,SCO,South Lanarkshire,Intermediate uplands and Islands (Scotland),Moderadamente Ácido,3
WWZSMA,QHRUHTADVB,2007,6.01,7.916837,43.5426035,52.62882956,0.805782924,36.24835822,,,,19s,28,SCO,South Lanarkshire,Intermediate uplands and Islands (Scotland),Levemenete Ácido,4
XDBRQR,HPLLDHQIMW,2007,8.55,6.231789,34.2748395,64.37679772,1.252168231,27.11422352,0.35,6.573883213,40,9e,9,ENG,North Yorkshire,Easterly lowlands (England),Moderadamente Alcalino,7
XDBRQR,OJALAXPROD,2007,8.15,4.684324,25.763782,51.33097118,1.328246274,21.93555807,0.22,4.383212705,10.5,9e,9,ENG,North Yorkshire,Easterly lowlands (England),Moderadamente Alcalino,7
XDBRQR,PJWGDALDPX,2007,8.46,8.990126,49.445693,43.6494204,0.58851665,40.43186535,0.51,4.502152372,28.1,9e,9,ENG,North Yorkshire,Easterly lowlands (England),Moderadamente Alcalino,7
XDEYXT,LPVCCDDFLL,2007,5.89,16.7025,91.86375,107.6625972,0.781320867,28.72118325,,,,7e,7,ENG,Devon,Westerly lowlands (England),Moderadamente Ácido,3
XDEYXT,MWFKXFRJKC,2007,4.97,7.662762,42.145191,54.34862167,0.859704597,22.37100199,,,,7e,7,ENG,Devon,Westerly lowlands (England),Fuertemenete Ácido,2
XDEYXT,TERHWXQPPZ,2007,4.56,21.6785,119.23175,86.61110171,0.484273144,28.57684293,,,,7e,7,ENG,Devon,Westerly lowlands (England),Fuertemenete Ácido,2
XDEYXT,WQRIEABXBP,2007,4.58,28.05042,154.27731,57.01150247,0.246359418,37.21866477,,,,7e,7,ENG,Devon,Westerly lowlands (England),Fuertemenete Ácido,2
XDUEWA,IQQFZXVNIJ,2007,5.83,6.580538,36.192959,57.2092132,1.053781634,32.35533501,0.3,4.742017352,32.7,7w,43,WAL,Gwynedd,Lowlands (Wales),Moderadamente Ácido,3
XDUEWA,MHLMEUIRAA,2007,6.98,12.30705,67.688775,83.09823744,0.818434444,40.76650233,0.6,7.36591,9.51,7w,43,WAL,Gwynedd,Lowlands (Wales),Neutro,5
XDUEWA,PTKTAKAQRO,2007,5.82,6.305959,34.6827745,61.531918,1.182756549,29.575016,0.29,5.144990987,44.3,7w,43,WAL,Gwynedd,Lowlands (Wales),Moderadamente Ácido,3
XDUEWA,WJYWGRNPDW,2007,8.54,6.941633,38.1789815,59.89215398,1.04581372,34.92402626,0.34,5.33364997,5.8,7w,43,WAL,Gwynedd,Lowlands (Wales),Moderadamente Alcalino,7
XDUEWA,XWTHETZNDL,2007,6.73,7.387023,40.6286265,61.48745599,1.008934853,36.50055618,0.36,5.448248209,3.04,7w,43,WAL,Gwynedd,Lowlands (Wales),Neutro,5
XGHBPM,LLUCPJHVLG,2007,6.37,9.715261,53.4339355,74.85422189,0.933916136,37.76878043,0.39,5.463409398,7.27,25s,33,SCO,South Lanarkshire,Lowlands (Scotland),Levemenete Ácido,4
XGHBPM,PBMQFZIJCG,2007,5.83,8.181539,44.9984645,67.59938608,1.00150656,31.46943431,0.37,5.558361408,20.6,25s,33,SCO,South Lanarkshire,Lowlands (Scotland),Moderadamente Ácido,3
XGHBPM,XFKNDWENKC,2007,6.43,6.638235,36.5102925,59.32443917,1.08324594,28.1007422,0.22,3.574711602,5.63,25s,33,SCO,South Lanarkshire,Lowlands (Scotland),Levemenete Ácido,4
XGHBPM,XVQDNKOKOL,2007,5.66,11.17603,61.468165,85.46203266,0.9268975,31.23282168,0.4,5.561384997,7.42,25s,33,SCO,South Lanarkshire,Lowlands (Scotland),Moderadamente Ácido,3
XGHBPM,YOEFMIDPTL,2007,5.34,8.623423,47.4288265,74.16683386,1.04250009,27.15156414,0.3,4.691250406,5.4,25s,33,SCO,South Lanarkshire,Lowlands (Scotland),Moderadamente Ácido,3
XGOPTX,GMJBHWOXFR,2007,6.08,7.705339,42.3793645,60.12937275,0.945890741,32.35581959,,,,18s,27,SCO,Scottish Borders,Intermediate uplands and Islands (Scotland),Levemenete Ácido,4
XGOPTX,KJDNMGBRFK,2007,6.29,7.88812,43.38466,59.78806546,0.918728193,40.04342811,,,,18s,27,SCO,Scottish Borders,Intermediate uplands and Islands (Scotland),Levemenete Ácido,4
XGOPTX,LYVZPHNFCV,2007,6.18,4.875793,26.8168615,51.19648984,1.272743763,25.88050983,,,,18s,27,SCO,Scottish Borders,Intermediate uplands and Islands (Scotland),Levemenete Ácido,4
XGOPTX,WTPJFKSAQZ,2007,4.06,12.22286,67.22573,68.34195517,0.677736091,36.24219907,,,,18s,27,SCO,Scottish Borders,Intermediate uplands and Islands (Scotland),Fuertemenete Ácido,2
XGOPTX,YDZLYRZVKM,2007,7.32,7.954172,43.747946,55.5545458,0.846585206,40.05741883,,,,18s,27,SCO,Scottish Borders,Intermediate uplands and Islands (Scotland),Neutro,5
XHAIJL,AIHDCWPQBO,2007,5.31,14.4108,79.2594,77.71877758,0.653708183,56.03013542,,,,24s,32,SCO,Perth & Kinross,True uplands (Scotland),Moderadamente Ácido,3
XHAIJL,IFDDMEGXWU,2007,4.5,14.6135,80.37425,63.69157827,0.528291737,55.80011734,,,,24s,32,SCO,Perth & Kinross,True uplands (Scotland),Fuertemenete Ácido,2
XHAIJL,IQMXVJZMGO,2007,4.3,79.7885,438.83675,97.68573109,0.148401019,85.89378655,,,,24s,32,SCO,Perth & Kinross,True uplands (Scotland),Fuertemenete Ácido,2
XHAIJL,JHFDYIOJSR,2007,3.92,49.1012,270.0566,51.36874754,0.126809831,89.12204251,,,,24s,32,SCO,Perth & Kinross,True uplands (Scotland),Extremadamente Ácido,1
XHAIJL,SNSYKFRFPE,2007,5.2,73.7552,405.6536,58.89601149,0.096791962,91.48477724,,,,24s,32,SCO,Perth & Kinross,True uplands (Scotland),Moderadamente Ácido,3
XHCFPY,MYZZWIKPHV,2007,5.55,11.22772,61.75246,79.08248485,0.853757997,26.91514485,,,,12e,12,ENG,Nottinghamshire,Easterly lowlands (England),Moderadamente Ácido,3
XHCFPY,NFMBVVMJJU,2007,7.37,3.311966,18.215813,36.41845109,1.332851155,15.91635224,,,,12e,12,ENG,Nottinghamshire,Easterly lowlands (England),Neutro,5
XHCFPY,OIRPOAOTLW,2007,7.17,4.939441,27.1669255,59.5411057,1.461117507,19.99689155,,,,12e,12,ENG,Nottinghamshire,Easterly lowlands (England),Neutro,5
XHCFPY,XQXZNJGKAN,2007,7.76,4.505818,24.781999,44.2600619,1.19065084,17.07172536,,,,12e,12,ENG,Nottinghamshire,Easterly lowlands (England),Levemenete Alcalino,6
XIDYRJ,CMVIJKWRSJ,2007,7.36,5.037427,27.7058485,39.56435902,0.952009802,32.13389958,,,,5e,5,ENG,Somerset,Westerly lowlands (England),Neutro,5
XIDYRJ,PGUXAQFOSK,2007,6.55,9.466302,52.064661,86.43509052,1.106765944,27.76603016,,,,5e,5,ENG,Somerset,Westerly lowlands (England),Neutro,5
XIDYRJ,PZXPPCVREP,2007,3.98,19.52488,107.38684,60.39832981,0.374957986,46.46620689,,,,5e,5,ENG,Somerset,Westerly lowlands (England),Extremadamente Ácido,1
XKNMNN,HXPINBONTQ,2007,8.62,6.019417,33.1067935,29.95347024,0.603168657,25.77346914,,,,5w,41,WAL,South Glamorgan,Lowlands (Wales),Moderadamente Alcalino,7
XKNMNN,RBITLNPQNG,2007,8.76,22.17586,121.96723,124.1688136,0.67870041,24.92205933,,,,5w,41,WAL,South Glamorgan,Lowlands (Wales),Moderadamente Alcalino,7
XNMVMF,BHXCWELAPJ,2007,6.3,10.7514,59.1327,83.40890385,0.94035848,38.23282276,,,,27s,35,SCO,Aberdeenshire,Lowlands (Scotland),Levemenete Ácido,4
XNMVMF,DKGZWRBHJL,2007,4.77,85.63408,470.98744,,,,,,,27s,35,SCO,Aberdeenshire,Lowlands (Scotland),Fuertemenete Ácido,2
XNMVMF,GLZGWKAHXU,2007,4.94,81.22728,446.75004,296.2468248,0.442076923,49.77239716,,,,27s,35,SCO,Aberdeenshire,Lowlands (Scotland),Fuertemenete Ácido,2
XNMVMF,WGDWWEQEDH,2007,5.92,77.9925,428.95875,40.88259963,0.063537733,94.37759161,,,,27s,35,SCO,Aberdeenshire,Lowlands (Scotland),Moderadamente Ácido,3
XNMVMF,YRTUCWHXHK,2007,4.76,28.77451,158.259805,86.03692005,0.362429024,64.05101958,,,,27s,35,SCO,Aberdeenshire,Lowlands (Scotland),Fuertemenete Ácido,2
XOJNJF,GXRBSDTMIN,2007,5.5,12.66524,69.65882,81.60677494,0.781014043,36.76230129,,,,11e,11,ENG,Gloucestershire,Easterly lowlands (England),Moderadamente Ácido,3
XOJNJF,KDMPFDFYBH,2007,8.42,9.383031,51.6066705,61.93275566,0.800061375,44.26454257,,,,11e,11,ENG,Gloucestershire,Easterly lowlands (England),Moderadamente Alcalino,7
XOJNJF,XJKNZIIWZL,2007,7.25,10.4637,57.55035,99.35186056,1.150897844,32.25433967,,,,11e,11,ENG,Gloucestershire,Easterly lowlands (England),Neutro,5
XOJNJF,ZSETITXREQ,2007,8.13,10.55336,58.04348,79.91733946,0.917901999,32.90519375,,,,11e,11,ENG,Gloucestershire,Easterly lowlands (England),Moderadamente Alcalino,7
XOJNJF,ZSLVYDRWRJ,2007,6.64,8.633648,47.485064,72.5154643,1.01808103,32.59471578,,,,11e,11,ENG,Gloucestershire,Easterly lowlands (England),Neutro,5
XQPYLJ,COPGOMYTDA,2007,5.08,6.516516,35.840838,54.25426185,1.009170263,26.99749348,0.25,3.784388485,4.09,18e,20,ENG,Cumbria,Uplands (England),Moderadamente Ácido,3
XQPYLJ,DSIGJXFSJZ,2007,6.16,5.063382,27.848601,50.54110549,1.209901723,29.0631767,0.27,4.900101978,12.7,18e,20,ENG,Cumbria,Uplands (England),Levemenete Ácido,4
XQPYLJ,MQXJMSRBAQ,2007,5.91,7.685077,42.2679235,68.00439595,1.072592647,32.65939392,0.34,5.470222502,7.33,18e,20,ENG,Cumbria,Uplands (England),Moderadamente Ácido,3
XQPYLJ,TSYAHQPCGY,2007,6.82,12.84728,70.66004,87.92416262,0.829551022,41.40079129,0.51,6.34606532,17.6,18e,20,ENG,Cumbria,Uplands (England),Neutro,5
XQPYLJ,XTRQNTVSUO,2007,5.61,7.553474,41.544107,64.33278245,1.032361139,36.76527712,0.4,6.194166836,7.97,18e,20,ENG,Cumbria,Uplands (England),Moderadamente Ácido,3
XRAFAX,BPAMZXXITX,2007,6.05,7.562751277,41.59513202,39.11521436,0.626919745,53.01147809,,,,5w,41,WAL,South Glamorgan,Lowlands (Wales),Levemenete Ácido,4
XRAFAX,DWBWYPXDMF,2007,5.22,11.82231196,65.0227158,93.28711234,0.956456639,33.08110067,,,,5w,41,WAL,South Glamorgan,Lowlands (Wales),Moderadamente Ácido,3
XRAFAX,GFWPODOISP,2007,5.8,5.5402,30.4711,66.21188609,1.448626974,21.71657162,,,,5w,41,WAL,South Glamorgan,Lowlands (Wales),Moderadamente Ácido,3
XRAFAX,OXPWRFTHXE,2007,5.18,10.7399,59.06945,101.6762645,1.147533562,30.95934384,,,,5w,41,WAL,South Glamorgan,Lowlands (Wales),Moderadamente Ácido,3
XRAFAX,ZTINRVZQPN,2007,6.1,10.5443,57.99365,84.04358043,0.96612394,35.53992321,,,,5w,41,WAL,South Glamorgan,Lowlands (Wales),Levemenete Ácido,4
XRLEIA,DKXMESJSUX,2007,6.63,9.979591,54.8877505,79.47410513,0.965292552,23.96890676,0.39,5.646961429,88,9e,9,ENG,West Midlands,Easterly lowlands (England),Neutro,5
XRLEIA,MHKFBOFAZG,2007,6.92,3.137017,17.2535935,38.99719353,1.506824014,15.25527269,0.16,3.616377634,,9e,9,ENG,West Midlands,Easterly lowlands (England),Neutro,5
XRLEIA,PASEXOFZFI,2007,5.33,4.998476,27.491618,51.37530811,1.245841747,14.45886166,0.2,3.737525242,38,9e,9,ENG,West Midlands,Easterly lowlands (England),Moderadamente Ácido,3
XRLEIA,XLCCPLQCDE,2007,6.76,3.03244,16.67842,34.23689974,1.368510916,15.81081487,0.16,3.284426197,46,9e,9,ENG,West Midlands,Easterly lowlands (England),Neutro,5
XTDXNP,GBXTUMCTJN,2007,4.66,5.558631,30.5724705,45.64805439,0.995406513,24.76706724,,,,25e,24,ENG,Northumberland,Easterly lowlands (England),Fuertemenete Ácido,2
XTDXNP,PDJMLURTSQ,2007,6.96,6.575615,36.1658825,65.98121741,1.21627001,20.70223343,,,,25e,24,ENG,Northumberland,Easterly lowlands (England),Neutro,5
XTDXNP,QLKFVYSXLG,2007,4.61,13.53753,74.456415,63.27566775,0.566556669,25.01904538,,,,25e,24,ENG,Northumberland,Easterly lowlands (England),Fuertemenete Ácido,2
XTDXNP,SOOVGDCYZR,2007,6.86,4.62659,25.446245,45.62256099,1.195266361,16.12267197,,,,25e,24,ENG,Northumberland,Easterly lowlands (England),Neutro,5
XTDXNP,SZJCQOOXEP,2007,6.68,4.874039,26.8072145,61.18719709,1.521659952,18.36765926,,,,25e,24,ENG,Northumberland,Easterly lowlands (England),Neutro,5
XTIHBS,MVHSADTNKK,2007,6.28,6.082793,33.4553615,65.81336222,1.31146617,20.25718797,,,,10e,10,ENG,West Yorkshire,Westerly lowlands (England),Levemenete Ácido,4
XXFYMD,JXWTEHVLVF,2007,4.29,88.14942,484.82181,57.09983672,0.078516595,90.96684703,,,,23s,31,SCO,Highland,True uplands (Scotland),Fuertemenete Ácido,2
XXFYMD,KDQKJZYPHD,2007,5.08,20.29573,111.626515,68.06239381,0.40648881,60.82527208,,,,23s,31,SCO,Highland,True uplands (Scotland),Moderadamente Ácido,3
XXFYMD,NSWNGFCHFG,2007,4.39,95.06213,522.841715,21.67346603,0.027635472,97.27167802,,,,23s,31,SCO,Highland,True uplands (Scotland),Fuertemenete Ácido,2
XXFYMD,PJXNQHJZRM,2007,5.33,6.351149,34.9313195,48.37986865,0.923333164,29.67921359,,,,23s,31,SCO,Highland,True uplands (Scotland),Moderadamente Ácido,3
XXFYMD,TERQTXRVCN,2007,4.63,15.06056,82.83308,68.93243809,0.554789931,53.17044173,,,,23s,31,SCO,Highland,True uplands (Scotland),Fuertemenete Ácido,2
XZCUFZ,HIWDKGQOWS,2007,5.48,9.842335,54.1328425,77.90436026,0.959422003,30.38979172,0.52,7.483491623,24.3,7w,43,WAL,Gwynedd,Lowlands (Wales),Moderadamente Ácido,3
XZCUFZ,KQRJZNLTVF,2007,5.84,3.440103,18.9205665,21.32745529,0.751473457,43.69704565,0.52,5.861492968,13.6,7w,43,WAL,Gwynedd,Lowlands (Wales),Moderadamente Ácido,3
XZCUFZ,OAMDZZBXET,2007,5.7,14.75021,81.126155,62.29951483,0.511955853,54.45667986,0.64,4.914776189,16,7w,43,WAL,Gwynedd,Lowlands (Wales),Moderadamente Ácido,3
XZZAGX,KTTSZFUOZF,2007,4.88,6.91828,38.05054,53.49314972,0.937229795,30.85776663,,,,9e,9,ENG,West Midlands,Easterly lowlands (England),Fuertemenete Ácido,2
XZZAGX,NBOGRTJBQS,2007,6.52,11.04432,60.74376,86.10905479,0.945052406,30.14294237,,,,9e,9,ENG,West Midlands,Easterly lowlands (England),Neutro,5
XZZAGX,OKGDPOMUVJ,2007,5.62,6.767033,37.2186815,44.63609572,0.799528515,18.63193631,,,,9e,9,ENG,West Midlands,Easterly lowlands (England),Moderadamente Ácido,3
XZZAGX,UGDIFWSQSX,2007,6.07,7.674078,42.207429,72.73846885,1.148904677,25.54865457,,,,9e,9,ENG,West Midlands,Easterly lowlands (England),Levemenete Ácido,4
YAVBAP,IBWPMZGENR,2007,3.89,78.60399,432.321945,141.2462401,0.217810271,78.60465814,,,,17w2,18,WAL,Powys,Uplands (Wales),Extremadamente Ácido,1
YAVBAP,KIHZVETBGW,2007,3.69,91.32014,502.26077,76.55374615,0.101612218,90.41072572,,,,17w2,18,WAL,Powys,Uplands (Wales),Extremadamente Ácido,1
YAVBAP,WMNNSMHLEI,2007,3.78,89.94263,494.684465,43.81441136,0.059046947,94.31723966,,,,17w2,18,WAL,Powys,Uplands (Wales),Extremadamente Ácido,1
YAVBAP,YLXHBTOTVS,2007,3.94,31.72555,174.490525,96.03874647,0.36693013,66.51575357,,,,17w2,18,WAL,Powys,Uplands (Wales),Extremadamente Ácido,1
YAVBAP,ZORLRAYRXD,2007,3.72,88.11214,484.61677,73.26451622,0.100786877,89.22657881,,,,17w2,18,WAL,Powys,Uplands (Wales),Extremadamente Ácido,1
YBDBIN,JBQXKVNNDT,2007,3.76,21.74582,119.60201,88.26309274,0.491982215,28.60406233,,,,1e,1,ENG,Worcestershire,Westerly lowlands (England),Extremadamente Ácido,1
YBDBIN,PUOKOQFILL,2007,6.03,1.844242,10.143331,18.41609689,1.210391135,10.50144838,,,,1e,1,ENG,Worcestershire,Westerly lowlands (England),Levemenete Ácido,4
YBYTMW,AMRVBVPBKS,2007,6.53,7.753788,42.645834,70.26846041,1.098481044,28.87671459,0.35,5.767025483,68,25e,24,ENG,Northumberland,Easterly lowlands (England),Neutro,5
YBYTMW,CDHWZNQDEF,2007,6.23,14.60595,80.332725,108.7328849,0.902354426,35.14299749,0.47,6.361598703,58.5,25e,24,ENG,Northumberland,Easterly lowlands (England),Levemenete Ácido,4
YBYTMW,DLTMJHKSIG,2007,6.4,8.405686,46.231273,75.57433662,1.089801076,32.00234071,0.35,5.721455651,21.1,25e,24,ENG,Northumberland,Easterly lowlands (England),Levemenete Ácido,4
YBYTMW,SEGYXCOQZQ,2007,5.75,5.402864,29.715752,59.58326886,1.336738146,22.658967,0.23,4.611746604,9.97,25e,24,ENG,Northumberland,Easterly lowlands (England),Moderadamente Ácido,3
YBYTMW,VSOVTKVCYR,2007,5.11,35.05026,192.77643,108.0832699,0.37377761,67.86479107,1.13,6.335530489,12.4,25e,24,ENG,Northumberland,Easterly lowlands (England),Moderadamente Ácido,3
YBYWHW,DOWNJYUODG,2007,3.92,24.40621,134.234155,50.23722776,0.249500473,43.29964886,0.44,1.646703122,15,22s,30,SCO,Northumberland,True uplands (Scotland),Extremadamente Ácido,1
YBYWHW,IEMBFRPFZC,2007,3.56,92.03014,506.16577,65.83589172,0.086711898,88.03854542,1.67,2.172133038,75,22s,30,SCO,Northumberland,True uplands (Scotland),Extremadamente Ácido,1
YBYWHW,JVBPPTOYHF,2007,3.59,74.33329,408.833095,51.44460563,0.083888521,90.24791417,1.78,2.239823516,,22s,30,SCO,Northumberland,True uplands (Scotland),Extremadamente Ácido,1
YBYWHW,KFZKJPNCXQ,2007,3.55,91.03335,500.683425,85.52741688,0.113880898,83.97336428,1.91,3.26268772,29,22s,30,SCO,Northumberland,True uplands (Scotland),Extremadamente Ácido,1
YBYWHW,QJSVKBDQOY,2007,3.44,76.17596,418.96778,66.26259543,0.105437854,82.97446865,1.94,3.068241551,84,22s,30,SCO,Northumberland,True uplands (Scotland),Extremadamente Ácido,1
YCZHUL,BITLJAGEQM,2007,4.37,88.77179,488.244845,72.75345591,0.099340125,89.76946147,,,37,30s,38,SCO,Highland,Intermediate uplands and Islands (Scotland),Fuertemenete Ácido,2
YCZHUL,LLFDYPNSLJ,2007,4.53,96.00739,528.040645,46.65470556,0.058902922,92.30099023,,,130,30s,38,SCO,Highland,Intermediate uplands and Islands (Scotland),Fuertemenete Ácido,2
YCZHUL,MTPHVCSXPM,2007,4.4,36.3176,199.7468,86.46490909,0.288581708,63.28764254,1.02,4.415300134,2.33,30s,38,SCO,Highland,Intermediate uplands and Islands (Scotland),Fuertemenete Ácido,2
YCZHUL,SHLPECJBTS,2007,4.05,94.59849,520.291695,90.6808013,0.116192259,83.64640595,,,85,30s,38,SCO,Highland,Intermediate uplands and Islands (Scotland),Fuertemenete Ácido,2
YDGWZL,GYXFTAIZEM,2007,5.46,6.438949,35.4142195,58.69882883,1.104995482,29.29239112,0.41,6.795722215,14,6e,6,ENG,Devon,Westerly lowlands (England),Moderadamente Ácido,3
YDGWZL,HLHCEXBHYD,2007,4.36,6.580112,36.190616,56.07617466,1.032978174,26.70550973,0.39,6.04292232,34,6e,6,ENG,Devon,Westerly lowlands (England),Fuertemenete Ácido,2
YDGWZL,UGHPFAXUPV,2007,5.3,6.895162,37.923391,60.740781,1.06778041,30.49074751,0.41,6.566849523,14,6e,6,ENG,Devon,Westerly lowlands (England),Moderadamente Ácido,3
YDGWZL,YLZEYBVFES,2007,5.24,34.14409,187.792495,72.49774387,0.257368268,75.47046862,1.47,5.674970317,6,6e,6,ENG,Devon,Westerly lowlands (England),Moderadamente Ácido,3
YDSEWL,DFEQKKVUKH,2007,6.76,8.647548,47.561514,71.35490748,1.000177125,31.69643768,,,,6e,6,ENG,Cornwall and Isles of Scilly,Westerly lowlands (England),Neutro,5
YDSEWL,EDGWICCGAR,2007,6.72,5.922375,32.5730625,51.90200854,1.062268524,28.10645153,,,,6e,6,ENG,Cornwall and Isles of Scilly,Westerly lowlands (England),Neutro,5
YDSEWL,KAYQDFFEXO,2007,6.47,7.343675,40.3902125,69.20542857,1.142280506,27.52395725,,,,6e,6,ENG,Cornwall and Isles of Scilly,Westerly lowlands (England),Levemenete Ácido,4
YDSEWL,KMGZHNGFAU,2007,5.89,7.795191,42.8735505,65.24132266,1.014476632,26.31547688,,,,6e,6,ENG,Cornwall and Isles of Scilly,Westerly lowlands (England),Moderadamente Ácido,3
YDSEWL,XKBOVDXERA,2007,6.03,6.452843,35.4906365,49.73911691,0.934314359,27.1050792,,,,6e,6,ENG,Cornwall and Isles of Scilly,Westerly lowlands (England),Levemenete Ácido,4
YERFOW,LTQTDVKUGX,2007,4.79,25.04847,137.766585,112.2710797,0.543291296,53.07854881,,,,7s,25,SCO,North Ayrshire,Lowlands (Scotland),Fuertemenete Ácido,2
YERFOW,PJRVNXBJRW,2007,4.27,38.00946,209.05203,113.3275002,0.361401259,65.29250764,,,,7s,25,SCO,North Ayrshire,Lowlands (Scotland),Fuertemenete Ácido,2
YERFOW,TKUHLTECPT,2007,4.38,18.86152,103.73836,110.905257,0.712724184,44.34998862,,,,7s,25,SCO,North Ayrshire,Lowlands (Scotland),Fuertemenete Ácido,2
YERFOW,TPZBPJLZYF,2007,5.24,8.635283,47.4940565,66.75126201,0.936977058,31.40405534,,,,7s,25,SCO,North Ayrshire,Lowlands (Scotland),Moderadamente Ácido,3
YFJGHR,FJOTBILKHC,2007,4.25,18.21867,100.202685,68.2695677,0.454209836,55.43523349,0.52,3.542836722,5,26s,34,SCO,Stirling,Lowlands (Scotland),Fuertemenete Ácido,2
YFJGHR,JFILZJQUVC,2007,5.54,9.278881,51.0338455,70.93221679,0.926603591,37.69819721,0.37,5.142649933,18,26s,34,SCO,Stirling,Lowlands (Scotland),Moderadamente Ácido,3
YFJGHR,XADXKFTEOW,2007,4.67,10.06192,55.34056,64.98804058,0.782886194,41.7940152,0.42,4.932183022,9,26s,34,SCO,Stirling,Lowlands (Scotland),Fuertemenete Ácido,2
YFJGHR,YILPHCMKZR,2007,4.99,6.963505,38.2992775,48.44938687,0.843347273,35.62359704,0.23,2.909548093,8,26s,34,SCO,Stirling,Lowlands (Scotland),Fuertemenete Ácido,2
YFJGHR,YJVARCVIRR,2007,5.84,8.381562,46.098591,72.38732202,1.046847933,35.56141414,0.43,6.752169165,19,26s,34,SCO,Stirling,Lowlands (Scotland),Moderadamente Ácido,3
YGQIJY,GXUKIUKVQD,2007,7.17,6.06729,33.370095,64.38595367,1.286300477,26.00221765,0.26,5.01657186,12,11e,11,ENG,Milton Keynes Unitary Authority,Easterly lowlands (England),Neutro,5
YGQIJY,KQZQVTARQL,2007,6.61,5.616007,30.8880385,55.51386248,1.198173903,25.50210762,0.26,4.672878223,14.2,11e,11,ENG,Milton Keynes Unitary Authority,Easterly lowlands (England),Neutro,5
YGQIJY,LACOEHCHSS,2007,8.32,4.623508,25.429294,46.12417357,1.209213635,24.36552715,0.23,4.171787042,8.19,11e,11,ENG,Milton Keynes Unitary Authority,Easterly lowlands (England),Moderadamente Alcalino,7
YGQIJY,MVDGUYPZMC,2007,6.63,6.430214,35.366177,59.26909023,1.117246199,26.7112085,0.31,5.195194825,17.6,11e,11,ENG,Milton Keynes Unitary Authority,Easterly lowlands (England),Neutro,5
YJORQV,BGMPUFHJBI,2007,5.62,16.67676,91.72218,96.89428496,0.704259209,39.35595162,,,,27s,35,SCO,North Lanarkshire,Lowlands (Scotland),Moderadamente Ácido,3
YJORQV,DGQLGVLZVU,2007,5.03,19.33488,106.34184,104.6402525,0.65599926,44.27867058,,,,27s,35,SCO,North Lanarkshire,Lowlands (Scotland),Moderadamente Ácido,3
YJORQV,PGAWRJBBYS,2007,6.36,55.67393,306.206615,56.17644415,0.122306185,86.22134961,,,,27s,35,SCO,North Lanarkshire,Lowlands (Scotland),Levemenete Ácido,4
YJORQV,YBJOUNEBEE,2007,5.67,54.36774,299.02257,101.9950717,0.227396596,78.46056695,,,,27s,35,SCO,North Lanarkshire,Lowlands (Scotland),Moderadamente Ácido,3
YJTHLC,GOBNXXRLON,2007,4.42,,,,,,,,61,21s,29,SCO,Highland,True uplands (Scotland),Fuertemenete Ácido,2
YJTHLC,QNVDTPQOBW,2007,4.23,,,,,,1.5,,40,21s,29,SCO,Highland,True uplands (Scotland),Fuertemenete Ácido,2
YJTHLC,RXHDNVPPKG,2007,4.24,,,,,,,,24,21s,29,SCO,Highland,True uplands (Scotland),Fuertemenete Ácido,2
YJTHLC,ZYZLXLPTHJ,2007,4.18,,,,,,,,,21s,29,SCO,Highland,True uplands (Scotland),Fuertemenete Ácido,2
YLJOFI,AODUWPJTTY,2007,6.54,7.798792,42.893356,45.86367803,0.712832667,46.27448862,,,,11e,11,ENG,Oxfordshire,Easterly lowlands (England),Neutro,5
YLJOFI,EXVGMYPHKX,2007,3.94,6.249332,34.371326,48.87885077,0.948054798,21.82615056,,,,11e,11,ENG,Oxfordshire,Easterly lowlands (England),Extremadamente Ácido,1
YLJOFI,VDOAVCEWPM,2007,5.6,14.04106,77.22583,80.50747419,0.694996084,41.30666924,,,,11e,11,ENG,Oxfordshire,Easterly lowlands (England),Moderadamente Ácido,3
YMMERA,HBQLONQABF,2007,4.02,75.59883,415.793565,142.8808329,0.229089377,80.93637799,1.41,4.845240316,19,13s,26,SCO,Argyll & Bute,Lowlands (Scotland),Fuertemenete Ácido,2
YMMERA,PIWUFWQZOF,2007,3.83,65.82166,362.01913,112.6801154,0.207503059,63.22599058,1.2,3.735055066,28,13s,26,SCO,Argyll & Bute,Lowlands (Scotland),Extremadamente Ácido,1
YMMERA,ZQMMRLLKUK,2007,4.15,64.80847,356.446585,154.144426,0.288298317,73.06608458,1.22,5.275859205,43,13s,26,SCO,Argyll & Bute,Lowlands (Scotland),Fuertemenete Ácido,2
YMMERA,ZVBVRGNOWH,2007,5.17,8.543195,46.9875725,73.11968337,1.037432942,27.61447929,0.32,4.979678122,10,13s,26,SCO,Argyll & Bute,Lowlands (Scotland),Moderadamente Ácido,3
YPTIQX,JIAPGCCWLI,2007,3.45,95.46723,525.069765,48.5191268,0.061603403,93.92575438,,,,22e,22,ENG,Durham,Uplands (England),Extremadamente Ácido,1
YPTIQX,PPDNXSKZDH,2007,3.48,95.30927,524.200985,37.89515506,0.04819418,95.94602534,,,,22e,22,ENG,Durham,Uplands (England),Extremadamente Ácido,1
YPTIQX,PWEJPGHXYZ,2007,3.68,85.81779,471.997845,15.75077557,0.02224696,98.06891935,,,,22e,22,ENG,Durham,Uplands (England),Extremadamente Ácido,1
YPTIQX,SBPBNHWVNH,2007,3.6,93.18475,512.516125,38.78771818,0.050453981,95.24831342,,,,22e,22,ENG,Durham,Uplands (England),Extremadamente Ácido,1
YPTIQX,TQGHZJLJBI,2007,3.79,93.59411,514.767605,20.5106527,0.026562993,97.18508653,,,,22e,22,ENG,Durham,Uplands (England),Extremadamente Ácido,1
YRGEZQ,ANBVFIUGRM,2007,5.04,25.82543,142.039865,63.31986298,0.297192918,54.49098807,,,,19e,21,ENG,Cumbria,Uplands (England),Moderadamente Ácido,3
YRGEZQ,CYGERETSLW,2007,5.2,11.27924,62.03582,80.0342205,0.860086108,35.49698663,,,,19e,21,ENG,Cumbria,Uplands (England),Moderadamente Ácido,3
YRGEZQ,NQYVWESCNZ,2007,5.76,9.104331,50.0738205,68.06619021,0.906211263,33.8502173,,,,19e,21,ENG,Cumbria,Uplands (England),Moderadamente Ácido,3
YRGEZQ,QWKTCYFOXI,2007,5.83,20.49695,112.733225,63.67397083,0.376546612,44.81348274,,,,19e,21,ENG,Cumbria,Uplands (England),Moderadamente Ácido,3
YRGEZQ,TSGIYEKDPB,2007,4.49,90.83582,499.59701,69.55059995,0.092808935,91.43623381,,,,19e,21,ENG,Cumbria,Uplands (England),Fuertemenete Ácido,2
YTAUII,SBGLCJLJPD,2007,6.1,8.76576,48.21168,75.48047474,1.043737047,33.06893479,0.35,5.479619495,3.93,5w,41,WAL,Gwent,Lowlands (Wales),Levemenete Ácido,4
YTAUII,TPJVWVDDYX,2007,6.1,6.696748,36.832114,55.72391647,1.008611063,38.52457261,0.36,5.446499739,6.22,5w,41,WAL,Gwent,Lowlands (Wales),Levemenete Ácido,4
YTAUII,XIAUIKSYDX,2007,6.15,6.168024,33.924132,59.17429945,1.162875235,28.17340764,0.3,5.232938557,6.85,5w,41,WAL,Gwent,Lowlands (Wales),Levemenete Ácido,4
YTAUII,ZEAJXZZZJN,2007,7.11,9.666302,53.164661,77.37246374,0.970224234,40.53938781,0.45,6.549013579,14.5,5w,41,WAL,Gwent,Lowlands (Wales),Neutro,5
YTLYLE,BGZQGTJHHJ,2007,7.52,4.479999,24.6399945,52.4310236,1.418588617,21.38134128,0.19,4.04297756,20.6,10e,10,ENG,West Yorkshire,Westerly lowlands (England),Levemenete Alcalino,6
YTLYLE,FWMAHLVDVM,2007,7.3,3.786627,20.8264485,47.88644142,1.532872697,22.13482282,0.18,4.138756282,38.5,10e,10,ENG,West Yorkshire,Westerly lowlands (England),Neutro,5
YTLYLE,MHCOOZBQBC,2007,6.52,7.510403,41.3072165,73.24550922,1.182126118,30.04221039,0.34,6.028843201,39.5,10e,10,ENG,West Yorkshire,Westerly lowlands (England),Neutro,5
YTLYLE,NZOVIODRPW,2007,7.38,6.022847,33.1256585,56.26375054,1.132329702,28.19542448,0.27,4.585935294,116,10e,10,ENG,West Yorkshire,Westerly lowlands (England),Neutro,5
YTLYLE,SWCYKLAIEI,2007,7.7,4.350905,23.9299775,53.95244576,1.503064396,23.07335878,0.19,4.283733528,72.1,10e,10,ENG,West Yorkshire,Westerly lowlands (England),Levemenete Alcalino,6
YTTNGG,CZSNMLUCBV,2007,5.68,8.576975,47.1733625,,,,,,,6e,6,ENG,Devon,Westerly lowlands (England),Moderadamente Ácido,3
YTTNGG,LBCKUBKJAE,2007,4.23,6.611822,36.365021,43.87986963,0.804433646,29.00974519,,,,6e,6,ENG,Devon,Westerly lowlands (England),Fuertemenete Ácido,2
YTTNGG,PWHMFTONYE,2007,5.56,10.69312,58.81216,84.29817018,0.955563953,32.29633916,,,,6e,6,ENG,Devon,Westerly lowlands (England),Moderadamente Ácido,3
YTTNGG,QWGTNTDPVZ,2007,5.67,65.63885,361.013675,58.84906483,0.10867375,88.5732695,,,,6e,6,ENG,Devon,Westerly lowlands (England),Moderadamente Ácido,3
YTTNGG,SOTDTFXUCD,2007,5.63,4.460687,24.5337785,39.63433521,1.077000436,16.20697216,,,,6e,6,ENG,Devon,Westerly lowlands (England),Moderadamente Ácido,3
YUCTHB,JKFCLSJGMQ,2007,5.21,70.15275,385.840125,117.6046676,0.203201032,80.81145806,,,,32s,40,SCO,Eilean Siar,Intermediate uplands and Islands (Scotland),Moderadamente Ácido,3
YUCTHB,MZEWTIXTFI,2007,4.3,85.79805,471.889275,214.2986032,0.302752665,69.35817094,,,,32s,40,SCO,Eilean Siar,Intermediate uplands and Islands (Scotland),Fuertemenete Ácido,2
GCKECU,ISYUGRUDOV,2007,5.86,8.988412,49.436266,61.00720153,0.82270509,37.0289836,0.38,4.689419015,69,26s,34,SCO,Aberdeenshire,Lowlands (Scotland),Moderadamente Ácido,3
GLYVQA,IDFMGIHSRU,2007,5.13,18.90824,103.99532,43.26204192,0.277333262,76.93363845,,,,17w2,18,WAL,Powys,Uplands (Wales),Moderadamente Ácido,3
JKTWQP,THPVYAMKDT,2007,5.68,6.960564,38.283102,59.85522375,1.042326259,25.63817839,,,,15w,44,WAL,Powys,Lowlands (Wales),Moderadamente Ácido,3
BSARIT,EQXSIAHPKT,2007,6.37,5.342616,29.384388,44.16240566,1.001947149,30.83655057,,,,6e,6,ENG,Devon,Westerly lowlands (England),Levemenete Ácido,4
CNXIPS,NGAAPYRFHL,2007,6.27,3.401115,18.7061325,38.68084792,1.378544279,16.19807521,,,,26s,34,SCO,Perth & Kinross,Lowlands (Scotland),Levemenete Ácido,4
AKOMXO,HOCECETYBI,2007,6.18,7.599279,41.7960345,68.50743006,1.092726154,20.83939645,,,,13e,13,ENG,Cumbria,Westerly lowlands (England),Levemenete Ácido,4
DZIAED,VXAOTHBWCT,2007,6.46,5.003542,27.519481,53.24105432,1.289778547,24.600471,0.24,4.643202768,11.6,13e,13,ENG,North Yorkshire,Westerly lowlands (England),Levemenete Ácido,4
ELMOEX,TTVUBZILMT,2007,6.55,4.272821,23.5005155,47.79921214,1.355976273,15.2440343,0.24,4.881514584,121,11e,11,ENG,Bedfordshire,Easterly lowlands (England),Neutro,5
ETBVQS,GNGUIHPVQL,2007,6.39,5.191432,28.552876,48.58206817,1.134318149,18.36901428,0.21,3.573102168,33.2,10e,10,ENG,North Yorkshire,Westerly lowlands (England),Levemenete Ácido,4
FBUJKB,QRDJMUZDKH,2007,6.09,8.754762,48.151191,68.189264,0.944099375,37.36896424,0.33,4.673291907,18,26s,34,SCO,Stirling,Lowlands (Scotland),Levemenete Ácido,4
GAEJTI,RXKHSJBOOD,2007,6.41,8.940639,49.1735145,76.50396917,1.037197496,32.27984309,,,,25s,33,SCO,Aberdeenshire,Lowlands (Scotland),Levemenete Ácido,4
HCRUMQ,AODTJYGCGD,2007,6,22.47865,123.632575,150.9331716,0.813880277,44.59768811,,,,17e,16,ENG,Lancashire,Uplands (England),Levemenete Ácido,4
LIMFZQ,HEUZIVVGYP,2007,6.58,11.74351585,64.58933718,65.89701481,0.68016402,47.35681073,,,,17w1,17,WAL,Powys,Uplands (Wales),Neutro,5
JGRNAK,AEPRUGKFXF,2007,6.14,8.083434,44.458887,54.66086438,0.819646615,37.03096224,,,,17w2,18,WAL,Powys,Uplands (Wales),Levemenete Ácido,4
JMIFHD,BYCTWKPQZB,2007,6.21,8.339302,45.866161,69.30873988,1.007405581,33.19213937,,,,6w,42,WAL,Dyfed,Lowlands (Wales),Levemenete Ácido,4
QQXUFX,BMSVFUHDAB,2007,6.55,12.18029,66.991595,80.37716629,0.799873141,34.85404622,0.59,7.0788773,53.1,17w1,17,WAL,Powys,Uplands (Wales),Neutro,5
MGWQSP,MIJRRJLAUK,2007,6.5,15.86031,87.231705,82.87500328,0.633370656,44.11029148,0.73,6.935408679,25.6,17w1,17,WAL,Gwynedd,Uplands (Wales),Levemenete Ácido,4
MOJFPS,KNQAKHZSOP,2007,6.38,7.24771584,39.86243712,67.414871,1.127458595,30.33521594,,,,5w,41,WAL,Clwyd,Lowlands (Wales),Levemenete Ácido,4
MTFPSJ,AQVAYDTPTD,2007,6.16,8.567057624,47.11881693,64.0461825,0.906165685,26.19349524,,,,6e,6,ENG,Devon,Westerly lowlands (England),Levemenete Ácido,4
OFVZDJ,LVZSNGATHI,2007,6.02,13.43335,73.883425,98.99764758,0.893277913,32.22491966,0.59,7.905509533,48.8,17e,16,ENG,Devon,Uplands (England),Levemenete Ácido,4
PFJMJP,DBFNRACCKY,2007,6.04,3.907056,21.488808,40.02191211,1.241635866,22.17340848,,,,5w,41,WAL,Gwent,Lowlands (Wales),Levemenete Ácido,4
PSQHJU,YANANXOWWU,2007,6,9.070535,49.8879425,80.18961885,1.071596527,24.04033866,,,,5w,41,WAL,Dyfed,Lowlands (Wales),Levemenete Ácido,4
UGOANK,OBYSQKYMNV,2007,6.24,8.635319,47.4942545,64.10749701,0.89986319,40.95009113,,,,6w,42,WAL,Gwynedd,Lowlands (Wales),Levemenete Ácido,4
XZZAGX,JSBGQLANJW,2007,6.14,9.85515,54.203325,94.15285786,1.158020692,23.94476824,,,,9e,9,ENG,West Midlands,Easterly lowlands (England),Levemenete Ácido,4
YDGWZL,SBOGFVOQVK,2007,6.17,4.661323,25.6372765,46.64031964,1.212825646,27.22158274,0.28,5.093867712,10,6e,6,ENG,Devon,Westerly lowlands (England),Levemenete Ácido,4
YMMERA,DTGRYSCJID,2007,6.19,7.624913,41.9370215,60.1418769,0.956066577,34.58496301,0.37,5.306169503,,13s,26,SCO,Argyll & Bute,Lowlands (Scotland),Levemenete Ácido,4
BHNAKW,PSCZMQAHJD,2007,7.22,6.618423,36.4013265,40.31790912,0.738396335,26.40264863,0.38,4.20885911,80.7,7s,25,SCO,Dumfries & Galloway,Lowlands (Scotland),Neutro,5
DKFVKM,NEYAYWPLEQ,2007,7.07,3.059077,16.8249235,40.51862473,1.605500107,18.16880385,0.15,3.612375241,104,8e,8,ENG,Medway Unitary Authority,Westerly lowlands (England),Neutro,5
CEXQGA,TGGRUCEYLP,2007,7.29,34.7167,190.94185,,,80.32144776,,,,25e,24,ENG,Cumbria,Easterly lowlands (England),Neutro,5
ALXYRC,NEFVGZAMNQ,2007,6.95,4.191455,23.0530025,39.92650184,1.154629116,14.80848105,,,,15e,14,ENG,Shropshire,Westerly lowlands (England),Neutro,5
HLPOPT,TECUKBTOWL,2007,6.87,3.957344,21.765392,41.2030042,1.262034218,16.06727785,0.15,2.83957699,70,10e,10,ENG,Telford and Wrekin Unitary Authority,Westerly lowlands (England),Neutro,5
DZIAED,QIMFSGMFQF,2007,6.84,6.305981,34.6828955,64.58151319,1.241371042,27.44613279,0.29,5.399964033,37.3,13e,13,ENG,North Yorkshire,Westerly lowlands (England),Neutro,5
EPDZLB,NEUFKITGKX,2007,6.81,9.83946,54.11703,78.56369882,0.967824716,33.08931387,0.37,5.371427176,10,25s,33,SCO,Highland,Lowlands (Scotland),Neutro,5
FAQWDV,EABGKSKZLY,2007,6.73,3.724579,20.4851845,39.4478669,1.283785261,17.49016849,,,,27s,35,SCO,Scottish Borders,Lowlands (Scotland),Neutro,5
FITMPO,YMBJXECMQJ,2007,6.69,5.143231,28.2877705,53.82389555,1.268484451,26.03513096,,,,13s,26,SCO,South Ayrshire,Lowlands (Scotland),Neutro,5
FMQFWX,PCCOJMKJPI,2007,6.93,6.777131,37.2742205,70.30979425,1.257523177,28.7477923,0.44,8.299652966,48.9,7e,7,ENG,Cornwall and Isles of Scilly,Westerly lowlands (England),Neutro,5
GQWJPM,DXCKZANUGX,2007,6.85,11.86804,65.27422,76.63204919,0.78266784,33.74659183,,,,11e,11,ENG,Northamptonshire,Easterly lowlands (England),Neutro,5
GTSBAQ,AEHTUYQETJ,2007,6.63,11.63062,63.96841,86.94212246,0.906094351,38.58608717,,,,16e,15,ENG,Cumbria,Westerly lowlands (England),Neutro,5
GWTTBV,MWVUQKSPQL,2007,7.37,6.449941,35.4746755,49.28891931,0.926274281,36.06676767,,,,6w,42,WAL,Dyfed,Lowlands (Wales),Neutro,5
LDEDPH,WSVFBSVRDS,2007,7.29,3.332877,18.3308235,28.16313707,1.024254296,15.11345036,,,,25e,24,ENG,Northumberland,Easterly lowlands (England),Neutro,5
HRZNYI,TLZQBBRQEZ,2007,7.45,15.93492,87.64206,95.84782356,0.72908543,27.15319692,,,,8e,8,ENG,Somerset,Westerly lowlands (England),Neutro,5
HZXYKQ,ALOXXHURLJ,2007,6.97,3.526717,19.3969435,34.95165037,1.201276904,20.08721974,0.15,2.702873035,1.78,25s,33,SCO,South Ayrshire,Lowlands (Scotland),Neutro,5
IUZQOM,AOKHOBDMJC,2007,7.09,3.753941,20.6466755,41.29606784,1.333421058,26.7803796,,,,5w,41,WAL,Gwent,Lowlands (Wales),Neutro,5
ZDMFRI,FSCCFGWPMD,2007,4.64,91.59772575,503.7874916,27.99720115,0.037048956,95.39782339,1.8,1.00032182,7,22s,30,SCO,Dumfries & Galloway,True uplands (Scotland),Fuertemenete Ácido,2
ZDMFRI,RMGNRWWURO,2007,4.17,67.73196422,372.5258032,112.1596984,0.200719337,80.00283816,1.99,5.991472211,14.3,22s,30,SCO,Dumfries & Galloway,True uplands (Scotland),Fuertemenete Ácido,2
ZDMFRI,RNBVCTNZMK,2007,4.43,87.98147245,483.8980985,39.37341654,0.054244777,94.19093404,2.25,1.830761218,41,22s,30,SCO,Dumfries & Galloway,True uplands (Scotland),Fuertemenete Ácido,2
ZDMFRI,UBGJKYIHWV,2007,4.49,91.45022949,502.9762622,40.87327457,0.05417522,94.37699238,2.48,2.015318188,20,22s,30,SCO,Dumfries & Galloway,True uplands (Scotland),Fuertemenete Ácido,2
ZFKNLQ,AYAXZJAOSM,2007,6.36,5.062407,27.8432385,50.34525856,1.20544547,26.34269876,,,,17w2,18,WAL,Powys,Uplands (Wales),Levemenete Ácido,4
ZFKNLQ,IAEFNOXKAW,2007,6.47,4.8034,26.4187,45.29720947,1.143059259,19.13339006,,,,17w2,18,WAL,Powys,Uplands (Wales),Levemenete Ácido,4
ZFKNLQ,KQBBXDPYLQ,2007,6.76,7.587156,41.729358,61.74452651,0.986428252,30.78331016,,,,17w2,18,WAL,Powys,Uplands (Wales),Neutro,5
ZFKNLQ,WMCDUZYIPX,2007,5.54,3.578622,19.682421,32.8698291,1.113339634,22.03398197,,,,17w2,18,WAL,Powys,Uplands (Wales),Moderadamente Ácido,3
ZFNWOA,EUQPDMCYMC,2007,6.63,13.15349,72.344195,49.56917188,0.456790135,40.8469839,0.56,3.837037132,65,25s,33,SCO,Scottish Borders,Lowlands (Scotland),Neutro,5
ZFNWOA,HTVBMGSUYK,2007,6.19,9.818524,54.001882,62.22525003,0.768186191,30.67204408,0.51,5.876624358,31,25s,33,SCO,Scottish Borders,Lowlands (Scotland),Levemenete Ácido,4
ZFNWOA,MAOLHHJNWD,2007,6.15,4.414691,24.2808005,39.93509025,1.096479233,28.3400554,0.22,3.618381468,24,25s,33,SCO,Scottish Borders,Lowlands (Scotland),Levemenete Ácido,4
ZFNWOA,OOQDVXWVTT,2007,6.36,6.18967,34.043185,47.20826107,0.924477955,28.38971623,0.31,4.29882249,84,25s,33,SCO,Scottish Borders,Lowlands (Scotland),Levemenete Ácido,4
ZFNWOA,VNQCNBBHCH,2007,6.11,3.773828,20.756054,37.70964425,1.211201456,21.19589624,0.22,3.996964806,35,25s,33,SCO,Scottish Borders,Lowlands (Scotland),Levemenete Ácido,4
ZHFXRY,BTYXYNRMEE,2007,5.86,24.09748,132.53614,68.42578745,0.344186813,63.09805064,,,,23e,23,ENG,Cumbria,Uplands (England),Moderadamente Ácido,3
ZHFXRY,EEBOYDWDLM,2007,4.19,12.65208,69.58644,70.29022161,0.673409183,44.96163702,,,,23e,23,ENG,Cumbria,Uplands (England),Fuertemenete Ácido,2
ZHFXRY,WEZLGUSKJU,2007,6.17,84.21214,463.16677,34.29240417,0.049359333,95.22295073,,,,23e,23,ENG,Cumbria,Uplands (England),Levemenete Ácido,4
ZHFXRY,YGDSSXCLAM,2007,4.62,76.70992,421.90456,110.9033523,0.175242401,74.70517456,,,,23e,23,ENG,Cumbria,Uplands (England),Fuertemenete Ácido,2
ZHFXRY,ZFOMPNFZUL,2007,4.48,20.56208,113.09144,84.93475457,0.500684842,57.37453161,,,,23e,23,ENG,Cumbria,Uplands (England),Fuertemenete Ácido,2
ZJGHZJ,BIHSRCKBKM,2007,6.84,24.31351,133.724305,79.87619685,0.398213308,66.53051726,0.88,5.25641567,3.89,24s,32,SCO,Highland,True uplands (Scotland),Neutro,5
ZJGHZJ,ORYDCAFCQD,2007,5.9,20.80985,114.454175,72.70417037,0.423483433,56.66266089,0.76,4.827711133,3.49,24s,32,SCO,Highland,True uplands (Scotland),Moderadamente Ácido,3
ZJQHWI,CMNUIRFIHF,2007,5.08,7.5147,41.33085,49.90399471,0.804951502,40.88267417,,,,6w,42,WAL,Dyfed,Lowlands (Wales),Moderadamente Ácido,3
ZJQHWI,HXNLPGXWKL,2007,5.3,10.92987,60.114285,76.16927945,0.844716354,41.90006972,,,,6w,42,WAL,Dyfed,Lowlands (Wales),Moderadamente Ácido,3
ZJQHWI,MOINPDKDHB,2007,6.9,11.11908,61.15494,66.81998544,0.728422871,37.55631525,,,,6w,42,WAL,Dyfed,Lowlands (Wales),Neutro,5
ZJQHWI,NEFLRIGXNN,2007,5.44,12.23154019,67.27347106,81.86670188,0.811282671,35.06008982,,,,6w,42,WAL,Dyfed,Lowlands (Wales),Moderadamente Ácido,3
ZKXWRH,OVMFXRBZXM,2007,5.32,6.17118,33.94149,19.76559407,0.388228764,64.2543751,0.59,3.435824562,4.47,22s,30,SCO,South Lanarkshire,True uplands (Scotland),Moderadamente Ácido,3
ZKXWRH,SWEROLUYJL,2007,4.41,55.56228,305.59254,98.7269502,0.215378186,79.41236513,1.39,4.49063517,13,22s,30,SCO,South Lanarkshire,True uplands (Scotland),Fuertemenete Ácido,2
ZLAHSC,CSTKXTHSLH,2007,6.97,5.834895,32.0919225,52.02720728,1.080795482,38.33897134,,,,2e,2,ENG,West Sussex,Easterly lowlands (England),Neutro,5
ZLAHSC,CWWSEAPZGP,2007,6.75,5.997026,32.983643,56.69109597,1.145842622,29.59250579,,,,2e,2,ENG,West Sussex,Easterly lowlands (England),Neutro,5
ZLAHSC,DDJROQWBJC,2007,5.52,9.191289,50.5520895,76.90266099,1.014170555,26.33216401,,,,2e,2,ENG,West Sussex,Easterly lowlands (England),Moderadamente Ácido,3
ZLAHSC,RRLIWPDCAW,2007,6.79,2.41658,13.29119,32.74819122,1.642601413,9.885941626,,,,2e,2,ENG,West Sussex,Easterly lowlands (England),Neutro,5
ZLAHSC,WYUCMIOJCD,2007,5.14,8.24217,45.331935,64.59870532,0.950010264,28.41196343,,,,2e,2,ENG,West Sussex,Easterly lowlands (England),Moderadamente Ácido,3
ZLWHEN,FJGRVJDHWC,2007,5.65,14.16634,77.91487,99.961444,0.855304805,41.20282444,,,,16e,15,ENG,East Riding of Yorkshire Unitary Authority,Westerly lowlands (England),Moderadamente Ácido,3
ZLWHEN,KLJGLOCHHZ,2007,7.07,13.91837,76.551035,122.5049062,1.066869148,35.5359424,,,,16e,15,ENG,East Riding of Yorkshire Unitary Authority,Westerly lowlands (England),Neutro,5
ZLWHEN,VXSBDANEXF,2007,8.25,3.802289,20.9125895,47.3758122,1.510280437,17.78728107,,,,16e,15,ENG,East Riding of Yorkshire Unitary Authority,Westerly lowlands (England),Moderadamente Alcalino,7
ZLWHEN,XDGNEFGGAV,2007,7.71,9.052746,49.790103,82.40364372,1.103347034,33.85950652,,,,16e,15,ENG,East Riding of Yorkshire Unitary Authority,Westerly lowlands (England),Levemenete Alcalino,6
ZLXWKT,JGPLVNAMVD,2007,6.03,20.74774,114.11257,89.81857046,0.524736644,58.44292396,0.79,6.218129226,4.96,24s,32,SCO,Highland,True uplands (Scotland),Levemenete Ácido,4
ZLXWKT,MFRYBMBABR,2007,4.46,94.75783,521.168065,78.66304735,0.100624031,90.4510188,,,41,24s,32,SCO,Highland,True uplands (Scotland),Fuertemenete Ácido,2
ZLXWKT,QQXGDIDBQF,2007,5.49,43.229,237.7595,121.5863841,0.340922611,70.5816574,1.3,6.647990906,4.45,24s,32,SCO,Highland,True uplands (Scotland),Moderadamente Ácido,3
ZLXWKT,XOVTNIVBTF,2007,4.44,91.58826,503.73543,117.2645688,0.155193331,85.91896891,1.72,4.003987932,,24s,32,SCO,Highland,True uplands (Scotland),Fuertemenete Ácido,2
ZMRGTC,BPLROTSSHC,2007,5.33,4.743485,26.0891675,42.71459262,1.091502635,20.40655944,,,,1e,1,ENG,Hampshire,Westerly lowlands (England),Moderadamente Ácido,3
ZMRGTC,NOQZDKDQES,2007,6.73,3.421053,18.8157915,37.64128075,1.333676937,16.07086168,,,,1e,1,ENG,Hampshire,Westerly lowlands (England),Neutro,5
ZMRGTC,UEOLSXHZDA,2007,6.5,15.4637,85.05035,75.06025141,0.588359338,36.15100033,,,,1e,1,ENG,Hampshire,Westerly lowlands (England),Levemenete Ácido,4
ZMRGTC,YWJWLRSWQF,2007,6.55,7.944308,43.693694,71.61482456,1.09267979,20.16230495,,,,1e,1,ENG,Hampshire,Westerly lowlands (England),Neutro,5
ZNFZXA,HODECXBRXJ,2007,4.61,34.80957,191.452635,133.9459004,0.466419629,59.86155453,,,,17e,16,ENG,Devon,Uplands (England),Fuertemenete Ácido,2
ZNFZXA,HZCBAWZXCP,2007,4.15,71.04868,390.76774,154.8349756,0.264155166,74.5333502,,,,17e,16,ENG,Devon,Uplands (England),Fuertemenete Ácido,2
ZNFZXA,XDBOEMMSPG,2007,4.92,20.35285,111.940675,101.4976303,0.604472743,52.52628527,,,,17e,16,ENG,Devon,Uplands (England),Fuertemenete Ácido,2
ZNFZXA,XKDQEBWMMB,2007,4.7,43.02406,236.63233,91.23921658,0.257049172,77.22996833,,,,17e,16,ENG,Devon,Uplands (England),Fuertemenete Ácido,2
ZNFZXA,YJHSINDOMA,2007,4.57,49.26886,270.97873,149.2711829,0.367239606,69.71579384,,,,17e,16,ENG,Devon,Uplands (England),Fuertemenete Ácido,2
ZPNKAM,SMFGYHRAIQ,2007,7.18,2.706264,14.884452,35.2515998,1.578900354,16.87693614,0.14,3.315690744,36.4,10e,10,ENG,North Yorkshire,Westerly lowlands (England),Neutro,5
ZSQEIY,HSYJUNZKZA,2007,4.31,12.26726,67.46993,74.17035734,0.732873221,40.29056863,,,,22e,22,ENG,North Yorkshire,Uplands (England),Fuertemenete Ácido,2
ZSQEIY,JYDNXWNDRZ,2007,5.85,14.13351,77.734305,72.32326229,0.620260362,32.89995389,,,,22e,22,ENG,North Yorkshire,Uplands (England),Moderadamente Ácido,3
ZSQEIY,MOUAFWHPXQ,2007,6.03,17.98049,98.892695,62.67879333,0.4225374,66.04215603,,,,22e,22,ENG,North Yorkshire,Uplands (England),Levemenete Ácido,4
ZSQEIY,UITDRXSFOC,2007,7.72,36.65094,201.58017,89.25194406,0.295174352,60.17603371,,,,22e,22,ENG,North Yorkshire,Uplands (England),Levemenete Alcalino,6
ZSQEIY,YKXIHWFVZM,2007,4.83,10.52787,57.903285,113.5204754,1.307012494,15.57773217,,,,22e,22,ENG,North Yorkshire,Uplands (England),Fuertemenete Ácido,2
ZTHUIF,BNOYFRJXCB,2007,4.32,83.41484,458.78162,126.8178978,0.184282154,80.43480129,2.02,5.583749271,24,31s,39,SCO,Shetland Islands,Intermediate uplands and Islands (Scotland),Fuertemenete Ácido,2
ZTHUIF,JJISYAOICI,2007,4.85,25.4793,140.13615,124.1188446,0.590467887,40.33244162,0.98,8.679877938,87.7,31s,39,SCO,Shetland Islands,Intermediate uplands and Islands (Scotland),Fuertemenete Ácido,2
ZTHUIF,NNBTNUELPI,2007,4.04,92.96717,511.319435,71.29374539,0.092953955,86.54218604,,,97,31s,39,SCO,Shetland Islands,Intermediate uplands and Islands (Scotland),Fuertemenete Ácido,2
ZTHUIF,RMZYIWPRXZ,2007,4.39,87.18563,479.520965,91.72280697,0.127520051,83.57873876,,,54,31s,39,SCO,Shetland Islands,Intermediate uplands and Islands (Scotland),Fuertemenete Ácido,2
ZTHUIF,SZUGUAIHUH,2007,4.34,80.88239,444.853145,124.8022106,0.187031326,78.87869488,2.16,6.059814971,21,31s,39,SCO,Shetland Islands,Intermediate uplands and Islands (Scotland),Fuertemenete Ácido,2
ZTUIEI,BHFUIAQJSW,2007,3.86,35.4538,194.9959,140.8168327,0.481435192,62.02495341,,,,28s,36,SCO,Highland,Intermediate uplands and Islands (Scotland),Extremadamente Ácido,1
ZTUIEI,EIZBPKSFUA,2007,5.19,8.473269,46.6029795,62.05026496,0.887643746,38.76673315,,,,28s,36,SCO,Highland,Intermediate uplands and Islands (Scotland),Moderadamente Ácido,3
ZTUIEI,ORIKJQCXUG,2007,5.59,8.300154,45.650847,45.15838058,0.659474884,43.0404559,,,,28s,36,SCO,Highland,Intermediate uplands and Islands (Scotland),Moderadamente Ácido,3
ZTUIEI,PYDEXRNTFL,2007,5.41,5.169986,28.434923,54.060899,1.267476593,28.97617695,,,,28s,36,SCO,Highland,Intermediate uplands and Islands (Scotland),Moderadamente Ácido,3
ZTUIEI,QBIJFHTISE,2007,3.83,93.3167,513.24185,167.0713324,0.217014431,75.72905719,,,,28s,36,SCO,Highland,Intermediate uplands and Islands (Scotland),Extremadamente Ácido,1
ZTXKYJ,NHKDRJZYAD,2007,6.9,8.007271,44.0399905,72.89230991,1.103426062,19.36824621,0.42,6.951584188,15.8,12e,12,ENG,Lincolnshire,Easterly lowlands (England),Neutro,5
ZTXKYJ,OSAUVVCOPU,2007,7.12,2.2879,12.58345,21.94209034,1.162484074,10.03985805,0.13,2.266843945,171,12e,12,ENG,Lincolnshire,Easterly lowlands (England),Neutro,5
ZTXKYJ,PPVATYSUWX,2007,8.33,3.080384,16.942112,36.59983433,1.440191728,10.82050013,0.15,3.240431388,61.1,12e,12,ENG,Lincolnshire,Easterly lowlands (England),Moderadamente Alcalino,7
ZTXKYJ,YZQPXSOBBY,2007,8.43,3.650744,20.079092,39.10251993,1.298283141,16.9462127,0.18,3.50536448,91.3,12e,12,ENG,Lincolnshire,Easterly lowlands (England),Moderadamente Alcalino,7
ZUFRRX,LELOJSWIYS,2007,6.4,4.32188,23.77034,45.42457701,1.273984779,28.31491106,,,,5w,41,WAL,Gwent,Lowlands (Wales),Levemenete Ácido,4
ZUFRRX,NJJSLYAHGP,2007,4.72,5.091286,28.002073,50.47782714,1.201764054,26.87253228,,,,5w,41,WAL,Gwent,Lowlands (Wales),Fuertemenete Ácido,2
ZUFRRX,ONIASSCJYG,2007,6.72,3.63186,19.97523,37.70463089,1.258379533,24.46254402,,,,5w,41,WAL,Gwent,Lowlands (Wales),Neutro,5
ZUFRRX,QINFFENMOY,2007,6.41,3.654136,20.097748,41.08639683,1.362885594,23.82570803,,,,5w,41,WAL,Gwent,Lowlands (Wales),Levemenete Ácido,4
ZUFRRX,TBWXRXIPSP,2007,6.67,4.267787,23.4728285,47.26193947,1.342316272,27.00995054,,,,5w,41,WAL,Gwent,Lowlands (Wales),Neutro,5
ZUJTKP,AHMHCGCSTL,2007,4.73,9.32506,51.28783,68.13006965,0.885591113,17.54206438,0.38,5.047869342,12.4,2e,2,ENG,Hampshire,Easterly lowlands (England),Fuertemenete Ácido,2
ZUJTKP,FHYHUXPAOG,2007,6.9,4.140986,22.775423,40.95840034,1.198906393,24.11576319,0.16,2.877375342,25.6,2e,2,ENG,Hampshire,Easterly lowlands (England),Neutro,5
ZUJTKP,RWTQUXDMYI,2007,5.57,12.52134,68.86737,92.89911136,0.899304575,40.13033011,0.47,6.340097254,30.4,2e,2,ENG,Hampshire,Easterly lowlands (England),Moderadamente Ácido,3
ZUJTKP,THBGRLRMET,2007,6.23,6.034113,33.1876215,59.67380772,1.198716168,19.86296885,0.23,4.135570781,8.83,2e,2,ENG,Hampshire,Easterly lowlands (England),Levemenete Ácido,4
ZUKDMR,CYUPNGGKJI,2007,4.66,21.6929,119.31095,61.20660942,0.342000514,62.6935402,,,,19s,28,SCO,Stirling,Intermediate uplands and Islands (Scotland),Fuertemenete Ácido,2
ZUKDMR,KMMRODCMEH,2007,3.91,31.22109,171.715995,114.5168102,0.444597722,61.61681155,,,,19s,28,SCO,Stirling,Intermediate uplands and Islands (Scotland),Extremadamente Ácido,1
ZUKDMR,LGKUBCSMSB,2007,4.59,71.72073,394.464015,65.55735752,0.11079567,83.07387175,,,,19s,28,SCO,Stirling,Intermediate uplands and Islands (Scotland),Fuertemenete Ácido,2
ZUKDMR,LZNUZBYQIE,2007,4.51,23.59279,129.760345,86.92206635,0.446577452,59.32044904,,,,19s,28,SCO,Stirling,Intermediate uplands and Islands (Scotland),Fuertemenete Ácido,2
ZUKDMR,UTSDPSFRRV,2007,4.23,82.02831,451.155705,126.5916085,0.187062703,80.74146516,,,,19s,28,SCO,Stirling,Intermediate uplands and Islands (Scotland),Fuertemenete Ácido,2
ZURCAX,LYLKRRLWTC,2007,8.46,4.613957,25.3767635,45.15186012,1.18617333,20.13981549,,,,3e,3,ENG,Essex,Easterly lowlands (England),Moderadamente Alcalino,7
ZURCAX,QGRUCZVQHN,2007,7.45,5.271249,28.9918695,53.40684569,1.228087888,21.36977597,,,,3e,3,ENG,Essex,Easterly lowlands (England),Neutro,5
ZURCAX,SAOPNOJHKN,2007,7.1,6.637845,36.5081475,66.08451371,1.206753711,22.24487342,,,,3e,3,ENG,Essex,Easterly lowlands (England),Neutro,5
ZURCAX,VUBAKPNRLL,2007,8.16,4.716422,25.940321,48.42085017,1.244416628,21.43987302,,,,3e,3,ENG,Essex,Easterly lowlands (England),Moderadamente Alcalino,7
ZURCAX,XVFOREMTZE,2007,7.44,3.116715,17.1419325,30.55544107,1.188331248,14.25932151,,,,3e,3,ENG,Essex,Easterly lowlands (England),Neutro,5
ZVXGSY,FIEJVUMYXI,2007,6.4,7.835975,43.0978625,67.19764723,1.039458314,31.59420674,,,,25s,33,SCO,Dumfries & Galloway,Lowlands (Scotland),Levemenete Ácido,4
ZVXGSY,LVTFEZNMZX,2007,5.81,5.275601,29.0158055,46.14711099,1.060275258,32.212615,,,,25s,33,SCO,Dumfries & Galloway,Lowlands (Scotland),Moderadamente Ácido,3
ZVXGSY,SSVDHEUYGH,2007,6.84,5.884272,32.363496,62.53719701,1.288225001,27.34671721,,,,25s,33,SCO,Dumfries & Galloway,Lowlands (Scotland),Neutro,5
ZVXGSY,VBTUGDKMTP,2007,6.91,5.391962,29.655791,62.22612299,1.398852655,16.90692786,,,,25s,33,SCO,Dumfries & Galloway,Lowlands (Scotland),Neutro,5
ZVXGSY,YRDYACUPVY,2007,6.34,12.50144,68.75792,98.64231967,0.956421405,37.59285951,,,,25s,33,SCO,Dumfries & Galloway,Lowlands (Scotland),Levemenete Ácido,4
ZWGBOD,CENKZUOZLU,2007,5.74,,,,,,,,,22s,30,SCO,Dumfries & Galloway,True uplands (Scotland),Moderadamente Ácido,3
ZWGBOD,CFXKZISFYS,2007,5.84,8.482424,46.653332,48.59674846,0.694437694,48.038564,,,,22s,30,SCO,Dumfries & Galloway,True uplands (Scotland),Moderadamente Ácido,3
ZWGBOD,ORVIPFGRAA,2007,3.86,80.75408,444.14744,68.99935251,0.103568239,90.07553749,,,,22s,30,SCO,Dumfries & Galloway,True uplands (Scotland),Extremadamente Ácido,1
ZWGBOD,XWJZLUTUSM,2007,4.12,34.37204,189.04622,77.24237707,0.27239327,76.85787517,,,,22s,30,SCO,Dumfries & Galloway,True uplands (Scotland),Fuertemenete Ácido,2
ZWGBOD,YPKWNCHSDC,2007,3.86,75.0322,412.6771,130.6743461,0.21110023,73.24083361,,,,22s,30,SCO,Dumfries & Galloway,True uplands (Scotland),Extremadamente Ácido,1
ZWKRMA,OXIBAXLVYI,2007,5.13,7.983945,43.9116975,,,,0.41,,71.8,6e,6,ENG,Cornwall and Isles of Scilly,Westerly lowlands (England),Moderadamente Ácido,3
ZWKRMA,WCJSCMKSIS,2007,5.04,6.649882,36.574351,54.49905243,0.993392928,37.77760163,0.37,5.513330749,40.2,6e,6,ENG,Cornwall and Isles of Scilly,Westerly lowlands (England),Moderadamente Ácido,3
ZWKRMA,YSPHTBTLFW,2007,5.94,8.486548,46.676014,72.7866817,1.039601506,32.36914893,0.44,6.861369942,5.6,6e,6,ENG,Cornwall and Isles of Scilly,Westerly lowlands (England),Moderadamente Ácido,3
ZWSOED,FFOGKGDKGU,2007,8.57,5.750008,31.625044,46.10903923,0.971994205,24.48586083,0.27,3.936576529,16.1,11e,11,ENG,Lincolnshire,Easterly lowlands (England),Moderadamente Alcalino,7
ZWSOED,KZIAUUFNXH,2007,8.47,6.384895,35.1169225,37.598401,0.71377555,21.18760619,0.28,2.997857309,16.9,11e,11,ENG,Lincolnshire,Easterly lowlands (England),Moderadamente Alcalino,7
ZWSOED,NODENAPOZL,2007,8.36,7.247113,39.8591215,53.5077194,0.894947294,23.429541,0.25,3.356052353,60,11e,11,ENG,Lincolnshire,Easterly lowlands (England),Moderadamente Alcalino,7
ZWSOED,PCZTSLVXZB,2007,8.35,5.359568,29.477624,57.83767154,1.308058197,21.289301,0.33,6.474888074,46.2,11e,11,ENG,Lincolnshire,Easterly lowlands (England),Moderadamente Alcalino,7
ZWSOED,QZGZOOXUEL,2007,8.37,6.310487,34.7076785,44.3954478,0.85274978,19.88811826,0.31,3.965286476,38.9,11e,11,ENG,Lincolnshire,Easterly lowlands (England),Moderadamente Alcalino,7
ZZVEZE,PXKGBCQUWZ,2007,7.11,7.028977,38.6593735,59.0243592,1.017853349,29.86974949,,,,19e,21,ENG,Cumbria,Uplands (England),Neutro,5
ZZVEZE,XYICVODREJ,2007,4.15,10.33052,56.81786,64.40972927,0.755745104,24.06547731,,,,19e,21,ENG,Cumbria,Uplands (England),Fuertemenete Ácido,2
JMIFHD,TNZRYWYLWI,2007,6.89,14.12728,77.70004,75.03549759,0.643804882,34.48606906,,,,6w,42,WAL,Dyfed,Lowlands (Wales),Neutro,5
JZISXN,RQWMTIKONB,2007,6.75,14.63140698,80.47273841,105.5868461,0.874721454,42.74572915,,,,15w,44,WAL,Dyfed,Lowlands (Wales),Neutro,5
KQIJOF,PGYCHDSAYF,2007,6.71,2.818187,15.5000285,26.02715843,1.119445616,12.72207503,,,,1e,1,ENG,Worcestershire,Westerly lowlands (England),Neutro,5
QPNACB,LJUVNQXGVZ,2007,7.33,5.748184,31.615012,39.93089282,0.842023885,25.16926805,0.34,4.294321811,92,10e,10,ENG,Shropshire,Westerly lowlands (England),Neutro,5
MZHCNF,XQJRMVGHDJ,2007,7.36,14.70212,80.86166,91.00213306,0.750270137,40.82807932,,,,5e,5,ENG,Wiltshire,Westerly lowlands (England),Neutro,5
MZKVCB,XBTPWNAYQH,2007,6.62,7.608423,41.8463265,,,22.29893135,0.35,,5.3,7e,7,ENG,Isle of Wight Unitary Authority,Westerly lowlands (England),Neutro,5
OPLEPV,CXTQZXETCK,2007,7.41,3.608093,19.8445115,36.20086959,1.216150524,11.81644448,,,,10e,10,ENG,Leicestershire,Westerly lowlands (England),Neutro,5
OXVLRI,MKULCEHYIC,2007,6.8,6.518238,35.850309,55.41524313,1.030493082,28.24533362,0.3,4.63721887,3.53,8e,8,ENG,Kent,Westerly lowlands (England),Neutro,5
PDMOYE,DRFIUOUHJK,2007,6.73,8.639283,47.5160565,64.30300951,0.902193409,27.50590287,,,,19e,21,ENG,Durham,Uplands (England),Neutro,5
UDKSUO,VVWYYRLCFY,2007,7.44,12.36356,67.99958,104.0020741,1.019634475,29.53782364,0.73,11.1649975,9.7,2e,2,ENG,Surrey,Easterly lowlands (England),Neutro,5
RAGOWO,ZVYMGCQJLN,2007,6.86,9.458001,52.0190055,73.9508249,0.947741108,28.5467807,,,,1e,1,ENG,Oxfordshire,Westerly lowlands (England),Neutro,5
RTQIEV,BHJUNRGYEE,2007,6.79,8.130959,44.7202745,80.34688367,1.197769685,20.48577139,0.44,7.905279923,60.2,5w,41,WAL,Clwyd,Lowlands (Wales),Neutro,5
SXFQWQ,XMCSRPSWWX,2007,6.87,3.938671,21.6626905,47.06706926,1.448483335,19.8491707,0.19,4.128177504,53.7,26s,34,SCO,Fife,Lowlands (Scotland),Neutro,5
TDZOHS,NXGLBQAYPE,2007,7.3,4.205423,23.1298265,42.41236417,1.222443646,24.96554401,0.14,2.567131657,22,27s,35,SCO,Angus,Lowlands (Scotland),Neutro,5
YVEKKQ,QFGZWREHQD,2007,6.92,2.74003,15.070165,23.45860382,1.037750364,17.20436977,,,,31s,39,SCO,Highland,Intermediate uplands and Islands (Scotland),Neutro,5
UMWECN,RPDGGVRWMC,2007,7.18,5.195997,28.5779835,49.41896985,1.152844808,26.26429259,,,,2e,2,ENG,West Sussex,Easterly lowlands (England),Neutro,5
UYZJMJ,QRRLVQTWTA,2007,6.84,9.56626,52.61443,59.86899603,0.758587787,36.2150413,,,,25e,24,ENG,Northumberland,Easterly lowlands (England),Neutro,5
VFFKQD,KOLKYUUCQF,2007,7.29,6.318602,34.752311,64.46444863,1.23664579,23.86526203,0.29,5.379409186,53.6,9e,9,ENG,Oxfordshire,Easterly lowlands (England),Neutro,5
VMLMLA,EOQVFUXHZO,2007,7.46,7.64745,42.060975,80.00426008,1.268067927,24.07867622,,,,3e,3,ENG,Kent,Easterly lowlands (England),Neutro,5
VRPIED,XJGORLWEAJ,2007,6.96,8.773948,48.256714,71.0216093,0.981163772,36.97143741,,,,3e,3,ENG,Suffolk,Easterly lowlands (England),Neutro,5
XIDYRJ,JCGQYGKWJE,2007,6.82,5.126872,28.197796,42.74881607,1.0106893,20.95327037,,,,5e,5,ENG,Somerset,Westerly lowlands (England),Neutro,5
XZCUFZ,TEBIAWEKGN,2007,7.39,11.67545,64.214975,100.7649802,1.046121306,35.45613571,0.18,2.824527525,6.16,7w,43,WAL,Gwynedd,Lowlands (Wales),Neutro,5
YJORQV,ZQUJAUQJLJ,2007,6.83,7.642576,42.034168,60.57823113,0.960777609,30.19841496,,,,27s,35,SCO,North Lanarkshire,Lowlands (Scotland),Neutro,5
ZJQHWI,JJMKGMHKOH,2007,6.91,7.514744763,41.3310962,60.69563279,0.979014808,34.81054523,,,,6w,42,WAL,Dyfed,Lowlands (Wales),Neutro,5
ZLWHEN,VBIANMIFNK,2007,7.14,3.611138,19.861259,43.78152455,1.469578692,26.22202222,,,,16e,15,ENG,East Riding of Yorkshire Unitary Authority,Westerly lowlands (England),Neutro,5
BGLCUJ,LGGBXFRYLL,2007,7.95,5.483108,30.157094,56.70541709,1.253556175,27.72077654,,,,11e,11,ENG,Gloucestershire,Easterly lowlands (England),Levemenete Alcalino,6
BZJANF,QEBAWYSBNT,2007,7.79,6.385154,35.118347,71.60854687,1.359375806,33.00520444,,,,2e,2,ENG,Wiltshire,Easterly lowlands (England),Levemenete Alcalino,6
HMPTVZ,OZRHODVYRQ,2007,7.8,3.596798,19.782389,49.0731877,1.653766816,14.00971844,,,,3e,3,ENG,Cambridgeshire,Easterly lowlands (England),Levemenete Alcalino,6
ETBBOE,GYVFILEICX,2007,7.65,3.958563,21.7720965,44.84481252,1.373158606,22.38863212,0.16,3.295580654,15.7,7e,7,ENG,North Yorkshire,Westerly lowlands (England),Levemenete Alcalino,6
FNQTOM,QETVNFNRPN,2007,7.9,4.850898,26.679939,56.83696475,1.420217259,18.27127064,0.2,4.260651777,59.4,11e,11,ENG,Oxfordshire,Easterly lowlands (England),Levemenete Alcalino,6
JBIYLU,DRYSURUZEY,2007,7.71,6.453321,35.4932655,60.95102705,1.144837407,22.10961157,0.32,5.495219553,25.8,11e,11,ENG,Lincolnshire,Easterly lowlands (England),Levemenete Alcalino,6
JHDFNH,IOMBVLYTUU,2007,7.81,10.82211,59.521605,71.96634851,0.806052956,35.67494639,,,,5w,41,WAL,Mid Glamorgan,Lowlands (Wales),Levemenete Alcalino,6
JRZVUS,DGDRGVVKBD,2007,7.59,6.012022,33.066121,62.16398662,1.253326864,27.40688358,,,,3e,3,ENG,Kent,Easterly lowlands (England),Levemenete Alcalino,6
MGCMFH,MVMPPSUMEB,2007,7.77,3.188856544,17.53871099,37.55123297,1.427365747,16.68354534,,,,3e,3,ENG,Suffolk,Easterly lowlands (England),Levemenete Alcalino,6
MZKVCB,TGXQJHCAPD,2007,7.74,25.58533,140.719315,97.58122037,0.462297211,37.63137104,1.41,9.777586021,10.1,7e,7,ENG,Isle of Wight Unitary Authority,Westerly lowlands (England),Levemenete Alcalino,6
TKHLXB,SEAQPXUKGY,2007,7.85,4.724295,25.9836225,47.42511984,1.216795178,21.86227878,0.21,3.83290481,8,9e,9,ENG,Hartlepool Unitary Authority,Easterly lowlands (England),Levemenete Alcalino,6
UISYES,BFDMWIUOQK,2007,7.53,4.402215,24.2121825,39.74526428,1.094359951,30.34954023,0.26,4.268003809,79,13e,13,ENG,Cheshire,Westerly lowlands (England),Levemenete Alcalino,6
VGSKFD,KRGPPSRKQJ,2007,7.98,3.143742,17.290581,31.2081985,1.203283202,33.27846546,0.12,2.165909763,20.7,16e,15,ENG,Lancashire,Westerly lowlands (England),Levemenete Alcalino,6
WFCADS,TZKXLRBFVN,2007,7.63,13.10666,72.08663,101.2558341,0.936427316,34.87721945,,,,1e,1,ENG,Dorset,Westerly lowlands (England),Levemenete Alcalino,6
DEJBBK,KYOHJQQZOZ,2007,8.06,12.62228,69.42254,87.05931486,0.836033128,35.29669169,0.7,8.778347839,27,1e,1,ENG,South Gloucestershire Unitary Authority,Westerly lowlands (England),Moderadamente Alcalino,7
BXXDRJ,LLQLFFRNUM,2007,8.51,2.865662,15.761141,33.32656084,1.40965094,12.20838704,,,,1e,1,ENG,Oxfordshire,Westerly lowlands (England),Moderadamente Alcalino,7
BYSENQ,QHVJNWELYS,2007,8.34,3.580694,19.693817,47.24140189,1.599195724,13.87564816,,,,2e,2,ENG,Oxfordshire,Easterly lowlands (England),Moderadamente Alcalino,7
CIHYIY,AUXEFINANS,2007,8.37,3.145564,17.300602,36.18714158,1.394446335,19.54920273,,,,4e,4,ENG,Lincolnshire,Easterly lowlands (England),Moderadamente Alcalino,7
AHKTWX,KEGOTKHYEX,2007,8.34,3.349298,18.421139,43.57952708,1.577156443,17.16448737,0.17,4.021748929,20.1,3e,3,ENG,Norfolk,Easterly lowlands (England),Moderadamente Alcalino,7
HLJEQY,LILLUIFJIK,2007,8.05,7.899986,43.449923,42.51676913,0.652348975,36.68269047,,,,2e,2,ENG,Wiltshire,Easterly lowlands (England),Moderadamente Alcalino,7
DOASNU,IZSPOVLRTI,2007,8.15,4.781552,26.298536,47.71226167,1.209503618,18.15508527,,,,11e,11,ENG,Lincolnshire,Easterly lowlands (England),Moderadamente Alcalino,7
HCFYIX,WXPUROHTMZ,2007,8.03,5.562032,30.591176,49.64154124,1.081827022,21.71877414,,,,4e,4,ENG,Essex,Easterly lowlands (England),Moderadamente Alcalino,7
HEXMHM,WSDXEIFXUX,2007,8.66,5.930806,32.619433,54.04360002,1.104527681,17.52364668,,,,3e,3,ENG,Cambridgeshire,Easterly lowlands (England),Moderadamente Alcalino,7
KUSXUZ,CSIZTCRBGR,2007,8.21,5.328865,29.3087575,57.868106,1.316287029,23.51165098,,,,4e,4,ENG,Lincolnshire,Easterly lowlands (England),Moderadamente Alcalino,7
KYFWMC,XTIJCHISNS,2007,8.32,4.086937,22.4781535,49.59920661,1.471034431,12.82648914,0.21,4.633758457,10.5,10e,10,ENG,East Riding of Yorkshire Unitary Authority,Westerly lowlands (England),Moderadamente Alcalino,7
LERYBB,XPJOJXQQGF,2007,8.04,5.060539,27.8329645,52.99359788,1.269324554,20.54700513,0.22,4.188771028,4.06,10e,10,ENG,North Yorkshire,Westerly lowlands (England),Moderadamente Alcalino,7
IRWYUZ,EIJFNQYPDK,2007,8.62,5.012911,27.5710105,58.89235712,1.424016411,22.33261308,0.26,5.553664002,29.4,3e,3,ENG,Norfolk,Easterly lowlands (England),Moderadamente Alcalino,7
JQKGAL,OUVNECMVXK,2007,8.31,3.466715,19.0669325,36.41764311,1.273326412,16.30067423,,,,9e,9,ENG,North Lincolnshire Unitary Authority,Easterly lowlands (England),Moderadamente Alcalino,7
KKQPEW,UAMAUZEQWY,2007,8.62,3.875267,21.3139685,33.03310408,1.033222386,27.76971381,,,,30s,38,SCO,Eilean Siar,Intermediate uplands and Islands (Scotland),Moderadamente Alcalino,7
KMXNYL,RLMBHHZHPA,2007,8.41,4.253722,23.395471,42.30816896,1.205594278,19.52833132,0.22,3.978461118,26.7,3e,3,ENG,Hertfordshire,Easterly lowlands (England),Moderadamente Alcalino,7
MZHVIH,BENJQDEFEK,2007,8.59,4.924032,27.082176,57.50006818,1.415446779,17.80958714,,,,16e,15,ENG,East Riding of Yorkshire Unitary Authority,Westerly lowlands (England),Moderadamente Alcalino,7
NJXLXX,MBYSMJKYSU,2007,8.95,1,5.5,13.57954812,1.646005832,2.66075784,,,,8e,8,ENG,West Sussex,Westerly lowlands (England),Moderadamente Alcalino,7
NOFKFH,IVXAQEJSOG,2007,8.04,5.8735,32.30425,57.98586303,1.196661183,26.85787359,,,,1e,1,ENG,Somerset,Westerly lowlands (England),Moderadamente Alcalino,7
NUTHQC,ILCPIWFXSR,2007,8.32,4.309094,23.700017,29.74566234,0.836726892,21.45345783,,,,2e,2,ENG,Hampshire,Easterly lowlands (England),Moderadamente Alcalino,7
OADEXO,JWKYBFPFVK,2007,8.57,4.496962,24.733291,35.2787353,0.950910935,7.265305499,,,,11e,11,ENG,Lincolnshire,Easterly lowlands (England),Moderadamente Alcalino,7
OIBBSC,KCFREJUUBR,2007,8.21,5.117088,28.143984,56.5903793,1.340496766,26.32807946,,,,11e,11,ENG,Northamptonshire,Easterly lowlands (England),Moderadamente Alcalino,7
OVOZHE,PCMUUWZPDS,2007,8.33,3.103124,17.067182,41.15493494,1.607566105,20.49479282,0.15,3.617023737,21,3e,3,ENG,Suffolk,Easterly lowlands (England),Moderadamente Alcalino,7
PPONYG,UQGGCZINEO,2007,8.46,3.426189,18.8440395,44.79581808,1.58479177,15.82819944,,,,2e,2,ENG,West Berkshire Unitary Authority,Easterly lowlands (England),Moderadamente Alcalino,7
TNOEYM,FHUWUZMRAY,2007,8.05,28.25642,155.41031,88.41463078,0.379273982,61.46825788,1.37,7.794080339,20,2e,2,ENG,East Sussex,Easterly lowlands (England),Moderadamente Alcalino,7
TRVAVH,BTNKXLFWWS,2007,8.15,1.793713,9.8654215,23.49003933,1.587365144,15.22322816,,,,4e,4,ENG,Norfolk,Easterly lowlands (England),Moderadamente Alcalino,7
UKRUFP,MMZZHHSYQZ,2007,8.43,4.404733,24.2260315,53.63481082,1.475955339,17.81983335,,,,3e,3,ENG,Suffolk,Easterly lowlands (England),Moderadamente Alcalino,7
QZUDIB,BRHJEOUHOF,2007,8.3,6.236469,34.3005795,46.88596391,0.911276419,42.15015508,,,,8e,8,ENG,Lincolnshire,Westerly lowlands (England),Moderadamente Alcalino,7
RAGOWO,PZYHNGJDWT,2007,8.46,5.061463,27.8380465,56.70899862,1.358069399,24.92794804,,,,1e,1,ENG,Oxfordshire,Westerly lowlands (England),Moderadamente Alcalino,7
RMNIDX,ETIAZBNQMJ,2007,8.64,3.613515,19.8743325,41.73200336,1.399862641,17.64698432,0.2,4.199587922,17.8,3e,3,ENG,Cambridgeshire,Easterly lowlands (England),Moderadamente Alcalino,7
RSDMVR,DGAICKWQHY,2007,8.23,8.34706,45.90883,70.07836524,1.017645411,30.71418731,,,,2e,2,ENG,Wiltshire,Easterly lowlands (England),Moderadamente Alcalino,7
SCQIDT,EHALRZVDBG,2007,8.27,6.721379,36.9675845,60.76495602,1.095824118,26.65964238,0.35,5.753076619,33,9e,9,ENG,North East Lincolnshire Unitary Authority,Easterly lowlands (England),Moderadamente Alcalino,7
SKMZOO,QWRPYASSLG,2007,8.21,6.484673,35.6657015,,,26.36567982,,,,2e,2,ENG,Wiltshire,Easterly lowlands (England),Moderadamente Alcalino,7
SUADYK,GMRRGJRFKK,2007,8.11,4.349846,23.924153,48.3417259,1.347082894,26.09470096,0.19,3.839186249,28.2,11e,11,ENG,Oxfordshire,Easterly lowlands (England),Moderadamente Alcalino,7
SYFGLR,WTFNFXINJJ,2007,8.61,9.35874,51.47307,43.13235041,0.558639698,47.65636522,0.47,3.93840987,10,1e,1,ENG,Worcestershire,Westerly lowlands (England),Moderadamente Alcalino,7
TJPYWU,BIUISXCVHG,2007,8.05,6.894416,37.919288,50.39937754,0.886081643,43.64523956,0.32,4.253191888,15,12e,12,ENG,Lincolnshire,Easterly lowlands (England),Moderadamente Alcalino,7
YUGUQF,COYKIJCSUX,2007,8.48,5.843132,32.137226,62.19482304,1.29019273,25.42622082,0.29,5.612338377,54.4,4e,4,ENG,Norfolk,Easterly lowlands (England),Moderadamente Alcalino,7
YZQAFJ,ECIQUGWVPU,2007,8.32,4.271455436,23.4930049,51.77321346,1.469180966,17.06577411,0.21,4.627920044,39.8,3e,3,ENG,Suffolk,Easterly lowlands (England),Moderadamente Alcalino,7
UMWECN,DCEUCXIQLA,2007,8.09,13.63787,75.008285,76.46785786,0.679639215,36.95739946,,,,2e,2,ENG,West Sussex,Easterly lowlands (England),Moderadamente Alcalino,7
URCWKY,ZVCFAGQOLF,2007,8.33,2.358558,12.972069,,,16.87033425,,,,12e,12,ENG,Lincolnshire,Easterly lowlands (England),Moderadamente Alcalino,7
VLSKJS,MSFFARVFFS,2007,8.03,3.89406,21.41733,41.51705052,1.292319522,19.68418573,0.19,3.683110639,22,3e,3,ENG,Essex,Easterly lowlands (England),Moderadamente Alcalino,7
VRPIED,SDRTHHVFWS,2007,8.65,4.051636,22.283998,47.06774478,1.408117903,20.48162414,,,,3e,3,ENG,Suffolk,Easterly lowlands (England),Moderadamente Alcalino,7
WGFZAS,KYYMSHJUVR,2007,8.3,5.093646,28.015053,61.0887084,1.453711531,24.48530292,0.23,5.015304783,30.6,12e,12,ENG,Cambridgeshire,Easterly lowlands (England),Moderadamente Alcalino,7
WSXUFY,CBYWUZXCNK,2007,8.36,2.307839,12.6931145,22.9158801,1.203585881,8.434000544,,,,3e,3,ENG,Suffolk,Easterly lowlands (England),Moderadamente Alcalino,7
WSXUFY,UEAYAQPXRX,2007,8.48,2.410821,13.2595155,32.34036952,1.626020675,15.38526607,,,,3e,3,ENG,Suffolk,Easterly lowlands (England),Moderadamente Alcalino,7
XHCFPY,IYAYOZBIOM,2007,8.03,3.123498,17.179239,34.18857213,1.326739876,14.93257589,,,,12e,12,ENG,Nottinghamshire,Easterly lowlands (England),Moderadamente Alcalino,7
YGQIJY,HLSSAAWNVM,2007,8.26,6.568464,36.126552,65.53185739,1.209301816,28.00222154,0.37,6.711625077,64.4,11e,11,ENG,Milton Keynes Unitary Authority,Easterly lowlands (England),Moderadamente Alcalino,7
FTFESP,ULANTGWSIQ,2007,4.8,78.79816,433.38988,24.76285748,0.038091733,95.46472963,,,,18s,27,SCO,Argyll & Bute,Intermediate uplands and Islands (Scotland),Fuertemenete Ácido,2
JKSKLW,OUGBKMICFS,2007,4.32,91.24206,501.83133,48.85087837,0.06489681,94.15294941,,,,17w3,19,WAL,Dyfed,Uplands (Wales),Fuertemenete Ácido,2
QEYKPU,JXBGTCGMLZ,2007,4.48,19.91799,109.548945,91.10989643,0.554454732,46.33273137,,,,17w2,18,WAL,Powys,Uplands (Wales),Fuertemenete Ácido,2
CEXQGA,GGYHMMCLDP,2007,5.6,5.646922,31.058071,49.82473756,1.06949629,28.44597122,,,,25e,24,ENG,Cumbria,Easterly lowlands (England),Moderadamente Ácido,3
ARCCVB,UBXKVBXZGE,2007,5.6,8.363057,45.9968135,73.0544113,1.058832931,32.60172288,,,,6w,42,WAL,Dyfed,Lowlands (Wales),Moderadamente Ácido,3
MJNWTN,MGBOWYOPCK,2007,5.65,6.129582,33.712701,62.79604639,1.2417881,28.4787756,0.32,5.960582881,48.4,6e,6,ENG,Devon,Westerly lowlands (England),Moderadamente Ácido,3
OFVZDJ,ETQMAJNHIN,2007,5.73,39.59745,217.785975,139.8129568,0.427982738,50.46037337,1.83,11.74812616,8.02,17e,16,ENG,Devon,Uplands (England),Moderadamente Ácido,3
PVFUKI,TLKYWSRAHP,2007,5.85,7.063288,38.848084,60.52806911,1.038713932,30.68183425,,,,6e,6,ENG,Plymouth Unitary Authority,Westerly lowlands (England),Moderadamente Ácido,3
CLLBKV,SVEYQASMOQ,2007,6.3,24.81958,136.50769,77.41159437,0.378057306,68.47133494,1.12,6.351362747,12,15w,44,WAL,Dyfed,Lowlands (Wales),Levemenete Ácido,4
JABGJY,CMCDHLTCNF,2007,6.47,7.776048,42.768264,58.19617614,0.907155146,34.47432977,,,,17w3,19,WAL,Gwynedd,Uplands (Wales),Levemenete Ácido,4
QQXUFX,VDMVDURGZP,2007,6.05,8.600973,47.3053515,72.26518065,1.018421501,28.46297769,0.43,6.568818684,5.98,17w1,17,WAL,Powys,Uplands (Wales),Levemenete Ácido,4
MSRUTP,PUCLJJVOUT,2007,6.04,8.49397,46.716835,51.34896985,0.732768959,39.8849096,0.35,3.847037036,7,22s,30,SCO,Highland,True uplands (Scotland),Levemenete Ácido,4
RBWKUY,DSYKYIUCCO,2007,6.26,12.41585,68.287175,83.75379125,0.81766248,35.60255405,0.58,7.113663572,10,17w2,18,WAL,Powys,Uplands (Wales),Levemenete Ácido,4
ETBVQS,UPUMYZIHVX,2007,7.19,13.79726,75.88493,61.52983031,0.540553795,56.13529686,0.58,4.702818014,14.2,10e,10,ENG,North Yorkshire,Westerly lowlands (England),Neutro,5
IDAVFQ,HUVVUVAELT,2007,7.46,3.837137,21.1042535,47.71799667,1.507373752,13.82865879,0.18,4.06990913,82.8,9e,9,ENG,East Riding of Yorkshire Unitary Authority,Easterly lowlands (England),Neutro,5
ZBPEQL,ZURHXBTDNZ,2007,6.72,15.70459667,86.37528171,56.41290335,0.435409315,45.13395892,,,,7e,7,ENG,Devon,Westerly lowlands (England),Neutro,5
VFFKQD,CPVUFAVLAY,2007,7.49,6.924212,38.083166,63.68204042,1.114788976,22.69718176,0.31,5.183768736,57.3,9e,9,ENG,Oxfordshire,Easterly lowlands (England),Neutro,5
WFCADS,TWTYGFVZCT,2007,6.82,9.280834,51.044587,76.74259846,1.00229496,29.99132128,,,,1e,1,ENG,Dorset,Westerly lowlands (England),Neutro,5
HLJEQY,RXULMFUVRO,2007,7.66,7.777538,42.776459,52.48500155,0.817973293,30.07618342,,,,2e,2,ENG,Wiltshire,Easterly lowlands (England),Levemenete Alcalino,6
LIWOTB,NMEZJDLMQJ,2007,7.84,14.82105,81.515775,33.68477885,0.275486791,74.94388824,0.76,3.140549412,14.7,15e,14,ENG,Shropshire,Westerly lowlands (England),Levemenete Alcalino,6
UEZICR,FHESEIVTCH,2007,7.5,7.194047,39.5672585,39.40606426,0.663950713,24.90594685,0.36,3.585333853,50.3,7s,25,SCO,Dumfries & Galloway,Lowlands (Scotland),Levemenete Alcalino,6
VLSKJS,XFNFZGLPWA,2007,7.88,4.027092,22.149006,46.64529364,1.403984559,17.66596506,0.18,3.79075831,16.3,3e,3,ENG,Essex,Easterly lowlands (England),Levemenete Alcalino,6
HCFYIX,UWWZMPHWLB,2007,8.39,5.318442,29.251431,42.45614379,0.967614058,17.34574305,0.28,4.063979044,17.7,4e,4,ENG,Essex,Easterly lowlands (England),Moderadamente Alcalino,7
KUSXUZ,SSLCVJEXGX,2007,8.32,3.069138,16.880259,28.60409295,1.12968618,20.05435977,,,,4e,4,ENG,Lincolnshire,Easterly lowlands (England),Moderadamente Alcalino,7
KKQPEW,CUHZCDQXCY,2007,8.88,3.27856,18.03208,32.66355796,1.207609178,16.53221271,,,,30s,38,SCO,Eilean Siar,Intermediate uplands and Islands (Scotland),Moderadamente Alcalino,7
NMWCSX,TDLGFATZBP,2007,8.46,4.54201,24.981055,47.60353317,1.270390253,23.16914583,,,,3e,3,ENG,Hertfordshire,Easterly lowlands (England),Moderadamente Alcalino,7
TOIPRN,CVUEXJJRDA,2007,8.26,3.47839,19.131145,41.05651007,1.430704054,16.62696822,,,,3e,3,ENG,Norfolk,Easterly lowlands (England),Moderadamente Alcalino,7
WSXUFY,VVPRPMDZII,2007,8.01,2.223555,12.2295525,28.77076204,1.568373661,8.421262199,,,,3e,3,ENG,Suffolk,Easterly lowlands (England),Moderadamente Alcalino,7
XRLEIA,VKPGFTAVTP,2007,8.19,2.937304,16.155172,33.41448514,1.378897323,14.06312552,,,,9e,9,ENG,West Midlands,Easterly lowlands (England),Moderadamente Alcalino,7
